{
"type": "FeatureCollection",
"crs": { "type": "name", "properties": { "name": "urn:ogc:def:crs:EPSG::2154" } },
"features": [
{ "type": "Feature", "properties": { "id": 0, "id1": 1, "id2": 1162 }, "geometry": { "type": "LineString", "coordinates": [ [ 650243.977838375954889, 6864670.443646404892206 ], [ 650306.319599388283677, 6864670.683690845966339 ] ] } },
{ "type": "Feature", "properties": { "id": 4, "id1": 5, "id2": 1163 }, "geometry": { "type": "LineString", "coordinates": [ [ 649378.94946992828045, 6864558.304282291792333 ], [ 649385.417288855533116, 6864561.78770418651402 ] ] } },
{ "type": "Feature", "properties": { "id": 5, "id1": 6, "id2": 1238 }, "geometry": { "type": "LineString", "coordinates": [ [ 649915.332006644341163, 6864507.790649739094079 ], [ 649789.913420722004957, 6864386.61655883770436 ] ] } },
{ "type": "Feature", "properties": { "id": 6, "id1": 7, "id2": 1159 }, "geometry": { "type": "LineString", "coordinates": [ [ 650606.764545796788298, 6864489.048369940370321 ], [ 650629.442618334665895, 6864346.958087904378772 ] ] } },
{ "type": "Feature", "properties": { "id": 9, "id1": 8, "id2": 1058 }, "geometry": { "type": "LineString", "coordinates": [ [ 650971.151291510672309, 6865072.606955428607762 ], [ 650880.017182608833537, 6864776.445381491445005 ] ] } },
{ "type": "Feature", "properties": { "id": 11, "id1": 10, "id2": 862 }, "geometry": { "type": "LineString", "coordinates": [ [ 651777.70513920520898, 6862421.148809757083654 ], [ 651778.995709250797518, 6862420.990789231844246 ] ] } },
{ "type": "Feature", "properties": { "id": 12, "id1": 11, "id2": 685 }, "geometry": { "type": "LineString", "coordinates": [ [ 651837.979502142639831, 6862392.8954963022843 ], [ 651838.331860132748261, 6862392.450688841752708 ] ] } },
{ "type": "Feature", "properties": { "id": 13, "id1": 12, "id2": 901 }, "geometry": { "type": "LineString", "coordinates": [ [ 651877.33010689355433, 6862484.234015922993422 ], [ 651875.468158182920888, 6862483.179349578917027 ] ] } },
{ "type": "Feature", "properties": { "id": 14, "id1": 13, "id2": 1057 }, "geometry": { "type": "LineString", "coordinates": [ [ 651105.032433118438348, 6864776.810717754997313 ], [ 651129.636635165079497, 6864785.463605032302439 ] ] } },
{ "type": "Feature", "properties": { "id": 16, "id1": 15, "id2": 1011 }, "geometry": { "type": "LineString", "coordinates": [ [ 651818.525225617457181, 6864817.280038136057556 ], [ 651875.958889527246356, 6864875.498193929903209 ] ] } },
{ "type": "Feature", "properties": { "id": 18, "id1": 16, "id2": 1294 }, "geometry": { "type": "LineString", "coordinates": [ [ 651695.809033099678345, 6864689.820772396400571 ], [ 651875.057427807943895, 6864677.174614151008427 ] ] } },
{ "type": "Feature", "properties": { "id": 19, "id1": 17, "id2": 1010 }, "geometry": { "type": "LineString", "coordinates": [ [ 651629.039660129696131, 6864801.690892530605197 ], [ 651622.684672703268006, 6864799.33327207993716 ] ] } },
{ "type": "Feature", "properties": { "id": 20, "id1": 18, "id2": 1050 }, "geometry": { "type": "LineString", "coordinates": [ [ 651416.269519908935763, 6864582.023353180848062 ], [ 651403.415901372907683, 6864560.530498913489282 ] ] } },
{ "type": "Feature", "properties": { "id": 22, "id1": 20, "id2": 1008 }, "geometry": { "type": "LineString", "coordinates": [ [ 652151.771652264520526, 6864549.242426172830164 ], [ 652151.64338029443752, 6864549.017464363947511 ] ] } },
{ "type": "Feature", "properties": { "id": 23, "id1": 21, "id2": 1009 }, "geometry": { "type": "LineString", "coordinates": [ [ 652203.270213381852955, 6864859.547216385602951 ], [ 652202.908040942857042, 6864862.503752273507416 ] ] } },
{ "type": "Feature", "properties": { "id": 26, "id1": 24, "id2": 960 }, "geometry": { "type": "LineString", "coordinates": [ [ 652304.084193047019653, 6864184.089691607281566 ], [ 652304.861668417463079, 6864185.903497367165983 ] ] } },
{ "type": "Feature", "properties": { "id": 27, "id1": 25, "id2": 963 }, "geometry": { "type": "LineString", "coordinates": [ [ 652597.053104356629774, 6864617.238447180017829 ], [ 652591.163484729011543, 6864612.278037266805768 ] ] } },
{ "type": "Feature", "properties": { "id": 28, "id1": 26, "id2": 941 }, "geometry": { "type": "LineString", "coordinates": [ [ 651914.041016238392331, 6862582.88884599506855 ], [ 651913.524342884775251, 6862582.775315785780549 ] ] } },
{ "type": "Feature", "properties": { "id": 29, "id1": 27, "id2": 950 }, "geometry": { "type": "LineString", "coordinates": [ [ 651853.054885839344934, 6862601.390489241108298 ], [ 651852.382824579020962, 6862601.257617301307619 ] ] } },
{ "type": "Feature", "properties": { "id": 30, "id1": 28, "id2": 891 }, "geometry": { "type": "LineString", "coordinates": [ [ 651790.864756929106079, 6862618.33388839662075 ], [ 651790.018186888541095, 6862618.379186714068055 ] ] } },
{ "type": "Feature", "properties": { "id": 31, "id1": 96, "id2": 922 }, "geometry": { "type": "LineString", "coordinates": [ [ 652030.020005182595924, 6862601.432759430259466 ], [ 652001.901780687854625, 6862607.858731692656875 ] ] } },
{ "type": "Feature", "properties": { "id": 32, "id1": 29, "id2": 1142 }, "geometry": { "type": "LineString", "coordinates": [ [ 652110.42883117578458, 6862140.941469319164753 ], [ 652116.456670643296093, 6862141.05118425283581 ] ] } },
{ "type": "Feature", "properties": { "id": 33, "id1": 30, "id2": 782 }, "geometry": { "type": "LineString", "coordinates": [ [ 653013.102685744757764, 6864551.071960256434977 ], [ 652939.055130436783656, 6864161.578158366493881 ] ] } },
{ "type": "Feature", "properties": { "id": 38, "id1": 31, "id2": 806 }, "geometry": { "type": "LineString", "coordinates": [ [ 653111.111062553245574, 6865053.421883765608072 ], [ 653111.079549846006557, 6865058.511122639290988 ] ] } },
{ "type": "Feature", "properties": { "id": 39, "id1": 32, "id2": 809 }, "geometry": { "type": "LineString", "coordinates": [ [ 653236.752096112817526, 6864812.476985557936132 ], [ 653233.134105905774049, 6864779.437746544368565 ] ] } },
{ "type": "Feature", "properties": { "id": 41, "id1": 33, "id2": 810 }, "geometry": { "type": "LineString", "coordinates": [ [ 653248.732100610854104, 6864908.116800880990922 ], [ 653262.843270257581025, 6864981.310304188169539 ] ] } },
{ "type": "Feature", "properties": { "id": 43, "id1": 35, "id2": 814 }, "geometry": { "type": "LineString", "coordinates": [ [ 653534.184597785701044, 6865025.859540737234056 ], [ 653531.283679550280795, 6865030.439069652929902 ] ] } },
{ "type": "Feature", "properties": { "id": 44, "id1": 36, "id2": 812 }, "geometry": { "type": "LineString", "coordinates": [ [ 653372.843292061239481, 6864812.576088225468993 ], [ 653309.932004662463441, 6864670.209630893543363 ] ] } },
{ "type": "Feature", "properties": { "id": 47, "id1": 37, "id2": 850 }, "geometry": { "type": "LineString", "coordinates": [ [ 653677.375622286228463, 6864713.100610638968647 ], [ 653748.096448633586988, 6864607.713164706714451 ] ] } },
{ "type": "Feature", "properties": { "id": 49, "id1": 38, "id2": 852 }, "geometry": { "type": "LineString", "coordinates": [ [ 653661.528870665817522, 6864928.398508304730058 ], [ 653657.694984613335691, 6864931.367413563653827 ] ] } },
{ "type": "Feature", "properties": { "id": 50, "id1": 39, "id2": 813 }, "geometry": { "type": "LineString", "coordinates": [ [ 653553.051997818052769, 6864471.516803679056466 ], [ 653487.179179405211471, 6864649.256257221102715 ] ] } },
{ "type": "Feature", "properties": { "id": 55, "id1": 40, "id2": 1049 }, "geometry": { "type": "LineString", "coordinates": [ [ 651136.485034657292999, 6864513.359691850841045 ], [ 651138.315506634418853, 6864513.506959822960198 ] ] } },
{ "type": "Feature", "properties": { "id": 56, "id1": 41, "id2": 913 }, "geometry": { "type": "LineString", "coordinates": [ [ 651453.709865950630046, 6862624.596965482458472 ], [ 651453.041695670923218, 6862625.391515398398042 ] ] } },
{ "type": "Feature", "properties": { "id": 57, "id1": 42, "id2": 907 }, "geometry": { "type": "LineString", "coordinates": [ [ 651631.49686806416139, 6862580.872834982350469 ], [ 651631.326143826707266, 6862580.157645083963871 ] ] } },
{ "type": "Feature", "properties": { "id": 58, "id1": 43, "id2": 911 }, "geometry": { "type": "LineString", "coordinates": [ [ 651554.769634610391222, 6862600.843572759069502 ], [ 651554.58810807869304, 6862599.611201133579016 ] ] } },
{ "type": "Feature", "properties": { "id": 59, "id1": 44, "id2": 903 }, "geometry": { "type": "LineString", "coordinates": [ [ 651806.343307571136393, 6862507.809277544729412 ], [ 651805.967446668306366, 6862507.92734114639461 ] ] } },
{ "type": "Feature", "properties": { "id": 60, "id1": 45, "id2": 904 }, "geometry": { "type": "LineString", "coordinates": [ [ 651702.500417679315433, 6862493.297532076947391 ], [ 651699.392179640009999, 6862493.269273246638477 ] ] } },
{ "type": "Feature", "properties": { "id": 61, "id1": 46, "id2": 905 }, "geometry": { "type": "LineString", "coordinates": [ [ 651648.642689877306111, 6862485.89380513690412 ], [ 651645.600385065190494, 6862485.21732032764703 ] ] } },
{ "type": "Feature", "properties": { "id": 62, "id1": 47, "id2": 906 }, "geometry": { "type": "LineString", "coordinates": [ [ 651708.698139311047271, 6862559.620467961765826 ], [ 651707.202670321566984, 6862559.259061609394848 ] ] } },
{ "type": "Feature", "properties": { "id": 65, "id1": 48, "id2": 872 }, "geometry": { "type": "LineString", "coordinates": [ [ 651754.462223548092879, 6862349.664216112345457 ], [ 651753.64538536965847, 6862349.819724025204778 ] ] } },
{ "type": "Feature", "properties": { "id": 66, "id1": 49, "id2": 764 }, "geometry": { "type": "LineString", "coordinates": [ [ 652067.183606627047993, 6862755.144853848032653 ], [ 652063.413979997392744, 6862754.653232045471668 ] ] } },
{ "type": "Feature", "properties": { "id": 67, "id1": 50, "id2": 860 }, "geometry": { "type": "LineString", "coordinates": [ [ 651895.993554157670587, 6862293.941419933922589 ], [ 651897.180348403984681, 6862295.740828230977058 ] ] } },
{ "type": "Feature", "properties": { "id": 68, "id1": 51, "id2": 869 }, "geometry": { "type": "LineString", "coordinates": [ [ 651867.387753039016388, 6862231.683858470991254 ], [ 651868.920502941473387, 6862233.47483220603317 ] ] } },
{ "type": "Feature", "properties": { "id": 69, "id1": 52, "id2": 263 }, "geometry": { "type": "LineString", "coordinates": [ [ 651877.92449824209325, 6862377.553672477602959 ], [ 651878.108102650963701, 6862378.177608764730394 ] ] } },
{ "type": "Feature", "properties": { "id": 70, "id1": 53, "id2": 861 }, "geometry": { "type": "LineString", "coordinates": [ [ 651834.78054769616574, 6862320.571781357750297 ], [ 651836.187440953450277, 6862322.589380615390837 ] ] } },
{ "type": "Feature", "properties": { "id": 71, "id1": 54, "id2": 868 }, "geometry": { "type": "LineString", "coordinates": [ [ 651799.71098273631651, 6862258.109393215738237 ], [ 651799.716974760405719, 6862260.20914473477751 ] ] } },
{ "type": "Feature", "properties": { "id": 72, "id1": 55, "id2": 867 }, "geometry": { "type": "LineString", "coordinates": [ [ 651734.817123981309123, 6862284.635230612009764 ], [ 651738.394041570136324, 6862284.220746903680265 ] ] } },
{ "type": "Feature", "properties": { "id": 73, "id1": 56, "id2": 866 }, "geometry": { "type": "LineString", "coordinates": [ [ 651675.828454482834786, 6862357.353056941181421 ], [ 651675.300770532223396, 6862358.4549156781286 ] ] } },
{ "type": "Feature", "properties": { "id": 74, "id1": 57, "id2": 865 }, "geometry": { "type": "LineString", "coordinates": [ [ 651634.522251492249779, 6862329.159066433086991 ], [ 651637.638945958344266, 6862322.611804792657495 ] ] } },
{ "type": "Feature", "properties": { "id": 76, "id1": 58, "id2": 863 }, "geometry": { "type": "LineString", "coordinates": [ [ 651696.925773309310898, 6862418.20187068823725 ], [ 651697.927740127663128, 6862418.621454521082342 ] ] } },
{ "type": "Feature", "properties": { "id": 77, "id1": 59, "id2": 864 }, "geometry": { "type": "LineString", "coordinates": [ [ 651633.543651118292473, 6862410.659657468087971 ], [ 651632.772341149509884, 6862411.115288070403039 ] ] } },
{ "type": "Feature", "properties": { "id": 78, "id1": 60, "id2": 859 }, "geometry": { "type": "LineString", "coordinates": [ [ 651974.015415621106513, 6862297.693990630097687 ], [ 651974.503313215915114, 6862299.404992866329849 ] ] } },
{ "type": "Feature", "properties": { "id": 79, "id1": 61, "id2": 895 }, "geometry": { "type": "LineString", "coordinates": [ [ 651983.696375971077941, 6862337.204456805251539 ], [ 651983.75010815972928, 6862339.502693932503462 ] ] } },
{ "type": "Feature", "properties": { "id": 80, "id1": 62, "id2": 898 }, "geometry": { "type": "LineString", "coordinates": [ [ 651992.672311136499047, 6862411.964172061532736 ], [ 651992.794950148672797, 6862412.800633564591408 ] ] } },
{ "type": "Feature", "properties": { "id": 81, "id1": 63, "id2": 900 }, "geometry": { "type": "LineString", "coordinates": [ [ 651931.123166739358567, 6862453.586413455195725 ], [ 651931.320757806650363, 6862454.56090978346765 ] ] } },
{ "type": "Feature", "properties": { "id": 82, "id1": 64, "id2": 896 }, "geometry": { "type": "LineString", "coordinates": [ [ 652032.568804159411229, 6862351.941826530732214 ], [ 652033.782892444403842, 6862354.210300339385867 ] ] } },
{ "type": "Feature", "properties": { "id": 83, "id1": 65, "id2": 897 }, "geometry": { "type": "LineString", "coordinates": [ [ 652054.555950001580641, 6862382.5648378059268 ], [ 652055.127795138978399, 6862383.209328835830092 ] ] } },
{ "type": "Feature", "properties": { "id": 84, "id1": 66, "id2": 858 }, "geometry": { "type": "LineString", "coordinates": [ [ 651940.595178779447451, 6862259.909042844548821 ], [ 651940.507764039328322, 6862261.54210514947772 ] ] } },
{ "type": "Feature", "properties": { "id": 85, "id1": 67, "id2": 899 }, "geometry": { "type": "LineString", "coordinates": [ [ 652023.919751456123777, 6862457.877988316118717 ], [ 652024.835222699563019, 6862459.213447039946914 ] ] } },
{ "type": "Feature", "properties": { "id": 86, "id1": 68, "id2": 870 }, "geometry": { "type": "LineString", "coordinates": [ [ 651989.96216901182197, 6862182.100168897770345 ], [ 651992.785033597960137, 6862183.20656521152705 ] ] } },
{ "type": "Feature", "properties": { "id": 87, "id1": 69, "id2": 742 }, "geometry": { "type": "LineString", "coordinates": [ [ 651905.458595925942063, 6862215.011272254399955 ], [ 651906.722845180076547, 6862217.195076215080917 ] ] } },
{ "type": "Feature", "properties": { "id": 89, "id1": 70, "id2": 873 }, "geometry": { "type": "LineString", "coordinates": [ [ 651978.950732218450867, 6862240.104035302996635 ], [ 651978.86389099562075, 6862241.999953661113977 ] ] } },
{ "type": "Feature", "properties": { "id": 90, "id1": 71, "id2": 857 }, "geometry": { "type": "LineString", "coordinates": [ [ 652050.316068900399841, 6862231.655219749547541 ], [ 652053.584861403214745, 6862231.923280171118677 ] ] } },
{ "type": "Feature", "properties": { "id": 92, "id1": 72, "id2": 929 }, "geometry": { "type": "LineString", "coordinates": [ [ 652111.78137560444884, 6862416.513636035844684 ], [ 652114.821037770598195, 6862418.655686122365296 ] ] } },
{ "type": "Feature", "properties": { "id": 93, "id1": 73, "id2": 916 }, "geometry": { "type": "LineString", "coordinates": [ [ 652124.823531198198907, 6862345.370874701067805 ], [ 652125.554830929730088, 6862346.142856111750007 ] ] } },
{ "type": "Feature", "properties": { "id": 94, "id1": 74, "id2": 909 }, "geometry": { "type": "LineString", "coordinates": [ [ 652101.453745598089881, 6862290.177525120787323 ], [ 652102.505408633965999, 6862290.375063716433942 ] ] } },
{ "type": "Feature", "properties": { "id": 95, "id1": 75, "id2": 902 }, "geometry": { "type": "LineString", "coordinates": [ [ 652065.556207284913398, 6862310.333156786859035 ], [ 652065.142349988338538, 6862312.043635622598231 ] ] } },
{ "type": "Feature", "properties": { "id": 96, "id1": 76, "id2": 877 }, "geometry": { "type": "LineString", "coordinates": [ [ 652128.927722788299434, 6862382.944972525350749 ], [ 652130.395386035204865, 6862385.197765609249473 ] ] } },
{ "type": "Feature", "properties": { "id": 97, "id1": 77, "id2": 1274 }, "geometry": { "type": "LineString", "coordinates": [ [ 652076.701017249375582, 6862175.762789606116712 ], [ 652082.299467180273496, 6862176.612073519267142 ] ] } },
{ "type": "Feature", "properties": { "id": 98, "id1": 78, "id2": 914 }, "geometry": { "type": "LineString", "coordinates": [ [ 651416.548133654054254, 6862635.38596910238266 ], [ 651416.035365981399082, 6862636.75300064869225 ] ] } },
{ "type": "Feature", "properties": { "id": 99, "id1": 79, "id2": 1065 }, "geometry": { "type": "LineString", "coordinates": [ [ 651379.62845852447208, 6862564.697771918959916 ], [ 651360.867730778409168, 6862509.011864922009408 ] ] } },
{ "type": "Feature", "properties": { "id": 100, "id1": 81, "id2": 1130 }, "geometry": { "type": "LineString", "coordinates": [ [ 651292.414043601020239, 6862716.150196433998644 ], [ 651291.023251692648046, 6862716.893588372506201 ] ] } },
{ "type": "Feature", "properties": { "id": 101, "id1": 82, "id2": 1135 }, "geometry": { "type": "LineString", "coordinates": [ [ 651245.443362973164767, 6862669.272044413723052 ], [ 651244.760015411768109, 6862667.385734282433987 ] ] } },
{ "type": "Feature", "properties": { "id": 102, "id1": 83, "id2": 1038 }, "geometry": { "type": "LineString", "coordinates": [ [ 651211.012545442790724, 6862715.352652674540877 ], [ 651210.8992368405452, 6862715.121356431394815 ] ] } },
{ "type": "Feature", "properties": { "id": 103, "id1": 84, "id2": 1147 }, "geometry": { "type": "LineString", "coordinates": [ [ 651262.6150166625157, 6862745.310647021979094 ], [ 651261.403086332487874, 6862744.878080237656832 ] ] } },
{ "type": "Feature", "properties": { "id": 104, "id1": 85, "id2": 1148 }, "geometry": { "type": "LineString", "coordinates": [ [ 651245.140724277822301, 6862704.982997367158532 ], [ 651245.413588082999922, 6862704.592228229157627 ] ] } },
{ "type": "Feature", "properties": { "id": 105, "id1": 86, "id2": 915 }, "geometry": { "type": "LineString", "coordinates": [ [ 651385.477628250839189, 6862647.299490712583065 ], [ 651384.645048949634656, 6862650.60432924516499 ] ] } },
{ "type": "Feature", "properties": { "id": 106, "id1": 87, "id2": 1149 }, "geometry": { "type": "LineString", "coordinates": [ [ 651315.241829224862158, 6862570.958977725356817 ], [ 651292.265631098067388, 6862504.383594523184001 ] ] } },
{ "type": "Feature", "properties": { "id": 108, "id1": 100, "id2": 920 }, "geometry": { "type": "LineString", "coordinates": [ [ 652021.126824693870731, 6862576.93060745857656 ], [ 651996.371608005254529, 6862586.103308608755469 ] ] } },
{ "type": "Feature", "properties": { "id": 110, "id1": 102, "id2": 1172 }, "geometry": { "type": "LineString", "coordinates": [ [ 652010.682730317348614, 6862559.309994232840836 ], [ 652020.048413024749607, 6862559.834286262281239 ] ] } },
{ "type": "Feature", "properties": { "id": 111, "id1": 103, "id2": 1291 }, "geometry": { "type": "LineString", "coordinates": [ [ 651976.624429351184517, 6862538.200737538747489 ], [ 651977.42778276570607, 6862536.989550553262234 ] ] } },
{ "type": "Feature", "properties": { "id": 112, "id1": 88, "id2": 1152 }, "geometry": { "type": "LineString", "coordinates": [ [ 651211.525275578373112, 6862555.563445350155234 ], [ 651239.258660365827382, 6862614.04039173386991 ] ] } },
{ "type": "Feature", "properties": { "id": 116, "id1": 89, "id2": 1146 }, "geometry": { "type": "LineString", "coordinates": [ [ 651162.727591042057611, 6862729.870516209863126 ], [ 651174.707025567535311, 6862785.771812688559294 ] ] } },
{ "type": "Feature", "properties": { "id": 118, "id1": 90, "id2": 1145 }, "geometry": { "type": "LineString", "coordinates": [ [ 651155.978139700833708, 6862825.749539169482887 ], [ 651156.423728098045103, 6862826.746087994426489 ] ] } },
{ "type": "Feature", "properties": { "id": 119, "id1": 91, "id2": 856 }, "geometry": { "type": "LineString", "coordinates": [ [ 652126.690290119149722, 6862180.751923098228872 ], [ 652131.601365978014655, 6862179.78618686273694 ] ] } },
{ "type": "Feature", "properties": { "id": 121, "id1": 92, "id2": 499 }, "geometry": { "type": "LineString", "coordinates": [ [ 650781.620566783240065, 6862833.869135019369423 ], [ 651025.914605528698303, 6862618.870539041236043 ] ] } },
{ "type": "Feature", "properties": { "id": 133, "id1": 93, "id2": 1234 }, "geometry": { "type": "LineString", "coordinates": [ [ 651089.622792658396065, 6862737.618795798160136 ], [ 651079.638128406950273, 6862750.579162334091961 ] ] } },
{ "type": "Feature", "properties": { "id": 134, "id1": 94, "id2": 1235 }, "geometry": { "type": "LineString", "coordinates": [ [ 651072.188498348346911, 6862530.097034485079348 ], [ 651078.247694450081326, 6862533.253836188465357 ] ] } },
{ "type": "Feature", "properties": { "id": 135, "id1": 95, "id2": 921 }, "geometry": { "type": "LineString", "coordinates": [ [ 652058.857250543194823, 6862586.550850011408329 ], [ 652057.710401688236743, 6862585.782287272624671 ] ] } },
{ "type": "Feature", "properties": { "id": 136, "id1": 104, "id2": 919 }, "geometry": { "type": "LineString", "coordinates": [ [ 652041.002649338915944, 6862522.793955667875707 ], [ 652040.607174667879008, 6862522.758735210634768 ] ] } },
{ "type": "Feature", "properties": { "id": 137, "id1": 105, "id2": 918 }, "geometry": { "type": "LineString", "coordinates": [ [ 652030.719933150219731, 6862497.498096394352615 ], [ 652031.155897702090442, 6862497.133622315712273 ] ] } },
{ "type": "Feature", "properties": { "id": 139, "id1": 106, "id2": 890 }, "geometry": { "type": "LineString", "coordinates": [ [ 651728.841614902368747, 6862631.952180362306535 ], [ 651728.582507921033539, 6862632.317548539489508 ] ] } },
{ "type": "Feature", "properties": { "id": 140, "id1": 107, "id2": 871 }, "geometry": { "type": "LineString", "coordinates": [ [ 652082.894607108668424, 6862149.121256752870977 ], [ 652087.636261474108323, 6862147.670014533214271 ] ] } },
{ "type": "Feature", "properties": { "id": 141, "id1": 108, "id2": 917 }, "geometry": { "type": "LineString", "coordinates": [ [ 652126.483501063892618, 6862487.090949411503971 ], [ 652118.2343836146174, 6862458.575453625060618 ] ] } },
{ "type": "Feature", "properties": { "id": 143, "id1": 109, "id2": 599 }, "geometry": { "type": "LineString", "coordinates": [ [ 652198.944063370698132, 6862086.753512413240969 ], [ 652200.23178178363014, 6862085.180293370038271 ] ] } },
{ "type": "Feature", "properties": { "id": 144, "id1": 110, "id2": 597 }, "geometry": { "type": "LineString", "coordinates": [ [ 652153.603810067055747, 6862105.0641103470698 ], [ 652144.020292314351536, 6862119.940686811693013 ] ] } },
{ "type": "Feature", "properties": { "id": 146, "id1": 112, "id2": 596 }, "geometry": { "type": "LineString", "coordinates": [ [ 652158.561499523697421, 6862143.502670214511454 ], [ 652160.998844300745986, 6862143.394617217592895 ] ] } },
{ "type": "Feature", "properties": { "id": 147, "id1": 113, "id2": 598 }, "geometry": { "type": "LineString", "coordinates": [ [ 652188.865894393762574, 6862114.933612204156816 ], [ 652191.335744758718647, 6862113.984783277846873 ] ] } },
{ "type": "Feature", "properties": { "id": 148, "id1": 114, "id2": 595 }, "geometry": { "type": "LineString", "coordinates": [ [ 652213.57371028419584, 6862133.274259357713163 ], [ 652215.332363221910782, 6862133.445156801491976 ] ] } },
{ "type": "Feature", "properties": { "id": 149, "id1": 115, "id2": 749 }, "geometry": { "type": "LineString", "coordinates": [ [ 652149.822599542676471, 6862219.298885515891016 ], [ 652152.407676915870979, 6862217.608946313150227 ] ] } },
{ "type": "Feature", "properties": { "id": 150, "id1": 116, "id2": 737 }, "geometry": { "type": "LineString", "coordinates": [ [ 652196.395671933772974, 6862200.996663059107959 ], [ 652199.424260848900303, 6862199.757756156846881 ] ] } },
{ "type": "Feature", "properties": { "id": 151, "id1": 117, "id2": 96 }, "geometry": { "type": "LineString", "coordinates": [ [ 652245.027594232466072, 6862181.375582304783165 ], [ 652225.041679449146613, 6862214.810903619974852 ] ] } },
{ "type": "Feature", "properties": { "id": 153, "id1": 118, "id2": 750 }, "geometry": { "type": "LineString", "coordinates": [ [ 652146.3141350481892, 6862267.965895644389093 ], [ 652147.335124957491644, 6862267.999914574436843 ] ] } },
{ "type": "Feature", "properties": { "id": 154, "id1": 119, "id2": 751 }, "geometry": { "type": "LineString", "coordinates": [ [ 652178.051327467546798, 6862253.071760700084269 ], [ 652179.710993766086176, 6862253.863671075552702 ] ] } },
{ "type": "Feature", "properties": { "id": 155, "id1": 120, "id2": 594 }, "geometry": { "type": "LineString", "coordinates": [ [ 652293.189650693559088, 6862158.243566453456879 ], [ 652295.819207740365528, 6862156.380581026896834 ] ] } },
{ "type": "Feature", "properties": { "id": 156, "id1": 121, "id2": 748 }, "geometry": { "type": "LineString", "coordinates": [ [ 652185.095523345516995, 6862323.332600426860154 ], [ 652187.086047240183689, 6862324.278196892701089 ] ] } },
{ "type": "Feature", "properties": { "id": 157, "id1": 122, "id2": 740 }, "geometry": { "type": "LineString", "coordinates": [ [ 652250.410497091361322, 6862297.513203477486968 ], [ 652252.42737850046251, 6862299.074570305645466 ] ] } },
{ "type": "Feature", "properties": { "id": 158, "id1": 123, "id2": 738 }, "geometry": { "type": "LineString", "coordinates": [ [ 652229.965832247049548, 6862246.228713090531528 ], [ 652233.201252608327195, 6862245.82805591635406 ] ] } },
{ "type": "Feature", "properties": { "id": 159, "id1": 124, "id2": 745 }, "geometry": { "type": "LineString", "coordinates": [ [ 652248.556123178917915, 6862444.06639186386019 ], [ 652248.925477407523431, 6862444.581329312175512 ] ] } },
{ "type": "Feature", "properties": { "id": 160, "id1": 125, "id2": 747 }, "geometry": { "type": "LineString", "coordinates": [ [ 652269.776154756778851, 6862375.821673431433737 ], [ 652270.645097204251215, 6862377.995968244038522 ] ] } },
{ "type": "Feature", "properties": { "id": 161, "id1": 126, "id2": 746 }, "geometry": { "type": "LineString", "coordinates": [ [ 652214.137657452491112, 6862393.493930408731103 ], [ 652214.879999994765967, 6862395.423111418262124 ] ] } },
{ "type": "Feature", "properties": { "id": 162, "id1": 127, "id2": 926 }, "geometry": { "type": "LineString", "coordinates": [ [ 652203.715314348810352, 6862660.122206572443247 ], [ 652203.420142409857363, 6862661.908945708535612 ] ] } },
{ "type": "Feature", "properties": { "id": 163, "id1": 173, "id2": 229 }, "geometry": { "type": "LineString", "coordinates": [ [ 652250.740715893218294, 6861877.031929175369442 ], [ 652250.258875249419361, 6861880.145048142410815 ] ] } },
{ "type": "Feature", "properties": { "id": 164, "id1": 128, "id2": 925 }, "geometry": { "type": "LineString", "coordinates": [ [ 652137.639081537025049, 6862691.402408285997808 ], [ 652134.829206795897335, 6862691.564418687485158 ] ] } },
{ "type": "Feature", "properties": { "id": 165, "id1": 129, "id2": 927 }, "geometry": { "type": "LineString", "coordinates": [ [ 652173.598335427115671, 6862623.662343128584325 ], [ 652174.275757652008906, 6862624.63751932233572 ] ] } },
{ "type": "Feature", "properties": { "id": 166, "id1": 130, "id2": 928 }, "geometry": { "type": "LineString", "coordinates": [ [ 652153.114139975281432, 6862566.078978290781379 ], [ 652152.358902981854044, 6862567.432041647844017 ] ] } },
{ "type": "Feature", "properties": { "id": 167, "id1": 131, "id2": 765 }, "geometry": { "type": "LineString", "coordinates": [ [ 652219.557447298313491, 6862700.276881129480898 ], [ 652220.418520862003788, 6862701.807938342913985 ] ] } },
{ "type": "Feature", "properties": { "id": 168, "id1": 132, "id2": 763 }, "geometry": { "type": "LineString", "coordinates": [ [ 652124.891662436304614, 6862741.174552985467017 ], [ 652120.284493368235417, 6862742.724610581994057 ] ] } },
{ "type": "Feature", "properties": { "id": 169, "id1": 133, "id2": 754 }, "geometry": { "type": "LineString", "coordinates": [ [ 652188.820350874797441, 6862735.657369997352362 ], [ 652187.215646149939857, 6862738.87536474969238 ] ] } },
{ "type": "Feature", "properties": { "id": 170, "id1": 134, "id2": 923 }, "geometry": { "type": "LineString", "coordinates": [ [ 652025.446040973532945, 6862656.037376243621111 ], [ 652034.661659725592472, 6862630.568664166145027 ] ] } },
{ "type": "Feature", "properties": { "id": 172, "id1": 135, "id2": 1194 }, "geometry": { "type": "LineString", "coordinates": [ [ 652076.185627063503489, 6862645.229775270447135 ], [ 652082.714848066447303, 6862680.200905969366431 ] ] } },
{ "type": "Feature", "properties": { "id": 174, "id1": 137, "id2": 753 }, "geometry": { "type": "LineString", "coordinates": [ [ 652317.169847080949694, 6862360.656017982400954 ], [ 652318.286820707260631, 6862361.340789418667555 ] ] } },
{ "type": "Feature", "properties": { "id": 175, "id1": 138, "id2": 741 }, "geometry": { "type": "LineString", "coordinates": [ [ 652340.74902031570673, 6862423.274196348153055 ], [ 652341.917462761048228, 6862424.951557118445635 ] ] } },
{ "type": "Feature", "properties": { "id": 176, "id1": 139, "id2": 739 }, "geometry": { "type": "LineString", "coordinates": [ [ 652283.541408644523472, 6862258.265605452470481 ], [ 652287.098571081296541, 6862257.253020119853318 ] ] } },
{ "type": "Feature", "properties": { "id": 177, "id1": 140, "id2": 589 }, "geometry": { "type": "LineString", "coordinates": [ [ 652354.443913558148779, 6862091.003526571206748 ], [ 652355.48381341539789, 6862088.339719461277127 ] ] } },
{ "type": "Feature", "properties": { "id": 178, "id1": 141, "id2": 601 }, "geometry": { "type": "LineString", "coordinates": [ [ 652271.703713094233535, 6862089.752642130479217 ], [ 652274.232553830486722, 6862087.003349086269736 ] ] } },
{ "type": "Feature", "properties": { "id": 179, "id1": 142, "id2": 600 }, "geometry": { "type": "LineString", "coordinates": [ [ 652309.387961747706868, 6862028.038127374835312 ], [ 652308.056348960381001, 6862022.80686594452709 ] ] } },
{ "type": "Feature", "properties": { "id": 180, "id1": 143, "id2": 602 }, "geometry": { "type": "LineString", "coordinates": [ [ 652340.109028904349543, 6862047.045814579352736 ], [ 652341.685133607708849, 6862043.70036040712148 ] ] } },
{ "type": "Feature", "properties": { "id": 181, "id1": 144, "id2": 590 }, "geometry": { "type": "LineString", "coordinates": [ [ 652341.590264460188337, 6862146.068008481524885 ], [ 652344.987252175807953, 6862144.454501666128635 ] ] } },
{ "type": "Feature", "properties": { "id": 182, "id1": 145, "id2": 603 }, "geometry": { "type": "LineString", "coordinates": [ [ 652420.331622032797895, 6862092.364510650746524 ], [ 652421.976535164401866, 6862089.930117649957538 ] ] } },
{ "type": "Feature", "properties": { "id": 183, "id1": 146, "id2": 592 }, "geometry": { "type": "LineString", "coordinates": [ [ 652333.013814422534779, 6862267.355395613238215 ], [ 652336.447541706147604, 6862267.149724574759603 ] ] } },
{ "type": "Feature", "properties": { "id": 184, "id1": 147, "id2": 593 }, "geometry": { "type": "LineString", "coordinates": [ [ 652314.864231977146119, 6862222.825667855329812 ], [ 652317.976623770897277, 6862222.117890791967511 ] ] } },
{ "type": "Feature", "properties": { "id": 185, "id1": 148, "id2": 591 }, "geometry": { "type": "LineString", "coordinates": [ [ 652384.385748372529633, 6862208.024900291115046 ], [ 652386.614259532187134, 6862206.699644501321018 ] ] } },
{ "type": "Feature", "properties": { "id": 186, "id1": 149, "id2": 587 }, "geometry": { "type": "LineString", "coordinates": [ [ 652465.764841727097519, 6862169.649657565169036 ], [ 652465.896661953534931, 6862168.150712845847011 ] ] } },
{ "type": "Feature", "properties": { "id": 187, "id1": 150, "id2": 435 }, "geometry": { "type": "LineString", "coordinates": [ [ 652497.264417062397115, 6862040.771515445783734 ], [ 652502.356265610200353, 6862041.114329781383276 ] ] } },
{ "type": "Feature", "properties": { "id": 188, "id1": 174, "id2": 252 }, "geometry": { "type": "LineString", "coordinates": [ [ 652273.662650813930668, 6861862.417715998366475 ], [ 652272.511656434973702, 6861865.418920583091676 ] ] } },
{ "type": "Feature", "properties": { "id": 189, "id1": 151, "id2": 604 }, "geometry": { "type": "LineString", "coordinates": [ [ 652537.246436464018188, 6862135.926632169634104 ], [ 652536.346492200042121, 6862134.840573533438146 ] ] } },
{ "type": "Feature", "properties": { "id": 190, "id1": 152, "id2": 436 }, "geometry": { "type": "LineString", "coordinates": [ [ 652600.693506494397298, 6861988.816679507493973 ], [ 652600.48196161526721, 6861989.048331284895539 ] ] } },
{ "type": "Feature", "properties": { "id": 192, "id1": 154, "id2": 637 }, "geometry": { "type": "LineString", "coordinates": [ [ 652575.14118500542827, 6862107.30113179422915 ], [ 652573.665765811805613, 6862107.408867341466248 ] ] } },
{ "type": "Feature", "properties": { "id": 193, "id1": 155, "id2": 752 }, "geometry": { "type": "LineString", "coordinates": [ [ 652415.21459585649427, 6862644.151006539352238 ], [ 652403.373966628336348, 6862605.025717060081661 ] ] } },
{ "type": "Feature", "properties": { "id": 195, "id1": 156, "id2": 734 }, "geometry": { "type": "LineString", "coordinates": [ [ 652364.09419357276056, 6862491.537225631996989 ], [ 652365.357137071317993, 6862493.373047928325832 ] ] } },
{ "type": "Feature", "properties": { "id": 196, "id1": 157, "id2": 744 }, "geometry": { "type": "LineString", "coordinates": [ [ 652319.726103765657172, 6862742.223900956101716 ], [ 652321.521668537054211, 6862744.392644110135734 ] ] } },
{ "type": "Feature", "properties": { "id": 197, "id1": 158, "id2": 743 }, "geometry": { "type": "LineString", "coordinates": [ [ 652380.551867985050194, 6862730.62408150639385 ], [ 652318.505070094950497, 6862606.539931056089699 ] ] } },
{ "type": "Feature", "properties": { "id": 199, "id1": 160, "id2": 583 }, "geometry": { "type": "LineString", "coordinates": [ [ 652455.062048958265223, 6862493.194000069051981 ], [ 652455.225517577840947, 6862493.886067902669311 ] ] } },
{ "type": "Feature", "properties": { "id": 200, "id1": 161, "id2": 586 }, "geometry": { "type": "LineString", "coordinates": [ [ 652430.364777998300269, 6862441.395484332926571 ], [ 652433.522267574560829, 6862442.155223729088902 ] ] } },
{ "type": "Feature", "properties": { "id": 201, "id1": 162, "id2": 580 }, "geometry": { "type": "LineString", "coordinates": [ [ 652412.611499723861925, 6862338.964008648879826 ], [ 652415.074314245488495, 6862339.986230387352407 ] ] } },
{ "type": "Feature", "properties": { "id": 202, "id1": 163, "id2": 579 }, "geometry": { "type": "LineString", "coordinates": [ [ 652393.02703303960152, 6862372.327447182498872 ], [ 652393.386006426182576, 6862373.953695161268115 ] ] } },
{ "type": "Feature", "properties": { "id": 203, "id1": 164, "id2": 416 }, "geometry": { "type": "LineString", "coordinates": [ [ 652303.739965340355411, 6861723.917027757503092 ], [ 652300.360043837456033, 6861723.89218960609287 ] ] } },
{ "type": "Feature", "properties": { "id": 204, "id1": 165, "id2": 397 }, "geometry": { "type": "LineString", "coordinates": [ [ 652382.089411093736999, 6861670.441931537352502 ], [ 652377.020768721704371, 6861665.690108437091112 ] ] } },
{ "type": "Feature", "properties": { "id": 205, "id1": 166, "id2": 394 }, "geometry": { "type": "LineString", "coordinates": [ [ 652370.577570514637046, 6861758.293228268623352 ], [ 652368.644494712236337, 6861757.510517090559006 ] ] } },
{ "type": "Feature", "properties": { "id": 206, "id1": 167, "id2": 395 }, "geometry": { "type": "LineString", "coordinates": [ [ 652346.352136394241825, 6861841.435178934596479 ], [ 652385.053852658253163, 6861794.488455825485289 ] ] } },
{ "type": "Feature", "properties": { "id": 211, "id1": 170, "id2": 419 }, "geometry": { "type": "LineString", "coordinates": [ [ 652281.055268118507229, 6861830.552058659493923 ], [ 652278.714139586663805, 6861831.753360734321177 ] ] } },
{ "type": "Feature", "properties": { "id": 212, "id1": 171, "id2": 420 }, "geometry": { "type": "LineString", "coordinates": [ [ 652310.486949326703325, 6861809.604689992032945 ], [ 652309.169801420881413, 6861810.554990960285068 ] ] } },
{ "type": "Feature", "properties": { "id": 213, "id1": 172, "id2": 341 }, "geometry": { "type": "LineString", "coordinates": [ [ 652238.99661080725491, 6861838.8034344650805 ], [ 652236.832143830833957, 6861839.816683015786111 ] ] } },
{ "type": "Feature", "properties": { "id": 214, "id1": 175, "id2": 401 }, "geometry": { "type": "LineString", "coordinates": [ [ 652214.479488912969828, 6861901.864638678729534 ], [ 652213.68002802063711, 6861891.646118871867657 ] ] } },
{ "type": "Feature", "properties": { "id": 215, "id1": 176, "id2": 204 }, "geometry": { "type": "LineString", "coordinates": [ [ 652189.633753802045248, 6861862.931115488521755 ], [ 652187.316650544991717, 6861862.377200577408075 ] ] } },
{ "type": "Feature", "properties": { "id": 216, "id1": 177, "id2": 414 }, "geometry": { "type": "LineString", "coordinates": [ [ 652257.483700033626519, 6861786.422039679251611 ], [ 652254.392961453530006, 6861785.196867632679641 ] ] } },
{ "type": "Feature", "properties": { "id": 217, "id1": 178, "id2": 1250 }, "geometry": { "type": "LineString", "coordinates": [ [ 652100.79393107118085, 6861946.130751332268119 ], [ 652099.51770129497163, 6861949.143405632115901 ] ] } },
{ "type": "Feature", "properties": { "id": 218, "id1": 180, "id2": 415 }, "geometry": { "type": "LineString", "coordinates": [ [ 652227.981485356809571, 6861791.631633103825152 ], [ 652224.864545744261704, 6861790.719484808854759 ] ] } },
{ "type": "Feature", "properties": { "id": 219, "id1": 181, "id2": 413 }, "geometry": { "type": "LineString", "coordinates": [ [ 652230.284793519880623, 6861750.999594728462398 ], [ 652226.786166527192108, 6861749.356669867411256 ] ] } },
{ "type": "Feature", "properties": { "id": 220, "id1": 182, "id2": 412 }, "geometry": { "type": "LineString", "coordinates": [ [ 652194.406235473579727, 6861806.403326643630862 ], [ 652192.082151688402519, 6861804.928538296371698 ] ] } },
{ "type": "Feature", "properties": { "id": 221, "id1": 183, "id2": 411 }, "geometry": { "type": "LineString", "coordinates": [ [ 652182.886107862810604, 6861757.855042084120214 ], [ 652179.029747578082606, 6861755.969145800918341 ] ] } },
{ "type": "Feature", "properties": { "id": 222, "id1": 184, "id2": 392 }, "geometry": { "type": "LineString", "coordinates": [ [ 652151.3393799563637, 6861798.509540873579681 ], [ 652166.107572656823322, 6861839.010362858884037 ] ] } },
{ "type": "Feature", "properties": { "id": 224, "id1": 185, "id2": 409 }, "geometry": { "type": "LineString", "coordinates": [ [ 652117.48950947728008, 6861811.912768782116473 ], [ 652114.830859700683504, 6861811.07853392418474 ] ] } },
{ "type": "Feature", "properties": { "id": 225, "id1": 186, "id2": 408 }, "geometry": { "type": "LineString", "coordinates": [ [ 652085.225737704429775, 6861837.288986282423139 ], [ 652082.192631384823471, 6861835.899414933286607 ] ] } },
{ "type": "Feature", "properties": { "id": 226, "id1": 187, "id2": 404 }, "geometry": { "type": "LineString", "coordinates": [ [ 652107.61910757003352, 6861891.792577528394759 ], [ 652108.155424392665736, 6861891.821521816775203 ] ] } },
{ "type": "Feature", "properties": { "id": 227, "id1": 188, "id2": 406 }, "geometry": { "type": "LineString", "coordinates": [ [ 652141.741698976140469, 6861880.420505031943321 ], [ 652139.877627055393532, 6861880.144847167655826 ] ] } },
{ "type": "Feature", "properties": { "id": 228, "id1": 189, "id2": 407 }, "geometry": { "type": "LineString", "coordinates": [ [ 652074.434348179842345, 6861918.286128273233771 ], [ 652136.168425918091089, 6861910.691167429089546 ] ] } },
{ "type": "Feature", "properties": { "id": 231, "id1": 190, "id2": 402 }, "geometry": { "type": "LineString", "coordinates": [ [ 652026.324521469068713, 6861845.598159654997289 ], [ 652022.270050997845829, 6861845.396862943656743 ] ] } },
{ "type": "Feature", "properties": { "id": 232, "id1": 191, "id2": 422 }, "geometry": { "type": "LineString", "coordinates": [ [ 651987.879748540231958, 6861799.200969188474119 ], [ 651983.805022774264216, 6861798.018804175779223 ] ] } },
{ "type": "Feature", "properties": { "id": 233, "id1": 192, "id2": 400 }, "geometry": { "type": "LineString", "coordinates": [ [ 652062.93314842088148, 6861758.227911923080683 ], [ 652058.982393669895828, 6861756.741586265154183 ] ] } },
{ "type": "Feature", "properties": { "id": 234, "id1": 193, "id2": 396 }, "geometry": { "type": "LineString", "coordinates": [ [ 652158.080441553727724, 6861728.034666849300265 ], [ 652152.470651539857499, 6861725.82598877325654 ] ] } },
{ "type": "Feature", "properties": { "id": 235, "id1": 210, "id2": 384 }, "geometry": { "type": "LineString", "coordinates": [ [ 652970.659725106554106, 6861434.577778282575309 ], [ 652973.280775120598264, 6861438.178917501121759 ] ] } },
{ "type": "Feature", "properties": { "id": 236, "id1": 211, "id2": 387 }, "geometry": { "type": "LineString", "coordinates": [ [ 652814.630494262673892, 6861431.689949668943882 ], [ 652815.299033595714718, 6861433.126470089890063 ] ] } },
{ "type": "Feature", "properties": { "id": 237, "id1": 194, "id2": 393 }, "geometry": { "type": "LineString", "coordinates": [ [ 652437.127040959312581, 6861645.090642809867859 ], [ 652346.800105733214878, 6861594.994256678037345 ] ] } },
{ "type": "Feature", "properties": { "id": 239, "id1": 195, "id2": 172 }, "geometry": { "type": "LineString", "coordinates": [ [ 651767.537079384201206, 6862061.912514825351536 ], [ 651760.64221524912864, 6862065.277818963862956 ] ] } },
{ "type": "Feature", "properties": { "id": 241, "id1": 197, "id2": 171 }, "geometry": { "type": "LineString", "coordinates": [ [ 651692.932288589538075, 6862058.142895565368235 ], [ 651732.274004716076888, 6862017.133912738412619 ] ] } },
{ "type": "Feature", "properties": { "id": 243, "id1": 199, "id2": 888 }, "geometry": { "type": "LineString", "coordinates": [ [ 651652.182924660504796, 6862670.032753345556557 ], [ 651651.212649968103506, 6862670.023576431907713 ] ] } },
{ "type": "Feature", "properties": { "id": 244, "id1": 200, "id2": 176 }, "geometry": { "type": "LineString", "coordinates": [ [ 651896.074122025747783, 6861951.076923491433263 ], [ 651892.317557310336269, 6861953.782824629917741 ] ] } },
{ "type": "Feature", "properties": { "id": 248, "id1": 203, "id2": 398 }, "geometry": { "type": "LineString", "coordinates": [ [ 652167.363017137744464, 6861628.000655921176076 ], [ 652156.314499646076001, 6861629.814652670174837 ] ] } },
{ "type": "Feature", "properties": { "id": 250, "id1": 204, "id2": 359 }, "geometry": { "type": "LineString", "coordinates": [ [ 652610.87250488542486, 6861637.552293480373919 ], [ 652609.977715343120508, 6861637.224028955213726 ] ] } },
{ "type": "Feature", "properties": { "id": 251, "id1": 205, "id2": 379 }, "geometry": { "type": "LineString", "coordinates": [ [ 652598.210841735824943, 6861561.962433390319347 ], [ 652598.126644542091526, 6861562.403291713446379 ] ] } },
{ "type": "Feature", "properties": { "id": 252, "id1": 206, "id2": 389 }, "geometry": { "type": "LineString", "coordinates": [ [ 652670.298897267784923, 6861506.980015126988292 ], [ 652670.551386700943112, 6861508.1234389282763 ] ] } },
{ "type": "Feature", "properties": { "id": 253, "id1": 207, "id2": 390 }, "geometry": { "type": "LineString", "coordinates": [ [ 652738.01947988208849, 6861568.533235552720726 ], [ 652737.850074751535431, 6861569.107692192308605 ] ] } },
{ "type": "Feature", "properties": { "id": 254, "id1": 208, "id2": 388 }, "geometry": { "type": "LineString", "coordinates": [ [ 652732.657505445531569, 6861476.691547730006278 ], [ 652733.321556504117325, 6861478.612229630351067 ] ] } },
{ "type": "Feature", "properties": { "id": 255, "id1": 209, "id2": 391 }, "geometry": { "type": "LineString", "coordinates": [ [ 652855.92319727758877, 6861503.183140351437032 ], [ 652857.372279166127555, 6861504.695393415167928 ] ] } },
{ "type": "Feature", "properties": { "id": 256, "id1": 274, "id2": 1005 }, "geometry": { "type": "LineString", "coordinates": [ [ 652103.113417656393722, 6864202.807104464620352 ], [ 652101.643851756583899, 6864205.192620486952364 ] ] } },
{ "type": "Feature", "properties": { "id": 257, "id1": 212, "id2": 386 }, "geometry": { "type": "LineString", "coordinates": [ [ 652950.030934556387365, 6861355.535882106982172 ], [ 652952.654821147443727, 6861358.628539566881955 ] ] } },
{ "type": "Feature", "properties": { "id": 258, "id1": 213, "id2": 1164 }, "geometry": { "type": "LineString", "coordinates": [ [ 648729.781965728267096, 6864455.455033828504384 ], [ 648729.804133072611876, 6864461.140171411447227 ] ] } },
{ "type": "Feature", "properties": { "id": 259, "id1": 214, "id2": 1167 }, "geometry": { "type": "LineString", "coordinates": [ [ 648981.161657711490989, 6864315.083675320260227 ], [ 648975.218543377006426, 6864316.433222086168826 ] ] } },
{ "type": "Feature", "properties": { "id": 260, "id1": 215, "id2": 887 }, "geometry": { "type": "LineString", "coordinates": [ [ 651556.393336672103032, 6862685.940173499286175 ], [ 651556.353727485984564, 6862685.966526151634753 ] ] } },
{ "type": "Feature", "properties": { "id": 261, "id1": 216, "id2": 1168 }, "geometry": { "type": "LineString", "coordinates": [ [ 649280.578137983335182, 6864057.965179827995598 ], [ 649458.932132674264722, 6863904.736188753508031 ] ] } },
{ "type": "Feature", "properties": { "id": 263, "id1": 217, "id2": 1104 }, "geometry": { "type": "LineString", "coordinates": [ [ 649115.515353407361545, 6864028.309257099404931 ], [ 649109.500005412846804, 6864031.653154298663139 ] ] } },
{ "type": "Feature", "properties": { "id": 264, "id1": 218, "id2": 1102 }, "geometry": { "type": "LineString", "coordinates": [ [ 649279.70180148165673, 6863904.276000888086855 ], [ 649194.350476562394761, 6863859.490703955292702 ] ] } },
{ "type": "Feature", "properties": { "id": 265, "id1": 219, "id2": 1103 }, "geometry": { "type": "LineString", "coordinates": [ [ 648950.125002499786206, 6863895.118142205290496 ], [ 648950.528245453489944, 6863898.226145680062473 ] ] } },
{ "type": "Feature", "properties": { "id": 267, "id1": 221, "id2": 1089 }, "geometry": { "type": "LineString", "coordinates": [ [ 649374.997630790108815, 6863755.894685589708388 ], [ 649372.869703516829759, 6863757.276974538341165 ] ] } },
{ "type": "Feature", "properties": { "id": 268, "id1": 222, "id2": 1101 }, "geometry": { "type": "LineString", "coordinates": [ [ 649184.139121937565506, 6863642.523341935127974 ], [ 649182.180606027483009, 6863647.447232455015182 ] ] } },
{ "type": "Feature", "properties": { "id": 269, "id1": 223, "id2": 1090 }, "geometry": { "type": "LineString", "coordinates": [ [ 649019.516851486987434, 6863724.094784250482917 ], [ 649013.51835542882327, 6863726.007113113999367 ] ] } },
{ "type": "Feature", "properties": { "id": 270, "id1": 224, "id2": 492 }, "geometry": { "type": "LineString", "coordinates": [ [ 649340.504103251732886, 6863567.854745974764228 ], [ 649465.912527940003201, 6863535.599297117441893 ] ] } },
{ "type": "Feature", "properties": { "id": 272, "id1": 225, "id2": 1088 }, "geometry": { "type": "LineString", "coordinates": [ [ 649470.539643417112529, 6863650.922989124432206 ], [ 649446.41233116236981, 6863681.454497490078211 ] ] } },
{ "type": "Feature", "properties": { "id": 274, "id1": 226, "id2": 1105 }, "geometry": { "type": "LineString", "coordinates": [ [ 648687.940528204315342, 6864096.537545024417341 ], [ 648687.081630846834742, 6864096.358201165683568 ] ] } },
{ "type": "Feature", "properties": { "id": 275, "id1": 227, "id2": 1097 }, "geometry": { "type": "LineString", "coordinates": [ [ 648741.262293378007598, 6863691.043658564798534 ], [ 648742.082149351364933, 6863691.860405813902617 ] ] } },
{ "type": "Feature", "properties": { "id": 276, "id1": 228, "id2": 1128 }, "geometry": { "type": "LineString", "coordinates": [ [ 648589.775141640217043, 6863592.105345320887864 ], [ 648592.365060244686902, 6863596.481556124053895 ] ] } },
{ "type": "Feature", "properties": { "id": 277, "id1": 229, "id2": 1091 }, "geometry": { "type": "LineString", "coordinates": [ [ 648397.263550704461522, 6863714.376144137233496 ], [ 648350.267538545769639, 6863658.401298412121832 ] ] } },
{ "type": "Feature", "properties": { "id": 278, "id1": 242, "id2": 1181 }, "geometry": { "type": "LineString", "coordinates": [ [ 649910.608394531183876, 6863785.485449844971299 ], [ 649908.384019831079058, 6863784.090501083992422 ] ] } },
{ "type": "Feature", "properties": { "id": 279, "id1": 474, "id2": 326 }, "geometry": { "type": "LineString", "coordinates": [ [ 649383.946589212166145, 6862449.7708057500422 ], [ 649370.290935149998404, 6862494.845701250247657 ] ] } },
{ "type": "Feature", "properties": { "id": 280, "id1": 230, "id2": 1165 }, "geometry": { "type": "LineString", "coordinates": [ [ 649539.350397991598584, 6864128.611259910278022 ], [ 649484.803954647737555, 6864120.875443663448095 ] ] } },
{ "type": "Feature", "properties": { "id": 284, "id1": 232, "id2": 1166 }, "geometry": { "type": "LineString", "coordinates": [ [ 649921.413991480600089, 6864089.407147858291864 ], [ 649934.247912315302528, 6864091.471316748298705 ] ] } },
{ "type": "Feature", "properties": { "id": 286, "id1": 234, "id2": 1179 }, "geometry": { "type": "LineString", "coordinates": [ [ 649664.464054409181699, 6863886.811571225523949 ], [ 649663.205258540809155, 6863884.944832049310207 ] ] } },
{ "type": "Feature", "properties": { "id": 287, "id1": 235, "id2": 1098 }, "geometry": { "type": "LineString", "coordinates": [ [ 649602.368346306611784, 6863706.978735893033445 ], [ 649577.507234584307298, 6863675.471934143453836 ] ] } },
{ "type": "Feature", "properties": { "id": 288, "id1": 236, "id2": 1177 }, "geometry": { "type": "LineString", "coordinates": [ [ 649683.652538640424609, 6863792.703171145170927 ], [ 649670.952093011001125, 6863793.339468384161592 ] ] } },
{ "type": "Feature", "properties": { "id": 293, "id1": 241, "id2": 1180 }, "geometry": { "type": "LineString", "coordinates": [ [ 649780.319056629901752, 6863778.232356592081487 ], [ 649778.665510903694667, 6863779.189465525560081 ] ] } },
{ "type": "Feature", "properties": { "id": 294, "id1": 587, "id2": 1186 }, "geometry": { "type": "LineString", "coordinates": [ [ 649929.542441353667527, 6863652.282322779297829 ], [ 649928.642370537505485, 6863653.601146603003144 ] ] } },
{ "type": "Feature", "properties": { "id": 295, "id1": 243, "id2": 1178 }, "geometry": { "type": "LineString", "coordinates": [ [ 650029.740350748295896, 6863841.758263193070889 ], [ 650030.153893550625071, 6863842.026381261646748 ] ] } },
{ "type": "Feature", "properties": { "id": 296, "id1": 244, "id2": 1175 }, "geometry": { "type": "LineString", "coordinates": [ [ 649959.060481507563964, 6863962.085226004011929 ], [ 650022.197894321638159, 6863971.854329954832792 ] ] } },
{ "type": "Feature", "properties": { "id": 298, "id1": 245, "id2": 1157 }, "geometry": { "type": "LineString", "coordinates": [ [ 649944.250573061755858, 6864220.130423547700047 ], [ 649946.74692463921383, 6864221.814446184784174 ] ] } },
{ "type": "Feature", "properties": { "id": 299, "id1": 246, "id2": 1174 }, "geometry": { "type": "LineString", "coordinates": [ [ 650044.152138476260006, 6864095.578756961971521 ], [ 650043.453655734541826, 6864091.879377452656627 ] ] } },
{ "type": "Feature", "properties": { "id": 300, "id1": 247, "id2": 1161 }, "geometry": { "type": "LineString", "coordinates": [ [ 650209.064942265627906, 6864246.035519714467227 ], [ 650193.106927500921302, 6864250.181442556902766 ] ] } },
{ "type": "Feature", "properties": { "id": 301, "id1": 248, "id2": 1237 }, "geometry": { "type": "LineString", "coordinates": [ [ 650137.094617058406584, 6864203.151209915988147 ], [ 650133.922044430859387, 6864204.188438418321311 ] ] } },
{ "type": "Feature", "properties": { "id": 302, "id1": 249, "id2": 1173 }, "geometry": { "type": "LineString", "coordinates": [ [ 650221.74355256347917, 6864141.943199140019715 ], [ 650221.970144693506882, 6864144.449439050629735 ] ] } },
{ "type": "Feature", "properties": { "id": 303, "id1": 250, "id2": 1188 }, "geometry": { "type": "LineString", "coordinates": [ [ 650129.416783286025748, 6863696.065125570632517 ], [ 650127.454996003187262, 6863698.260941336862743 ] ] } },
{ "type": "Feature", "properties": { "id": 304, "id1": 251, "id2": 1195 }, "geometry": { "type": "LineString", "coordinates": [ [ 650196.130015167174861, 6863917.96768266800791 ], [ 650195.618380964966491, 6863916.95776688400656 ] ] } },
{ "type": "Feature", "properties": { "id": 305, "id1": 252, "id2": 1190 }, "geometry": { "type": "LineString", "coordinates": [ [ 650360.775656801532023, 6863886.83917495701462 ], [ 650311.731009179726243, 6863772.090294383466244 ] ] } },
{ "type": "Feature", "properties": { "id": 308, "id1": 253, "id2": 1068 }, "geometry": { "type": "LineString", "coordinates": [ [ 650609.625302947242744, 6864080.871216712519526 ], [ 650609.08046460186597, 6864083.490777831524611 ] ] } },
{ "type": "Feature", "properties": { "id": 309, "id1": 254, "id2": 1055 }, "geometry": { "type": "LineString", "coordinates": [ [ 650540.227356430375949, 6863950.853661986999214 ], [ 650540.150050148251466, 6863950.532976497896016 ] ] } },
{ "type": "Feature", "properties": { "id": 310, "id1": 255, "id2": 1067 }, "geometry": { "type": "LineString", "coordinates": [ [ 650680.371880103251897, 6863943.273307069204748 ], [ 650679.923826627782546, 6863943.1617829548195 ] ] } },
{ "type": "Feature", "properties": { "id": 311, "id1": 256, "id2": 1070 }, "geometry": { "type": "LineString", "coordinates": [ [ 650548.733674074988812, 6863708.869343178346753 ], [ 650552.184595427941531, 6863704.450043897144496 ] ] } },
{ "type": "Feature", "properties": { "id": 313, "id1": 257, "id2": 1048 }, "geometry": { "type": "LineString", "coordinates": [ [ 651090.34322270960547, 6864351.023373165167868 ], [ 651092.199410338071175, 6864351.596576124429703 ] ] } },
{ "type": "Feature", "properties": { "id": 314, "id1": 273, "id2": 1004 }, "geometry": { "type": "LineString", "coordinates": [ [ 652163.842369607067667, 6864228.679661504924297 ], [ 652162.947264371206984, 6864229.365297645330429 ] ] } },
{ "type": "Feature", "properties": { "id": 316, "id1": 259, "id2": 1069 }, "geometry": { "type": "LineString", "coordinates": [ [ 650892.274515317054465, 6864131.792983559891582 ], [ 650892.090967736556195, 6864130.935937683098018 ] ] } },
{ "type": "Feature", "properties": { "id": 317, "id1": 260, "id2": 1073 }, "geometry": { "type": "LineString", "coordinates": [ [ 650881.346172557794489, 6864030.530514552257955 ], [ 650883.923520765150897, 6864034.665696213953197 ] ] } },
{ "type": "Feature", "properties": { "id": 318, "id1": 261, "id2": 1086 }, "geometry": { "type": "LineString", "coordinates": [ [ 650914.176395446876995, 6863931.294748397544026 ], [ 650914.474142024526373, 6863930.812576378695667 ] ] } },
{ "type": "Feature", "properties": { "id": 319, "id1": 262, "id2": 1074 }, "geometry": { "type": "LineString", "coordinates": [ [ 650760.21138145797886, 6863831.626623651944101 ], [ 650760.583644832600839, 6863832.602491453289986 ] ] } },
{ "type": "Feature", "properties": { "id": 320, "id1": 263, "id2": 879 }, "geometry": { "type": "LineString", "coordinates": [ [ 651654.997423288528807, 6862780.128370865248144 ], [ 651654.61759894026909, 6862780.585827986709774 ] ] } },
{ "type": "Feature", "properties": { "id": 321, "id1": 264, "id2": 1075 }, "geometry": { "type": "LineString", "coordinates": [ [ 650910.433928051497787, 6863719.617185256443918 ], [ 650802.064036865253001, 6863706.990254306234419 ] ] } },
{ "type": "Feature", "properties": { "id": 324, "id1": 265, "id2": 1047 }, "geometry": { "type": "LineString", "coordinates": [ [ 651128.65347645082511, 6864209.998641717247665 ], [ 651132.300687373965047, 6864211.452182517386973 ] ] } },
{ "type": "Feature", "properties": { "id": 325, "id1": 266, "id2": 1046 }, "geometry": { "type": "LineString", "coordinates": [ [ 651314.013434321153909, 6864193.828354633413255 ], [ 651316.069816731498577, 6864195.270130646415055 ] ] } },
{ "type": "Feature", "properties": { "id": 326, "id1": 267, "id2": 1062 }, "geometry": { "type": "LineString", "coordinates": [ [ 651139.468173497123644, 6864066.212475871667266 ], [ 651140.07272654667031, 6864066.247043129056692 ] ] } },
{ "type": "Feature", "properties": { "id": 327, "id1": 268, "id2": 1063 }, "geometry": { "type": "LineString", "coordinates": [ [ 651309.738638403709047, 6864056.796900914981961 ], [ 651310.48161644092761, 6864057.366649049334228 ] ] } },
{ "type": "Feature", "properties": { "id": 328, "id1": 269, "id2": 1056 }, "geometry": { "type": "LineString", "coordinates": [ [ 651188.606149211176671, 6863841.124396411702037 ], [ 651166.379124354221858, 6863870.415546568110585 ] ] } },
{ "type": "Feature", "properties": { "id": 330, "id1": 270, "id2": 1060 }, "geometry": { "type": "LineString", "coordinates": [ [ 651337.884082928416319, 6863886.818645910359919 ], [ 651341.087911250768229, 6863885.995102747343481 ] ] } },
{ "type": "Feature", "properties": { "id": 331, "id1": 271, "id2": 1012 }, "geometry": { "type": "LineString", "coordinates": [ [ 651744.745493856957182, 6864417.125052492134273 ], [ 651761.043624702142552, 6864396.263923142105341 ] ] } },
{ "type": "Feature", "properties": { "id": 332, "id1": 272, "id2": 1006 }, "geometry": { "type": "LineString", "coordinates": [ [ 652069.475210433476605, 6864333.795582405291498 ], [ 652071.86966184026096, 6864334.128789119422436 ] ] } },
{ "type": "Feature", "properties": { "id": 333, "id1": 275, "id2": 1003 }, "geometry": { "type": "LineString", "coordinates": [ [ 651991.79631788469851, 6864222.2237718263641 ], [ 651988.383609954151325, 6864225.161565804854035 ] ] } },
{ "type": "Feature", "properties": { "id": 334, "id1": 276, "id2": 1043 }, "geometry": { "type": "LineString", "coordinates": [ [ 651496.994454665109515, 6864183.84343358501792 ], [ 651497.9160702212248, 6864185.882385729812086 ] ] } },
{ "type": "Feature", "properties": { "id": 335, "id1": 277, "id2": 1064 }, "geometry": { "type": "LineString", "coordinates": [ [ 651475.621581034152769, 6864046.989782988093793 ], [ 651475.994037382886745, 6864049.006075314246118 ] ] } },
{ "type": "Feature", "properties": { "id": 336, "id1": 278, "id2": 1066 }, "geometry": { "type": "LineString", "coordinates": [ [ 651642.772600879194215, 6864030.437317166477442 ], [ 651644.383776895003393, 6864032.564173461869359 ] ] } },
{ "type": "Feature", "properties": { "id": 337, "id1": 279, "id2": 1013 }, "geometry": { "type": "LineString", "coordinates": [ [ 651675.536139701725915, 6864191.707200120203197 ], [ 651672.984340862603858, 6864194.656770474277437 ] ] } },
{ "type": "Feature", "properties": { "id": 338, "id1": 280, "id2": 1014 }, "geometry": { "type": "LineString", "coordinates": [ [ 651788.284931966336444, 6864142.047494587488472 ], [ 651786.641009540646337, 6864143.751052869483829 ] ] } },
{ "type": "Feature", "properties": { "id": 339, "id1": 281, "id2": 1001 }, "geometry": { "type": "LineString", "coordinates": [ [ 651992.057248687371612, 6864077.245068702846766 ], [ 651858.480614733533002, 6864068.374808376654983 ] ] } },
{ "type": "Feature", "properties": { "id": 341, "id1": 282, "id2": 957 }, "geometry": { "type": "LineString", "coordinates": [ [ 652276.373679252923466, 6864053.654238554649055 ], [ 652276.653303735307418, 6864054.649536123499274 ] ] } },
{ "type": "Feature", "properties": { "id": 342, "id1": 283, "id2": 958 }, "geometry": { "type": "LineString", "coordinates": [ [ 652462.64953741885256, 6864009.994027735665441 ], [ 652461.443698970717378, 6864010.48620330542326 ] ] } },
{ "type": "Feature", "properties": { "id": 343, "id1": 284, "id2": 959 }, "geometry": { "type": "LineString", "coordinates": [ [ 652615.774978726054542, 6863949.266784645617008 ], [ 652615.28600044734776, 6863950.575731771066785 ] ] } },
{ "type": "Feature", "properties": { "id": 344, "id1": 285, "id2": 1028 }, "geometry": { "type": "LineString", "coordinates": [ [ 651615.516376375919208, 6863928.155979982577264 ], [ 651474.20043644006364, 6863948.358422925695777 ] ] } },
{ "type": "Feature", "properties": { "id": 346, "id1": 286, "id2": 999 }, "geometry": { "type": "LineString", "coordinates": [ [ 651995.739536142209545, 6863883.929907879792154 ], [ 651869.142185364384204, 6863930.13183103594929 ] ] } },
{ "type": "Feature", "properties": { "id": 348, "id1": 287, "id2": 1054 }, "geometry": { "type": "LineString", "coordinates": [ [ 651718.021407756139524, 6863801.232012351974845 ], [ 651720.596375123481266, 6863800.585541797801852 ] ] } },
{ "type": "Feature", "properties": { "id": 349, "id1": 288, "id2": 1059 }, "geometry": { "type": "LineString", "coordinates": [ [ 651435.800557355978526, 6863812.857780029065907 ], [ 651437.588412914774381, 6863814.304618603549898 ] ] } },
{ "type": "Feature", "properties": { "id": 350, "id1": 289, "id2": 1051 }, "geometry": { "type": "LineString", "coordinates": [ [ 651532.003043688717298, 6863810.177033917047083 ], [ 651535.377677021780983, 6863810.278212789446115 ] ] } },
{ "type": "Feature", "properties": { "id": 351, "id1": 290, "id2": 998 }, "geometry": { "type": "LineString", "coordinates": [ [ 651994.993387107620947, 6863724.885152311995625 ], [ 651996.386380943818949, 6863724.763405058532953 ] ] } },
{ "type": "Feature", "properties": { "id": 352, "id1": 291, "id2": 956 }, "geometry": { "type": "LineString", "coordinates": [ [ 652254.801581169711426, 6863849.716948803514242 ], [ 652258.563574662432075, 6863875.649640598334372 ] ] } },
{ "type": "Feature", "properties": { "id": 354, "id1": 292, "id2": 910 }, "geometry": { "type": "LineString", "coordinates": [ [ 652464.883547508972697, 6863787.458367467857897 ], [ 652449.101511163637042, 6863699.009225874207914 ] ] } },
{ "type": "Feature", "properties": { "id": 356, "id1": 293, "id2": 952 }, "geometry": { "type": "LineString", "coordinates": [ [ 652353.457408553920686, 6863623.578902756795287 ], [ 652428.806222911109217, 6863608.96104571223259 ] ] } },
{ "type": "Feature", "properties": { "id": 358, "id1": 294, "id2": 800 }, "geometry": { "type": "LineString", "coordinates": [ [ 652820.476989264250733, 6863951.32418666779995 ], [ 652746.055984688107856, 6863916.824515151791275 ] ] } },
{ "type": "Feature", "properties": { "id": 363, "id1": 295, "id2": 817 }, "geometry": { "type": "LineString", "coordinates": [ [ 652681.118832196458243, 6863626.253437762148678 ], [ 652680.616074954392388, 6863626.394008584320545 ] ] } },
{ "type": "Feature", "properties": { "id": 364, "id1": 296, "id2": 846 }, "geometry": { "type": "LineString", "coordinates": [ [ 653860.472164407838136, 6864173.455860782414675 ], [ 653928.180589035036974, 6864109.575752953067422 ] ] } },
{ "type": "Feature", "properties": { "id": 368, "id1": 297, "id2": 281 }, "geometry": { "type": "LineString", "coordinates": [ [ 651482.236320804106072, 6861872.210022300481796 ], [ 651481.030723573057912, 6861872.8194943619892 ] ] } },
{ "type": "Feature", "properties": { "id": 369, "id1": 298, "id2": 820 }, "geometry": { "type": "LineString", "coordinates": [ [ 653323.031333874678239, 6864206.671942412853241 ], [ 653477.575649716891348, 6864125.067278759554029 ] ] } },
{ "type": "Feature", "properties": { "id": 373, "id1": 299, "id2": 823 }, "geometry": { "type": "LineString", "coordinates": [ [ 653129.108306600595824, 6863952.402679761871696 ], [ 653032.887209431850351, 6863910.847674296237528 ] ] } },
{ "type": "Feature", "properties": { "id": 376, "id1": 300, "id2": 826 }, "geometry": { "type": "LineString", "coordinates": [ [ 653112.99115803244058, 6863792.991529433056712 ], [ 653028.202532072551548, 6863816.232462253421545 ] ] } },
{ "type": "Feature", "properties": { "id": 378, "id1": 301, "id2": 855 }, "geometry": { "type": "LineString", "coordinates": [ [ 653008.353018415858969, 6863665.993616844527423 ], [ 653010.86593411420472, 6863668.034474922344089 ] ] } },
{ "type": "Feature", "properties": { "id": 379, "id1": 302, "id2": 831 }, "geometry": { "type": "LineString", "coordinates": [ [ 652922.591509009478614, 6863523.692670638673007 ], [ 652923.6755429005716, 6863522.60444063320756 ] ] } },
{ "type": "Feature", "properties": { "id": 380, "id1": 318, "id2": 951 }, "geometry": { "type": "LineString", "coordinates": [ [ 652007.021263442351483, 6862735.739885375835001 ], [ 652003.997915594489314, 6862738.861759852617979 ] ] } },
{ "type": "Feature", "properties": { "id": 381, "id1": 319, "id2": 946 }, "geometry": { "type": "LineString", "coordinates": [ [ 652019.596516147488728, 6862882.438653452321887 ], [ 652019.908000273164362, 6862881.301296815276146 ] ] } },
{ "type": "Feature", "properties": { "id": 382, "id1": 475, "id2": 323 }, "geometry": { "type": "LineString", "coordinates": [ [ 649265.083181811147369, 6862494.805203816853464 ], [ 649260.61076512595173, 6862493.737446364015341 ] ] } },
{ "type": "Feature", "properties": { "id": 383, "id1": 303, "id2": 837 }, "geometry": { "type": "LineString", "coordinates": [ [ 653384.636416320805438, 6863541.695135484449565 ], [ 653385.790066372370347, 6863581.709730224683881 ] ] } },
{ "type": "Feature", "properties": { "id": 387, "id1": 304, "id2": 829 }, "geometry": { "type": "LineString", "coordinates": [ [ 653423.207926663453691, 6863800.10100459959358 ], [ 653331.324685196974315, 6863795.025010623969138 ] ] } },
{ "type": "Feature", "properties": { "id": 390, "id1": 305, "id2": 839 }, "geometry": { "type": "LineString", "coordinates": [ [ 653689.467530847294256, 6863760.213129356503487 ], [ 653669.341442589997314, 6863864.837432200089097 ] ] } },
{ "type": "Feature", "properties": { "id": 393, "id1": 306, "id2": 760 }, "geometry": { "type": "LineString", "coordinates": [ [ 652107.225474153412506, 6862905.167942267842591 ], [ 652106.95514520118013, 6862906.179455420002341 ] ] } },
{ "type": "Feature", "properties": { "id": 394, "id1": 307, "id2": 280 }, "geometry": { "type": "LineString", "coordinates": [ [ 651543.759712133789435, 6861928.147830875590444 ], [ 651543.13879542122595, 6861928.981106789782643 ] ] } },
{ "type": "Feature", "properties": { "id": 395, "id1": 308, "id2": 845 }, "geometry": { "type": "LineString", "coordinates": [ [ 653952.766137158963829, 6863917.086858511902392 ], [ 653953.854372456436977, 6863910.711361515335739 ] ] } },
{ "type": "Feature", "properties": { "id": 396, "id1": 309, "id2": 844 }, "geometry": { "type": "LineString", "coordinates": [ [ 654110.77978053316474, 6863734.838479896076024 ], [ 654111.272215916658752, 6863730.848633823916316 ] ] } },
{ "type": "Feature", "properties": { "id": 397, "id1": 310, "id2": 893 }, "geometry": { "type": "LineString", "coordinates": [ [ 651756.765810720156878, 6862682.686931520700455 ], [ 651755.810626565595157, 6862684.548041673377156 ] ] } },
{ "type": "Feature", "properties": { "id": 398, "id1": 311, "id2": 892 }, "geometry": { "type": "LineString", "coordinates": [ [ 651801.360932809300721, 6862673.007207485847175 ], [ 651802.789497656398453, 6862674.572865033522248 ] ] } },
{ "type": "Feature", "properties": { "id": 399, "id1": 312, "id2": 875 }, "geometry": { "type": "LineString", "coordinates": [ [ 651844.942117202328518, 6862729.245184877887368 ], [ 651843.509384272852913, 6862732.427683776244521 ] ] } },
{ "type": "Feature", "properties": { "id": 400, "id1": 313, "id2": 889 }, "geometry": { "type": "LineString", "coordinates": [ [ 651719.770775714772753, 6862713.521210614591837 ], [ 651718.930478107300587, 6862714.391853572800756 ] ] } },
{ "type": "Feature", "properties": { "id": 401, "id1": 314, "id2": 878 }, "geometry": { "type": "LineString", "coordinates": [ [ 651740.730506059131585, 6862770.401714174076915 ], [ 651738.900178277515806, 6862770.274304226972163 ] ] } },
{ "type": "Feature", "properties": { "id": 402, "id1": 315, "id2": 876 }, "geometry": { "type": "LineString", "coordinates": [ [ 651816.941732415114529, 6862789.165250229649246 ], [ 651815.225284212036058, 6862789.588176563382149 ] ] } },
{ "type": "Feature", "properties": { "id": 403, "id1": 316, "id2": 949 }, "geometry": { "type": "LineString", "coordinates": [ [ 651890.804410431766883, 6862710.394267332740128 ], [ 651888.149512734496966, 6862710.305835461243987 ] ] } },
{ "type": "Feature", "properties": { "id": 404, "id1": 317, "id2": 944 }, "geometry": { "type": "LineString", "coordinates": [ [ 651950.308697081869468, 6862688.98156195320189 ], [ 651948.304513005190529, 6862688.100661617703736 ] ] } },
{ "type": "Feature", "properties": { "id": 405, "id1": 641, "id2": 1034 }, "geometry": { "type": "LineString", "coordinates": [ [ 651188.316225057584234, 6862976.205325672402978 ], [ 651187.946832796558738, 6862976.532843729481101 ] ] } },
{ "type": "Feature", "properties": { "id": 406, "id1": 320, "id2": 945 }, "geometry": { "type": "LineString", "coordinates": [ [ 651959.08425390732009, 6862808.633974119089544 ], [ 651957.995805579586886, 6862808.373675551265478 ] ] } },
{ "type": "Feature", "properties": { "id": 407, "id1": 321, "id2": 948 }, "geometry": { "type": "LineString", "coordinates": [ [ 651893.250076140509918, 6862861.752917082048953 ], [ 651894.569962421664968, 6862862.058805039152503 ] ] } },
{ "type": "Feature", "properties": { "id": 408, "id1": 322, "id2": 761 }, "geometry": { "type": "LineString", "coordinates": [ [ 652102.509735802304931, 6862823.295140309259295 ], [ 652101.664727849769406, 6862823.149569123052061 ] ] } },
{ "type": "Feature", "properties": { "id": 409, "id1": 323, "id2": 762 }, "geometry": { "type": "LineString", "coordinates": [ [ 652168.850251882104203, 6862806.843953840434551 ], [ 652167.447001590277068, 6862808.376492353156209 ] ] } },
{ "type": "Feature", "properties": { "id": 410, "id1": 324, "id2": 768 }, "geometry": { "type": "LineString", "coordinates": [ [ 652231.765403524157591, 6862753.01842541527003 ], [ 652199.636922896374017, 6862765.58623952511698 ] ] } },
{ "type": "Feature", "properties": { "id": 412, "id1": 325, "id2": 770 }, "geometry": { "type": "LineString", "coordinates": [ [ 652249.3995980307227, 6862802.030241380445659 ], [ 652269.702567917644046, 6862798.837510379031301 ] ] } },
{ "type": "Feature", "properties": { "id": 415, "id1": 326, "id2": 771 }, "geometry": { "type": "LineString", "coordinates": [ [ 652228.682667387533002, 6862881.56859135068953 ], [ 652227.816120537696406, 6862883.736669954843819 ] ] } },
{ "type": "Feature", "properties": { "id": 416, "id1": 327, "id2": 158 }, "geometry": { "type": "LineString", "coordinates": [ [ 651489.129251640522853, 6861729.8570656189695 ], [ 651486.934030993841588, 6861731.58776964340359 ] ] } },
{ "type": "Feature", "properties": { "id": 417, "id1": 328, "id2": 1289 }, "geometry": { "type": "LineString", "coordinates": [ [ 651551.833279507351108, 6861756.281527972780168 ], [ 651549.203537862398662, 6861758.026510103605688 ] ] } },
{ "type": "Feature", "properties": { "id": 418, "id1": 329, "id2": 155 }, "geometry": { "type": "LineString", "coordinates": [ [ 651691.673805997241288, 6861821.079732358455658 ], [ 651689.646201036521234, 6861823.373826922848821 ] ] } },
{ "type": "Feature", "properties": { "id": 419, "id1": 330, "id2": 149 }, "geometry": { "type": "LineString", "coordinates": [ [ 651654.835567409871146, 6861735.928371977992356 ], [ 651651.948253909824416, 6861737.448755735531449 ] ] } },
{ "type": "Feature", "properties": { "id": 420, "id1": 331, "id2": 156 }, "geometry": { "type": "LineString", "coordinates": [ [ 651605.272196179488674, 6861871.05760183930397 ], [ 651621.885802034521475, 6861899.878601903095841 ] ] } },
{ "type": "Feature", "properties": { "id": 422, "id1": 332, "id2": 285 }, "geometry": { "type": "LineString", "coordinates": [ [ 651434.888671429827809, 6862033.453521627932787 ], [ 651432.357576756854542, 6862033.853705925866961 ] ] } },
{ "type": "Feature", "properties": { "id": 423, "id1": 333, "id2": 154 }, "geometry": { "type": "LineString", "coordinates": [ [ 651741.978529422311112, 6861737.220870294608176 ], [ 651740.727749452693388, 6861739.238975237123668 ] ] } },
{ "type": "Feature", "properties": { "id": 424, "id1": 334, "id2": 153 }, "geometry": { "type": "LineString", "coordinates": [ [ 651806.407247547642328, 6861682.608812638558447 ], [ 651805.002225379692391, 6861684.115376840345562 ] ] } },
{ "type": "Feature", "properties": { "id": 425, "id1": 335, "id2": 152 }, "geometry": { "type": "LineString", "coordinates": [ [ 651827.67653475725092, 6861721.666384164243937 ], [ 651825.396012701326981, 6861723.658046321943402 ] ] } },
{ "type": "Feature", "properties": { "id": 426, "id1": 336, "id2": 177 }, "geometry": { "type": "LineString", "coordinates": [ [ 652009.799320562393405, 6861653.46559808216989 ], [ 652005.947550783632323, 6861647.434314472600818 ] ] } },
{ "type": "Feature", "properties": { "id": 427, "id1": 337, "id2": 1236 }, "geometry": { "type": "LineString", "coordinates": [ [ 651952.961488612694666, 6861677.141387411393225 ], [ 651950.890190138597973, 6861670.559039013460279 ] ] } },
{ "type": "Feature", "properties": { "id": 428, "id1": 338, "id2": 178 }, "geometry": { "type": "LineString", "coordinates": [ [ 652038.168521890649572, 6861638.560339255258441 ], [ 652035.27785747195594, 6861635.909981532022357 ] ] } },
{ "type": "Feature", "properties": { "id": 429, "id1": 339, "id2": 1225 }, "geometry": { "type": "LineString", "coordinates": [ [ 651940.060895591159351, 6861622.260836359113455 ], [ 651937.476916021085344, 6861622.336480806581676 ] ] } },
{ "type": "Feature", "properties": { "id": 430, "id1": 340, "id2": 166 }, "geometry": { "type": "LineString", "coordinates": [ [ 651882.387243246310391, 6861637.005654699169099 ], [ 651881.155557704158127, 6861638.079419178888202 ] ] } },
{ "type": "Feature", "properties": { "id": 431, "id1": 341, "id2": 173 }, "geometry": { "type": "LineString", "coordinates": [ [ 652005.722564223688096, 6861590.011717092245817 ], [ 652003.449865805800073, 6861590.913978402502835 ] ] } },
{ "type": "Feature", "properties": { "id": 432, "id1": 342, "id2": 6 }, "geometry": { "type": "LineString", "coordinates": [ [ 652072.859783019288443, 6861575.427506206557155 ], [ 652071.186714843497612, 6861576.381064570508897 ] ] } },
{ "type": "Feature", "properties": { "id": 433, "id1": 343, "id2": 7 }, "geometry": { "type": "LineString", "coordinates": [ [ 652110.531985230394639, 6861530.958129504695535 ], [ 652108.571130748372525, 6861531.263287879526615 ] ] } },
{ "type": "Feature", "properties": { "id": 434, "id1": 344, "id2": 8 }, "geometry": { "type": "LineString", "coordinates": [ [ 652155.677032103994861, 6861485.641077251173556 ], [ 652153.867506869370118, 6861485.463836628012359 ] ] } },
{ "type": "Feature", "properties": { "id": 435, "id1": 345, "id2": 5 }, "geometry": { "type": "LineString", "coordinates": [ [ 652212.170605691964738, 6861522.27461211849004 ], [ 652209.066911605885252, 6861523.48131850361824 ] ] } },
{ "type": "Feature", "properties": { "id": 436, "id1": 346, "id2": 4 }, "geometry": { "type": "LineString", "coordinates": [ [ 652242.578701411141083, 6861478.436308986507356 ], [ 652237.684954104828648, 6861489.774198577739298 ] ] } },
{ "type": "Feature", "properties": { "id": 437, "id1": 347, "id2": 10 }, "geometry": { "type": "LineString", "coordinates": [ [ 652211.720635835663415, 6861448.25798767991364 ], [ 652208.78509093367029, 6861449.052777443081141 ] ] } },
{ "type": "Feature", "properties": { "id": 438, "id1": 348, "id2": 11 }, "geometry": { "type": "LineString", "coordinates": [ [ 652164.90015786094591, 6861443.860706779174507 ], [ 652163.317971236770973, 6861442.527266513556242 ] ] } },
{ "type": "Feature", "properties": { "id": 439, "id1": 349, "id2": 12 }, "geometry": { "type": "LineString", "coordinates": [ [ 652195.853211798355915, 6861414.977017849683762 ], [ 652192.950219188118353, 6861414.502680221572518 ] ] } },
{ "type": "Feature", "properties": { "id": 440, "id1": 350, "id2": 13 }, "geometry": { "type": "LineString", "coordinates": [ [ 652266.946370518417098, 6861401.085125316865742 ], [ 652263.984180525527336, 6861402.670242610387504 ] ] } },
{ "type": "Feature", "properties": { "id": 441, "id1": 351, "id2": 3 }, "geometry": { "type": "LineString", "coordinates": [ [ 652309.590180546394549, 6861457.746356080286205 ], [ 652308.932455390924588, 6861458.90381832793355 ] ] } },
{ "type": "Feature", "properties": { "id": 442, "id1": 352, "id2": 14 }, "geometry": { "type": "LineString", "coordinates": [ [ 652286.655744847841561, 6861357.086887575685978 ], [ 652286.627026911475696, 6861358.845932113938034 ] ] } },
{ "type": "Feature", "properties": { "id": 443, "id1": 353, "id2": 41 }, "geometry": { "type": "LineString", "coordinates": [ [ 652311.740801362204365, 6861303.572739479131997 ], [ 652309.244973665336147, 6861301.817789864726365 ] ] } },
{ "type": "Feature", "properties": { "id": 444, "id1": 354, "id2": 15 }, "geometry": { "type": "LineString", "coordinates": [ [ 652187.710618055309169, 6861326.44663427490741 ], [ 652184.171606063609943, 6861324.733630714006722 ] ] } },
{ "type": "Feature", "properties": { "id": 445, "id1": 355, "id2": 17 }, "geometry": { "type": "LineString", "coordinates": [ [ 652148.547293441835791, 6861369.655612240545452 ], [ 652145.564170158584602, 6861368.695500505156815 ] ] } },
{ "type": "Feature", "properties": { "id": 446, "id1": 386, "id2": 42 }, "geometry": { "type": "LineString", "coordinates": [ [ 652018.394363339873962, 6861282.802083840593696 ], [ 652014.854317946941592, 6861282.329407116398215 ] ] } },
{ "type": "Feature", "properties": { "id": 447, "id1": 356, "id2": 18 }, "geometry": { "type": "LineString", "coordinates": [ [ 652070.793644884019159, 6861450.144544726237655 ], [ 652070.030957736889832, 6861448.434409365989268 ] ] } },
{ "type": "Feature", "properties": { "id": 448, "id1": 357, "id2": 40 }, "geometry": { "type": "LineString", "coordinates": [ [ 652046.966720995842479, 6861385.736119604669511 ], [ 652044.360209421138279, 6861383.342868840321898 ] ] } },
{ "type": "Feature", "properties": { "id": 449, "id1": 358, "id2": 167 }, "geometry": { "type": "LineString", "coordinates": [ [ 651857.589108116342686, 6861608.586358041502535 ], [ 651856.063889611978084, 6861609.342748746275902 ] ] } },
{ "type": "Feature", "properties": { "id": 450, "id1": 359, "id2": 164 }, "geometry": { "type": "LineString", "coordinates": [ [ 651841.607360656256787, 6861574.191530952230096 ], [ 651840.704810783267021, 6861574.569956727325916 ] ] } },
{ "type": "Feature", "properties": { "id": 451, "id1": 360, "id2": 165 }, "geometry": { "type": "LineString", "coordinates": [ [ 651823.166912304819562, 6861536.317573197185993 ], [ 651822.091754019143991, 6861536.55909032933414 ] ] } },
{ "type": "Feature", "properties": { "id": 452, "id1": 361, "id2": 159 }, "geometry": { "type": "LineString", "coordinates": [ [ 651710.669251607148908, 6861609.631302514113486 ], [ 651708.654295713407919, 6861610.409605364315212 ] ] } },
{ "type": "Feature", "properties": { "id": 453, "id1": 362, "id2": 160 }, "geometry": { "type": "LineString", "coordinates": [ [ 651737.989543884526938, 6861570.48899183422327 ], [ 651736.813248265185393, 6861571.858925476670265 ] ] } },
{ "type": "Feature", "properties": { "id": 454, "id1": 363, "id2": 150 }, "geometry": { "type": "LineString", "coordinates": [ [ 651715.562806538888253, 6861653.908841388300061 ], [ 651690.800672426004894, 6861657.119912381283939 ] ] } },
{ "type": "Feature", "properties": { "id": 456, "id1": 364, "id2": 363 }, "geometry": { "type": "LineString", "coordinates": [ [ 650742.834008601377718, 6862185.093009509146214 ], [ 650740.402436913456768, 6862183.580596772022545 ] ] } },
{ "type": "Feature", "properties": { "id": 457, "id1": 365, "id2": 161 }, "geometry": { "type": "LineString", "coordinates": [ [ 651572.55908911768347, 6861653.328037350438535 ], [ 651547.932550324941985, 6861622.140633872710168 ] ] } },
{ "type": "Feature", "properties": { "id": 459, "id1": 367, "id2": 278 }, "geometry": { "type": "LineString", "coordinates": [ [ 651443.563201904878952, 6861642.195533520542085 ], [ 651441.437379281036556, 6861642.84303214866668 ] ] } },
{ "type": "Feature", "properties": { "id": 460, "id1": 368, "id2": 270 }, "geometry": { "type": "LineString", "coordinates": [ [ 651360.887669098796323, 6861682.700314867310226 ], [ 651383.09553975216113, 6861680.623606220819056 ] ] } },
{ "type": "Feature", "properties": { "id": 464, "id1": 371, "id2": 140 }, "geometry": { "type": "LineString", "coordinates": [ [ 651660.273633176810108, 6861559.224548158235848 ], [ 651658.959999931161292, 6861558.132816324941814 ] ] } },
{ "type": "Feature", "properties": { "id": 465, "id1": 372, "id2": 163 }, "geometry": { "type": "LineString", "coordinates": [ [ 651792.64969291142188, 6861496.967954894527793 ], [ 651791.354726476361975, 6861497.261859810911119 ] ] } },
{ "type": "Feature", "properties": { "id": 466, "id1": 373, "id2": 141 }, "geometry": { "type": "LineString", "coordinates": [ [ 651657.095179155934602, 6861496.641780525445938 ], [ 651655.445047580287792, 6861495.624220119789243 ] ] } },
{ "type": "Feature", "properties": { "id": 467, "id1": 374, "id2": 181 }, "geometry": { "type": "LineString", "coordinates": [ [ 651925.672482018591836, 6861539.800438201986253 ], [ 651924.395664823241532, 6861540.838974419049919 ] ] } },
{ "type": "Feature", "properties": { "id": 468, "id1": 375, "id2": 182 }, "geometry": { "type": "LineString", "coordinates": [ [ 651868.968332463991828, 6861460.014518299140036 ], [ 651868.838065113639459, 6861459.629488505423069 ] ] } },
{ "type": "Feature", "properties": { "id": 469, "id1": 376, "id2": 183 }, "geometry": { "type": "LineString", "coordinates": [ [ 651943.244038061355241, 6861438.135323466733098 ], [ 651942.446022792602889, 6861437.209433430805802 ] ] } },
{ "type": "Feature", "properties": { "id": 470, "id1": 377, "id2": 180 }, "geometry": { "type": "LineString", "coordinates": [ [ 651984.146270344150253, 6861513.738753878511488 ], [ 651983.025013286620378, 6861513.592710149474442 ] ] } },
{ "type": "Feature", "properties": { "id": 471, "id1": 378, "id2": 168 }, "geometry": { "type": "LineString", "coordinates": [ [ 651749.008008613367565, 6861444.340334878303111 ], [ 651747.884524478577077, 6861444.580359918065369 ] ] } },
{ "type": "Feature", "properties": { "id": 472, "id1": 379, "id2": 162 }, "geometry": { "type": "LineString", "coordinates": [ [ 651720.715569395921193, 6861389.52927565947175 ], [ 651717.501236826414242, 6861390.202086544595659 ] ] } },
{ "type": "Feature", "properties": { "id": 473, "id1": 380, "id2": 362 }, "geometry": { "type": "LineString", "coordinates": [ [ 650960.361228767083958, 6862158.987629545852542 ], [ 650960.116865065996535, 6862158.737854016013443 ] ] } },
{ "type": "Feature", "properties": { "id": 474, "id1": 381, "id2": 184 }, "geometry": { "type": "LineString", "coordinates": [ [ 651868.636224270565435, 6861377.489780809730291 ], [ 651867.379667314584367, 6861375.823630481027067 ] ] } },
{ "type": "Feature", "properties": { "id": 475, "id1": 382, "id2": 174 }, "geometry": { "type": "LineString", "coordinates": [ [ 651748.357945471070707, 6861261.429425726644695 ], [ 651747.570499274646863, 6861259.622947822324932 ] ] } },
{ "type": "Feature", "properties": { "id": 476, "id1": 383, "id2": 179 }, "geometry": { "type": "LineString", "coordinates": [ [ 651796.644337781821378, 6861258.589638317935169 ], [ 651793.56359743187204, 6861257.02064885571599 ] ] } },
{ "type": "Feature", "properties": { "id": 477, "id1": 384, "id2": 185 }, "geometry": { "type": "LineString", "coordinates": [ [ 651854.236750052077696, 6861207.215784540399909 ], [ 651834.705893849371932, 6861162.435122343711555 ] ] } },
{ "type": "Feature", "properties": { "id": 480, "id1": 385, "id2": 151 }, "geometry": { "type": "LineString", "coordinates": [ [ 651838.87837958720047, 6861078.214517943561077 ], [ 651834.506171451532282, 6861073.680846637114882 ] ] } },
{ "type": "Feature", "properties": { "id": 481, "id1": 465, "id2": 365 }, "geometry": { "type": "LineString", "coordinates": [ [ 650770.727055136114359, 6862246.533427152782679 ], [ 650768.62250369193498, 6862246.639365167357028 ] ] } },
{ "type": "Feature", "properties": { "id": 482, "id1": 387, "id2": 19 }, "geometry": { "type": "LineString", "coordinates": [ [ 652091.403333857888356, 6861211.297640298493207 ], [ 652089.986656537163071, 6861209.339174833148718 ] ] } },
{ "type": "Feature", "properties": { "id": 483, "id1": 388, "id2": 129 }, "geometry": { "type": "LineString", "coordinates": [ [ 652402.330190794775262, 6861024.900834390893579 ], [ 652402.080667947069742, 6861025.473745189607143 ] ] } },
{ "type": "Feature", "properties": { "id": 484, "id1": 389, "id2": 130 }, "geometry": { "type": "LineString", "coordinates": [ [ 652372.388004363630898, 6861051.23138618376106 ], [ 652372.142329826951027, 6861050.795913954265416 ] ] } },
{ "type": "Feature", "properties": { "id": 485, "id1": 390, "id2": 131 }, "geometry": { "type": "LineString", "coordinates": [ [ 652342.313728438690305, 6861076.086396887898445 ], [ 652341.330233593238518, 6861074.386998925358057 ] ] } },
{ "type": "Feature", "properties": { "id": 486, "id1": 391, "id2": 132 }, "geometry": { "type": "LineString", "coordinates": [ [ 652311.478475452400744, 6861103.019644116982818 ], [ 652310.515517837251537, 6861101.844615697860718 ] ] } },
{ "type": "Feature", "properties": { "id": 487, "id1": 392, "id2": 133 }, "geometry": { "type": "LineString", "coordinates": [ [ 652281.39246074273251, 6861130.016311690211296 ], [ 652279.931589388637803, 6861129.423078177496791 ] ] } },
{ "type": "Feature", "properties": { "id": 488, "id1": 393, "id2": 21 }, "geometry": { "type": "LineString", "coordinates": [ [ 652235.532884976943024, 6861180.314417823217809 ], [ 652235.358009854098782, 6861182.278989742510021 ] ] } },
{ "type": "Feature", "properties": { "id": 489, "id1": 394, "id2": 20 }, "geometry": { "type": "LineString", "coordinates": [ [ 652165.277249908307567, 6861216.499751041643322 ], [ 652163.034937030868605, 6861215.28624742757529 ] ] } },
{ "type": "Feature", "properties": { "id": 490, "id1": 395, "id2": 25 }, "geometry": { "type": "LineString", "coordinates": [ [ 652134.55012842209544, 6861072.913473209366202 ], [ 652133.527411725255661, 6861074.515356241725385 ] ] } },
{ "type": "Feature", "properties": { "id": 491, "id1": 396, "id2": 26 }, "geometry": { "type": "LineString", "coordinates": [ [ 652061.169273595092818, 6861082.166566896252334 ], [ 652059.411262141540647, 6861081.577366384677589 ] ] } },
{ "type": "Feature", "properties": { "id": 492, "id1": 397, "id2": 364 }, "geometry": { "type": "LineString", "coordinates": [ [ 650884.996293471078388, 6862109.897160103544593 ], [ 650884.42014780594036, 6862108.425325674004853 ] ] } },
{ "type": "Feature", "properties": { "id": 493, "id1": 398, "id2": 45 }, "geometry": { "type": "LineString", "coordinates": [ [ 652028.599326713010669, 6861069.835280585102737 ], [ 652028.889630034565926, 6861070.767258289270103 ] ] } },
{ "type": "Feature", "properties": { "id": 494, "id1": 399, "id2": 44 }, "geometry": { "type": "LineString", "coordinates": [ [ 651954.751757942140102, 6861184.055610056035221 ], [ 651954.996598489116877, 6861181.562028031796217 ] ] } },
{ "type": "Feature", "properties": { "id": 495, "id1": 400, "id2": 27 }, "geometry": { "type": "LineString", "coordinates": [ [ 651930.877387076267041, 6861082.47751553170383 ], [ 651926.657217307249084, 6861078.406580543145537 ] ] } },
{ "type": "Feature", "properties": { "id": 496, "id1": 401, "id2": 28 }, "geometry": { "type": "LineString", "coordinates": [ [ 652002.130999443354085, 6861014.209776354022324 ], [ 652001.084598382818513, 6861012.06876562256366 ] ] } },
{ "type": "Feature", "properties": { "id": 497, "id1": 402, "id2": 29 }, "geometry": { "type": "LineString", "coordinates": [ [ 651991.309833266423084, 6860972.59628330077976 ], [ 651990.1001360216178, 6860970.74039398599416 ] ] } },
{ "type": "Feature", "properties": { "id": 498, "id1": 403, "id2": 31 }, "geometry": { "type": "LineString", "coordinates": [ [ 652090.870193825452588, 6860970.99307453725487 ], [ 652088.746719457558356, 6860971.583525137975812 ] ] } },
{ "type": "Feature", "properties": { "id": 499, "id1": 404, "id2": 218 }, "geometry": { "type": "LineString", "coordinates": [ [ 651426.619751972262748, 6861549.447630795650184 ], [ 651424.974728628876619, 6861549.441736381500959 ] ] } },
{ "type": "Feature", "properties": { "id": 500, "id1": 405, "id2": 246 }, "geometry": { "type": "LineString", "coordinates": [ [ 651291.121099321520887, 6861632.407543504610658 ], [ 651303.880955034284852, 6861624.998881557025015 ] ] } },
{ "type": "Feature", "properties": { "id": 501, "id1": 406, "id2": 231 }, "geometry": { "type": "LineString", "coordinates": [ [ 651137.896464289398864, 6861564.813863581046462 ], [ 651135.705247922916897, 6861565.809464251622558 ] ] } },
{ "type": "Feature", "properties": { "id": 502, "id1": 407, "id2": 247 }, "geometry": { "type": "LineString", "coordinates": [ [ 651399.137891928548925, 6861491.10695618763566 ], [ 651396.762296741595492, 6861491.010168083943427 ] ] } },
{ "type": "Feature", "properties": { "id": 503, "id1": 408, "id2": 221 }, "geometry": { "type": "LineString", "coordinates": [ [ 651346.300392939010635, 6861529.613365164026618 ], [ 651337.65023141016718, 6861526.140325220301747 ] ] } },
{ "type": "Feature", "properties": { "id": 504, "id1": 509, "id2": 305 }, "geometry": { "type": "LineString", "coordinates": [ [ 649684.172808673465624, 6860995.689603921025991 ], [ 649682.853423966444097, 6860994.231208123266697 ] ] } },
{ "type": "Feature", "properties": { "id": 505, "id1": 409, "id2": 189 }, "geometry": { "type": "LineString", "coordinates": [ [ 651324.292208092869259, 6861595.458896819502115 ], [ 651238.795053844805807, 6861615.852633552625775 ] ] } },
{ "type": "Feature", "properties": { "id": 509, "id1": 410, "id2": 196 }, "geometry": { "type": "LineString", "coordinates": [ [ 651198.097390074748546, 6861520.480729688890278 ], [ 651189.71127861761488, 6861576.998325290158391 ] ] } },
{ "type": "Feature", "properties": { "id": 512, "id1": 411, "id2": 142 }, "geometry": { "type": "LineString", "coordinates": [ [ 651511.232737297425047, 6861518.982721878215671 ], [ 651508.955062609282322, 6861518.681152643635869 ] ] } },
{ "type": "Feature", "properties": { "id": 513, "id1": 412, "id2": 143 }, "geometry": { "type": "LineString", "coordinates": [ [ 651544.819806968909688, 6861469.83645254932344 ], [ 651542.666026814724319, 6861470.69487083517015 ] ] } },
{ "type": "Feature", "properties": { "id": 514, "id1": 413, "id2": 188 }, "geometry": { "type": "LineString", "coordinates": [ [ 651748.887592741055414, 6861097.279836233705282 ], [ 651718.607502060942352, 6861123.13221472967416 ] ] } },
{ "type": "Feature", "properties": { "id": 516, "id1": 414, "id2": 361 }, "geometry": { "type": "LineString", "coordinates": [ [ 650853.572863845271058, 6862208.500895796343684 ], [ 650853.000926405657083, 6862207.608835566788912 ] ] } },
{ "type": "Feature", "properties": { "id": 517, "id1": 415, "id2": 366 }, "geometry": { "type": "LineString", "coordinates": [ [ 650086.892491580802016, 6862560.416686122305691 ], [ 650084.373010684270412, 6862559.789408773183823 ] ] } },
{ "type": "Feature", "properties": { "id": 518, "id1": 416, "id2": 1284 }, "geometry": { "type": "LineString", "coordinates": [ [ 651641.23477885092143, 6861300.77898333966732 ], [ 651640.672672427841462, 6861296.635395254939795 ] ] } },
{ "type": "Feature", "properties": { "id": 519, "id1": 417, "id2": 144 }, "geometry": { "type": "LineString", "coordinates": [ [ 651495.655481581576169, 6861406.515592504292727 ], [ 651495.376946668839082, 6861407.39455705601722 ] ] } },
{ "type": "Feature", "properties": { "id": 520, "id1": 418, "id2": 145 }, "geometry": { "type": "LineString", "coordinates": [ [ 651454.62350212992169, 6861403.997849300503731 ], [ 651451.492516898433678, 6861404.912324379198253 ] ] } },
{ "type": "Feature", "properties": { "id": 521, "id1": 419, "id2": 217 }, "geometry": { "type": "LineString", "coordinates": [ [ 651395.619697690359317, 6861377.581156150437891 ], [ 651394.105648789554834, 6861386.280435585416853 ] ] } },
{ "type": "Feature", "properties": { "id": 522, "id1": 420, "id2": 170 }, "geometry": { "type": "LineString", "coordinates": [ [ 651473.771880144253373, 6861255.36415982991457 ], [ 651471.820198678877205, 6861254.878314226865768 ] ] } },
{ "type": "Feature", "properties": { "id": 523, "id1": 421, "id2": 169 }, "geometry": { "type": "LineString", "coordinates": [ [ 651431.517194694257341, 6861253.178118035197258 ], [ 651429.804767609457485, 6861255.910283816047013 ] ] } },
{ "type": "Feature", "properties": { "id": 524, "id1": 422, "id2": 146 }, "geometry": { "type": "LineString", "coordinates": [ [ 651543.453039248241112, 6861243.683618006296456 ], [ 651542.519956652424298, 6861243.91548188123852 ] ] } },
{ "type": "Feature", "properties": { "id": 525, "id1": 423, "id2": 147 }, "geometry": { "type": "LineString", "coordinates": [ [ 651531.373511118348688, 6861332.79239253513515 ], [ 651529.643563022953458, 6861333.416744501329958 ] ] } },
{ "type": "Feature", "properties": { "id": 526, "id1": 424, "id2": 148 }, "geometry": { "type": "LineString", "coordinates": [ [ 651432.566530377371237, 6861315.919846598990262 ], [ 651430.869275295990519, 6861316.913360586389899 ] ] } },
{ "type": "Feature", "properties": { "id": 527, "id1": 425, "id2": 193 }, "geometry": { "type": "LineString", "coordinates": [ [ 651628.267830719589256, 6860912.857551930472255 ], [ 651628.026938810711727, 6860909.76203188393265 ] ] } },
{ "type": "Feature", "properties": { "id": 528, "id1": 426, "id2": 194 }, "geometry": { "type": "LineString", "coordinates": [ [ 651715.224837884423323, 6860872.974798790179193 ], [ 651714.281298920628615, 6860873.557276931591332 ] ] } },
{ "type": "Feature", "properties": { "id": 529, "id1": 510, "id2": 1254 }, "geometry": { "type": "LineString", "coordinates": [ [ 649494.216713803354651, 6860994.356424250639975 ], [ 649485.206256960052997, 6861024.26811580825597 ] ] } },
{ "type": "Feature", "properties": { "id": 530, "id1": 642, "id2": 1035 }, "geometry": { "type": "LineString", "coordinates": [ [ 651218.123393414542079, 6862942.294503957033157 ], [ 651217.37666402105242, 6862942.072220181114972 ] ] } },
{ "type": "Feature", "properties": { "id": 531, "id1": 427, "id2": 191 }, "geometry": { "type": "LineString", "coordinates": [ [ 651660.309134675189853, 6860973.159346680156887 ], [ 651660.059986246284097, 6860972.472173224203289 ] ] } },
{ "type": "Feature", "properties": { "id": 532, "id1": 428, "id2": 195 }, "geometry": { "type": "LineString", "coordinates": [ [ 651739.140468369238079, 6861004.233797292225063 ], [ 651736.495698019862175, 6861005.180862431414425 ] ] } },
{ "type": "Feature", "properties": { "id": 533, "id1": 429, "id2": 24 }, "geometry": { "type": "LineString", "coordinates": [ [ 652266.292972657713108, 6861012.995059479959309 ], [ 652266.709970982046798, 6861012.828506441786885 ] ] } },
{ "type": "Feature", "properties": { "id": 534, "id1": 430, "id2": 32 }, "geometry": { "type": "LineString", "coordinates": [ [ 652183.294844808871858, 6860961.391397195868194 ], [ 652183.664400703506544, 6860960.317047075368464 ] ] } },
{ "type": "Feature", "properties": { "id": 535, "id1": 431, "id2": 370 }, "geometry": { "type": "LineString", "coordinates": [ [ 650281.477077835472301, 6862459.800067097879946 ], [ 650276.34013152285479, 6862459.602379165589809 ] ] } },
{ "type": "Feature", "properties": { "id": 536, "id1": 432, "id2": 300 }, "geometry": { "type": "LineString", "coordinates": [ [ 651046.098469641874544, 6861934.024162474088371 ], [ 651045.16306351532694, 6861935.386408231221139 ] ] } },
{ "type": "Feature", "properties": { "id": 537, "id1": 433, "id2": 299 }, "geometry": { "type": "LineString", "coordinates": [ [ 650973.93670716136694, 6861864.269041522406042 ], [ 650971.804745671339333, 6861866.570895483717322 ] ] } },
{ "type": "Feature", "properties": { "id": 538, "id1": 434, "id2": 381 }, "geometry": { "type": "LineString", "coordinates": [ [ 650845.683220610837452, 6861871.573243425227702 ], [ 650842.62673375220038, 6861872.381028464995325 ] ] } },
{ "type": "Feature", "properties": { "id": 539, "id1": 435, "id2": 358 }, "geometry": { "type": "LineString", "coordinates": [ [ 650756.06706539937295, 6862004.679805209860206 ], [ 650591.710824958863668, 6861995.810394280590117 ] ] } },
{ "type": "Feature", "properties": { "id": 542, "id1": 436, "id2": 357 }, "geometry": { "type": "LineString", "coordinates": [ [ 650505.870095913880505, 6862174.957714609801769 ], [ 650500.684402277693152, 6862175.215719638392329 ] ] } },
{ "type": "Feature", "properties": { "id": 543, "id1": 437, "id2": 368 }, "geometry": { "type": "LineString", "coordinates": [ [ 650183.822844953858294, 6862381.903643137775362 ], [ 650181.018625704920851, 6862379.665290037170053 ] ] } },
{ "type": "Feature", "properties": { "id": 544, "id1": 438, "id2": 33 }, "geometry": { "type": "LineString", "coordinates": [ [ 652105.743994268239476, 6860829.527328088879585 ], [ 652169.956400430295616, 6860914.85004975926131 ] ] } },
{ "type": "Feature", "properties": { "id": 547, "id1": 439, "id2": 37 }, "geometry": { "type": "LineString", "coordinates": [ [ 651880.063792208209634, 6860972.315830945968628 ], [ 651879.923242705524899, 6860970.570647905580699 ] ] } },
{ "type": "Feature", "properties": { "id": 548, "id1": 440, "id2": 35 }, "geometry": { "type": "LineString", "coordinates": [ [ 651875.456586314714514, 6860859.225554091855884 ], [ 651941.683578815194778, 6860795.065910696983337 ] ] } },
{ "type": "Feature", "properties": { "id": 550, "id1": 441, "id2": 62 }, "geometry": { "type": "LineString", "coordinates": [ [ 651626.136548764188774, 6860729.728573589585721 ], [ 651629.205366580397822, 6860728.748410773463547 ] ] } },
{ "type": "Feature", "properties": { "id": 551, "id1": 442, "id2": 277 }, "geometry": { "type": "LineString", "coordinates": [ [ 651178.110650816350244, 6861794.884289131499827 ], [ 651277.32214609766379, 6861710.649045579135418 ] ] } },
{ "type": "Feature", "properties": { "id": 559, "id1": 443, "id2": 290 }, "geometry": { "type": "LineString", "coordinates": [ [ 651082.718912715907209, 6861725.123825482092798 ], [ 651084.917061615851708, 6861799.708509215153754 ] ] } },
{ "type": "Feature", "properties": { "id": 560, "id1": 444, "id2": 276 }, "geometry": { "type": "LineString", "coordinates": [ [ 651178.025200121337548, 6861648.783884263597429 ], [ 651178.131391556933522, 6861650.146919911727309 ] ] } },
{ "type": "Feature", "properties": { "id": 561, "id1": 445, "id2": 275 }, "geometry": { "type": "LineString", "coordinates": [ [ 651076.121626274310984, 6861652.961331152357161 ], [ 651075.049625452025793, 6861653.946955543011427 ] ] } },
{ "type": "Feature", "properties": { "id": 562, "id1": 446, "id2": 360 }, "geometry": { "type": "LineString", "coordinates": [ [ 650608.313733245944604, 6861862.932351074181497 ], [ 650605.579604745958932, 6861864.04669110942632 ] ] } },
{ "type": "Feature", "properties": { "id": 563, "id1": 466, "id2": 367 }, "geometry": { "type": "LineString", "coordinates": [ [ 650214.308265873230994, 6862149.953174055553973 ], [ 650099.245197105454281, 6862218.98461593221873 ] ] } },
{ "type": "Feature", "properties": { "id": 565, "id1": 467, "id2": 1282 }, "geometry": { "type": "LineString", "coordinates": [ [ 650271.860560922068544, 6861896.256989303976297 ], [ 650268.657815880724229, 6861896.678896303288639 ] ] } },
{ "type": "Feature", "properties": { "id": 566, "id1": 468, "id2": 259 }, "geometry": { "type": "LineString", "coordinates": [ [ 650023.522352288942784, 6862011.6220543384552 ], [ 650021.656320644775406, 6862011.279000448994339 ] ] } },
{ "type": "Feature", "properties": { "id": 567, "id1": 469, "id2": 315 }, "geometry": { "type": "LineString", "coordinates": [ [ 649831.911935555515811, 6862087.020765390247107 ], [ 649833.536456688307226, 6862087.51826212182641 ] ] } },
{ "type": "Feature", "properties": { "id": 568, "id1": 470, "id2": 317 }, "geometry": { "type": "LineString", "coordinates": [ [ 649842.993987107882276, 6862312.677024159580469 ], [ 649837.47863363684155, 6862311.082989157177508 ] ] } },
{ "type": "Feature", "properties": { "id": 569, "id1": 471, "id2": 318 }, "geometry": { "type": "LineString", "coordinates": [ [ 649854.860321372048929, 6862476.860404601320624 ], [ 649853.418912167311646, 6862476.420302415266633 ] ] } },
{ "type": "Feature", "properties": { "id": 570, "id1": 472, "id2": 319 }, "geometry": { "type": "LineString", "coordinates": [ [ 649905.727589779533446, 6862641.124265911057591 ], [ 649898.14081790135242, 6862627.848591628484428 ] ] } },
{ "type": "Feature", "properties": { "id": 571, "id1": 473, "id2": 325 }, "geometry": { "type": "LineString", "coordinates": [ [ 649415.579107577912509, 6862506.087798153050244 ], [ 649433.371163662406616, 6862502.662299772724509 ] ] } },
{ "type": "Feature", "properties": { "id": 573, "id1": 447, "id2": 71 }, "geometry": { "type": "LineString", "coordinates": [ [ 651862.510867652134039, 6860363.171743050217628 ], [ 651862.739618293591775, 6860366.13743491936475 ] ] } },
{ "type": "Feature", "properties": { "id": 574, "id1": 448, "id2": 16 }, "geometry": { "type": "LineString", "coordinates": [ [ 651983.773438762058504, 6860712.98746863566339 ], [ 651982.572909440728836, 6860714.573609570972621 ] ] } },
{ "type": "Feature", "properties": { "id": 575, "id1": 449, "id2": 60 }, "geometry": { "type": "LineString", "coordinates": [ [ 652048.201916888006963, 6860644.905783856287599 ], [ 652046.758158348849975, 6860642.672892099246383 ] ] } },
{ "type": "Feature", "properties": { "id": 576, "id1": 450, "id2": 34 }, "geometry": { "type": "LineString", "coordinates": [ [ 652200.791021334007382, 6860711.046062674373388 ], [ 652198.598412278923206, 6860709.07631085626781 ] ] } },
{ "type": "Feature", "properties": { "id": 577, "id1": 451, "id2": 125 }, "geometry": { "type": "LineString", "coordinates": [ [ 652255.572749198065139, 6860732.855996277183294 ], [ 652256.317019486683421, 6860730.454056992195547 ] ] } },
{ "type": "Feature", "properties": { "id": 578, "id1": 452, "id2": 23 }, "geometry": { "type": "LineString", "coordinates": [ [ 652285.480396781000309, 6860865.16725879907608 ], [ 652297.376599280163646, 6860900.859246253035963 ] ] } },
{ "type": "Feature", "properties": { "id": 580, "id1": 453, "id2": 128 }, "geometry": { "type": "LineString", "coordinates": [ [ 652417.670123207732104, 6860972.01223852019757 ], [ 652417.350463491398841, 6860973.046611087396741 ] ] } },
{ "type": "Feature", "properties": { "id": 581, "id1": 454, "id2": 286 }, "geometry": { "type": "LineString", "coordinates": [ [ 651255.251898218179122, 6862042.434548044577241 ], [ 651254.634541981853545, 6862042.947772000916302 ] ] } },
{ "type": "Feature", "properties": { "id": 582, "id1": 455, "id2": 288 }, "geometry": { "type": "LineString", "coordinates": [ [ 651248.439103637472726, 6861908.134302265942097 ], [ 651248.064312634174712, 6861910.255602405406535 ] ] } },
{ "type": "Feature", "properties": { "id": 583, "id1": 456, "id2": 287 }, "geometry": { "type": "LineString", "coordinates": [ [ 651101.583341801422648, 6862079.539217136800289 ], [ 651099.982040351722389, 6862079.307527340017259 ] ] } },
{ "type": "Feature", "properties": { "id": 584, "id1": 457, "id2": 377 }, "geometry": { "type": "LineString", "coordinates": [ [ 650943.786219162051566, 6862248.857567564584315 ], [ 650943.769619958940893, 6862247.959983611479402 ] ] } },
{ "type": "Feature", "properties": { "id": 585, "id1": 458, "id2": 378 }, "geometry": { "type": "LineString", "coordinates": [ [ 650803.061762277968228, 6862317.608142572455108 ], [ 650800.865626988583244, 6862317.791264528408647 ] ] } },
{ "type": "Feature", "properties": { "id": 586, "id1": 459, "id2": 376 }, "geometry": { "type": "LineString", "coordinates": [ [ 650680.860461408505216, 6862376.381679098121822 ], [ 650681.761200571898371, 6862375.179497951641679 ] ] } },
{ "type": "Feature", "properties": { "id": 587, "id1": 460, "id2": 375 }, "geometry": { "type": "LineString", "coordinates": [ [ 650651.335034754709341, 6862301.215525952167809 ], [ 650648.917648275615647, 6862301.686755832284689 ] ] } },
{ "type": "Feature", "properties": { "id": 588, "id1": 461, "id2": 374 }, "geometry": { "type": "LineString", "coordinates": [ [ 650629.01952254131902, 6862242.20666082855314 ], [ 650627.547302133170888, 6862240.899614570662379 ] ] } },
{ "type": "Feature", "properties": { "id": 589, "id1": 462, "id2": 373 }, "geometry": { "type": "LineString", "coordinates": [ [ 650489.48468096065335, 6862350.590517012402415 ], [ 650485.849937912775204, 6862350.309493559412658 ] ] } },
{ "type": "Feature", "properties": { "id": 590, "id1": 463, "id2": 372 }, "geometry": { "type": "LineString", "coordinates": [ [ 650540.587100786040537, 6862450.630798481404781 ], [ 650528.611820956226438, 6862444.715545961633325 ] ] } },
{ "type": "Feature", "properties": { "id": 591, "id1": 464, "id2": 371 }, "geometry": { "type": "LineString", "coordinates": [ [ 650275.358639503945597, 6862564.481792952865362 ], [ 650276.27504308137577, 6862563.463735871016979 ] ] } },
{ "type": "Feature", "properties": { "id": 592, "id1": 476, "id2": 314 }, "geometry": { "type": "LineString", "coordinates": [ [ 649509.319366351584904, 6861972.075368279591203 ], [ 649509.064704067190178, 6861973.739565453492105 ] ] } },
{ "type": "Feature", "properties": { "id": 593, "id1": 477, "id2": 260 }, "geometry": { "type": "LineString", "coordinates": [ [ 650023.842023783363402, 6861703.06566012930125 ], [ 650021.344875620328821, 6861703.797238867729902 ] ] } },
{ "type": "Feature", "properties": { "id": 594, "id1": 478, "id2": 321 }, "geometry": { "type": "LineString", "coordinates": [ [ 649424.682114518131129, 6862636.254784543998539 ], [ 649422.772581363213249, 6862636.759441448375583 ] ] } },
{ "type": "Feature", "properties": { "id": 595, "id1": 479, "id2": 327 }, "geometry": { "type": "LineString", "coordinates": [ [ 649386.574106466257945, 6862333.38092184625566 ], [ 649384.513037198339589, 6862333.763278502970934 ] ] } },
{ "type": "Feature", "properties": { "id": 596, "id1": 480, "id2": 322 }, "geometry": { "type": "LineString", "coordinates": [ [ 649272.540426405263133, 6862609.662544351071119 ], [ 649267.656857025343925, 6862609.018717818893492 ] ] } },
{ "type": "Feature", "properties": { "id": 597, "id1": 481, "id2": 355 }, "geometry": { "type": "LineString", "coordinates": [ [ 649129.201477550319396, 6862665.625836910679936 ], [ 649134.437870784429833, 6862666.451273717917502 ] ] } },
{ "type": "Feature", "properties": { "id": 598, "id1": 482, "id2": 337 }, "geometry": { "type": "LineString", "coordinates": [ [ 648974.119473198661581, 6862603.559816978871822 ], [ 649083.739079230232164, 6862594.614232615567744 ] ] } },
{ "type": "Feature", "properties": { "id": 600, "id1": 483, "id2": 336 }, "geometry": { "type": "LineString", "coordinates": [ [ 648950.53999626962468, 6862677.383373733609915 ], [ 648952.406510517699644, 6862678.301737700589001 ] ] } },
{ "type": "Feature", "properties": { "id": 601, "id1": 484, "id2": 335 }, "geometry": { "type": "LineString", "coordinates": [ [ 648807.360702109057456, 6862690.560911330394447 ], [ 648846.109093762235716, 6862679.639750436879694 ] ] } },
{ "type": "Feature", "properties": { "id": 602, "id1": 485, "id2": 334 }, "geometry": { "type": "LineString", "coordinates": [ [ 649000.604904612526298, 6862460.461139929480851 ], [ 648998.499118133680895, 6862462.467286528088152 ] ] } },
{ "type": "Feature", "properties": { "id": 603, "id1": 486, "id2": 328 }, "geometry": { "type": "LineString", "coordinates": [ [ 649253.906978975865059, 6862315.807867755182087 ], [ 649251.124562166747637, 6862315.055606446228921 ] ] } },
{ "type": "Feature", "properties": { "id": 604, "id1": 487, "id2": 329 }, "geometry": { "type": "LineString", "coordinates": [ [ 649124.405072684166953, 6862296.148531932383776 ], [ 649121.565317721106112, 6862294.714098867960274 ] ] } },
{ "type": "Feature", "properties": { "id": 605, "id1": 488, "id2": 331 }, "geometry": { "type": "LineString", "coordinates": [ [ 648881.519538496271707, 6862195.241681881248951 ], [ 648883.703494555898942, 6862195.241948114708066 ] ] } },
{ "type": "Feature", "properties": { "id": 606, "id1": 489, "id2": 330 }, "geometry": { "type": "LineString", "coordinates": [ [ 649100.645935788867064, 6862050.621040413156152 ], [ 649103.06717787636444, 6862051.856936121359468 ] ] } },
{ "type": "Feature", "properties": { "id": 608, "id1": 490, "id2": 312 }, "geometry": { "type": "LineString", "coordinates": [ [ 649118.636364053469151, 6861820.935569492168725 ], [ 649172.832898658467457, 6861873.388209795579314 ] ] } },
{ "type": "Feature", "properties": { "id": 611, "id1": 493, "id2": 313 }, "geometry": { "type": "LineString", "coordinates": [ [ 649293.074633334530517, 6862009.632071609608829 ], [ 649304.109394258353859, 6862022.31113700568676 ] ] } },
{ "type": "Feature", "properties": { "id": 613, "id1": 495, "id2": 333 }, "geometry": { "type": "LineString", "coordinates": [ [ 648670.863639321178198, 6862389.978490355424583 ], [ 648673.194083096110262, 6862386.210234941914678 ] ] } },
{ "type": "Feature", "properties": { "id": 614, "id1": 496, "id2": 339 }, "geometry": { "type": "LineString", "coordinates": [ [ 648740.503305954858661, 6862601.117835612036288 ], [ 648735.781278511509299, 6862592.383164715021849 ] ] } },
{ "type": "Feature", "properties": { "id": 615, "id1": 497, "id2": 316 }, "geometry": { "type": "LineString", "coordinates": [ [ 648724.001603055163287, 6862686.494432815350592 ], [ 648719.004588714335114, 6862662.790943469852209 ] ] } },
{ "type": "Feature", "properties": { "id": 616, "id1": 498, "id2": 324 }, "geometry": { "type": "LineString", "coordinates": [ [ 648502.493994478834793, 6862596.202428840100765 ], [ 648521.9286563990172, 6862550.704512895084918 ] ] } },
{ "type": "Feature", "properties": { "id": 618, "id1": 499, "id2": 261 }, "geometry": { "type": "LineString", "coordinates": [ [ 649776.03478327812627, 6861405.555257932282984 ], [ 649774.127286795875989, 6861404.026741343550384 ] ] } },
{ "type": "Feature", "properties": { "id": 619, "id1": 500, "id2": 262 }, "geometry": { "type": "LineString", "coordinates": [ [ 649934.944462098064832, 6861430.282409386709332 ], [ 649932.210951999062672, 6861431.549512267112732 ] ] } },
{ "type": "Feature", "properties": { "id": 620, "id1": 501, "id2": 265 }, "geometry": { "type": "LineString", "coordinates": [ [ 650046.808138861670159, 6861325.378111631609499 ], [ 650045.141697635292076, 6861325.856798175722361 ] ] } },
{ "type": "Feature", "properties": { "id": 621, "id1": 502, "id2": 266 }, "geometry": { "type": "LineString", "coordinates": [ [ 650084.22948541585356, 6861205.133376417681575 ], [ 650081.782418192946352, 6861205.796901422552764 ] ] } },
{ "type": "Feature", "properties": { "id": 622, "id1": 503, "id2": 267 }, "geometry": { "type": "LineString", "coordinates": [ [ 650008.952023780788295, 6861221.742715831845999 ], [ 650006.476693479344249, 6861222.671983807347715 ] ] } },
{ "type": "Feature", "properties": { "id": 623, "id1": 504, "id2": 264 }, "geometry": { "type": "LineString", "coordinates": [ [ 650212.963432658929378, 6861371.584378630854189 ], [ 650211.954155860934407, 6861373.130534321069717 ] ] } },
{ "type": "Feature", "properties": { "id": 624, "id1": 505, "id2": 258 }, "geometry": { "type": "LineString", "coordinates": [ [ 650512.975576721364632, 6861766.208284040912986 ], [ 650510.017941437894478, 6861766.702125612646341 ] ] } },
{ "type": "Feature", "properties": { "id": 625, "id1": 506, "id2": 22 }, "geometry": { "type": "LineString", "coordinates": [ [ 649661.164122375310399, 6861648.907497584819794 ], [ 649663.435587682295591, 6861646.671498572453856 ] ] } },
{ "type": "Feature", "properties": { "id": 626, "id1": 507, "id2": 268 }, "geometry": { "type": "LineString", "coordinates": [ [ 649894.163668426219374, 6861163.899088400416076 ], [ 649892.538866744958796, 6861164.286331313662231 ] ] } },
{ "type": "Feature", "properties": { "id": 627, "id1": 508, "id2": 306 }, "geometry": { "type": "LineString", "coordinates": [ [ 649765.831476341816597, 6861031.107660508714616 ], [ 649762.623079377575777, 6861029.572913209907711 ] ] } },
{ "type": "Feature", "properties": { "id": 632, "id1": 516, "id2": 304 }, "geometry": { "type": "LineString", "coordinates": [ [ 649598.180425815633498, 6860982.222051290795207 ], [ 649599.414735781261697, 6860979.258563240990043 ] ] } },
{ "type": "Feature", "properties": { "id": 633, "id1": 517, "id2": 307 }, "geometry": { "type": "LineString", "coordinates": [ [ 649554.130098183522932, 6861114.420505786314607 ], [ 649553.480457958998159, 6861115.765388397499919 ] ] } },
{ "type": "Feature", "properties": { "id": 634, "id1": 518, "id2": 296 }, "geometry": { "type": "LineString", "coordinates": [ [ 649628.294638707535341, 6861150.677991033531725 ], [ 649626.656500969314948, 6861150.296902297995985 ] ] } },
{ "type": "Feature", "properties": { "id": 635, "id1": 519, "id2": 297 }, "geometry": { "type": "LineString", "coordinates": [ [ 649713.310836863121949, 6861181.358714306727052 ], [ 649710.936574361170642, 6861179.351155095733702 ] ] } },
{ "type": "Feature", "properties": { "id": 636, "id1": 520, "id2": 9 }, "geometry": { "type": "LineString", "coordinates": [ [ 649610.531213173992001, 6861377.985564852133393 ], [ 649589.278968289378099, 6861568.967678950168192 ] ] } },
{ "type": "Feature", "properties": { "id": 638, "id1": 521, "id2": 350 }, "geometry": { "type": "LineString", "coordinates": [ [ 648483.089125497848727, 6862011.90117315761745 ], [ 648646.294429835746996, 6861859.668229669332504 ] ] } },
{ "type": "Feature", "properties": { "id": 640, "id1": 523, "id2": 332 }, "geometry": { "type": "LineString", "coordinates": [ [ 648081.210597488447092, 6861921.295289764180779 ], [ 648078.343819227418862, 6861914.617146907374263 ] ] } },
{ "type": "Feature", "properties": { "id": 641, "id1": 524, "id2": 345 }, "geometry": { "type": "LineString", "coordinates": [ [ 648337.457084020366892, 6861750.016390975564718 ], [ 648338.2337548781652, 6861741.392386632040143 ] ] } },
{ "type": "Feature", "properties": { "id": 642, "id1": 525, "id2": 136 }, "geometry": { "type": "LineString", "coordinates": [ [ 652518.002019563573413, 6861336.237468957901001 ], [ 652514.672242248198017, 6861334.480227049440145 ] ] } },
{ "type": "Feature", "properties": { "id": 643, "id1": 526, "id2": 343 }, "geometry": { "type": "LineString", "coordinates": [ [ 648452.252769922255538, 6861584.309289023280144 ], [ 648451.667465455597267, 6861581.027404215186834 ] ] } },
{ "type": "Feature", "properties": { "id": 644, "id1": 527, "id2": 347 }, "geometry": { "type": "LineString", "coordinates": [ [ 648494.17242898105178, 6861422.776159266941249 ], [ 648494.7757412615465, 6861421.172296175733209 ] ] } },
{ "type": "Feature", "properties": { "id": 645, "id1": 528, "id2": 1255 }, "geometry": { "type": "LineString", "coordinates": [ [ 648321.425696820369922, 6861476.445817581377923 ], [ 648323.530477218097076, 6861469.116658465005457 ] ] } },
{ "type": "Feature", "properties": { "id": 646, "id1": 529, "id2": 346 }, "geometry": { "type": "LineString", "coordinates": [ [ 648268.76589057315141, 6861391.212754453532398 ], [ 648271.99398194544483, 6861384.278037040494382 ] ] } },
{ "type": "Feature", "properties": { "id": 647, "id1": 530, "id2": 342 }, "geometry": { "type": "LineString", "coordinates": [ [ 648007.916839830810204, 6861743.419916176237166 ], [ 648008.936256065615453, 6861736.696527199819684 ] ] } },
{ "type": "Feature", "properties": { "id": 648, "id1": 531, "id2": 344 }, "geometry": { "type": "LineString", "coordinates": [ [ 648062.293176375911571, 6861525.608462629839778 ], [ 648228.276509550167248, 6861592.829431479796767 ] ] } },
{ "type": "Feature", "properties": { "id": 649, "id1": 563, "id2": 249 }, "geometry": { "type": "LineString", "coordinates": [ [ 650132.270258991513401, 6861026.407155649736524 ], [ 650129.854538202635013, 6861028.24212627671659 ] ] } },
{ "type": "Feature", "properties": { "id": 651, "id1": 533, "id2": 348 }, "geometry": { "type": "LineString", "coordinates": [ [ 648688.963977188570425, 6861367.774190869182348 ], [ 648689.886055698036216, 6861364.389855266548693 ] ] } },
{ "type": "Feature", "properties": { "id": 652, "id1": 534, "id2": 349 }, "geometry": { "type": "LineString", "coordinates": [ [ 648701.335741385468282, 6861256.138419036753476 ], [ 648707.331234762794338, 6861251.884585785679519 ] ] } },
{ "type": "Feature", "properties": { "id": 654, "id1": 536, "id2": 351 }, "geometry": { "type": "LineString", "coordinates": [ [ 648848.365330011467449, 6861162.66995554883033 ], [ 649027.791419034590945, 6861165.917064467445016 ] ] } },
{ "type": "Feature", "properties": { "id": 656, "id1": 538, "id2": 234 }, "geometry": { "type": "LineString", "coordinates": [ [ 650952.228787044412456, 6861516.793491795659065 ], [ 650949.475707511184737, 6861518.139874865300953 ] ] } },
{ "type": "Feature", "properties": { "id": 659, "id1": 540, "id2": 352 }, "geometry": { "type": "LineString", "coordinates": [ [ 649221.455676244571805, 6861090.609121042303741 ], [ 649227.998775792890228, 6861116.88655243627727 ] ] } },
{ "type": "Feature", "properties": { "id": 661, "id1": 542, "id2": 308 }, "geometry": { "type": "LineString", "coordinates": [ [ 649387.16461340803653, 6861312.316431504674256 ], [ 649387.975925414124504, 6861313.083002335391939 ] ] } },
{ "type": "Feature", "properties": { "id": 662, "id1": 543, "id2": 356 }, "geometry": { "type": "LineString", "coordinates": [ [ 649454.227539407205768, 6861559.551014123484492 ], [ 649453.6813506889157, 6861556.246287387795746 ] ] } },
{ "type": "Feature", "properties": { "id": 663, "id1": 585, "id2": 1185 }, "geometry": { "type": "LineString", "coordinates": [ [ 650018.097713549737819, 6863595.423892707563937 ], [ 650015.600722965085879, 6863598.522472992539406 ] ] } },
{ "type": "Feature", "properties": { "id": 664, "id1": 544, "id2": 309 }, "geometry": { "type": "LineString", "coordinates": [ [ 649220.863821184728295, 6861413.965175 ], [ 649222.17708327260334, 6861411.69234832841903 ] ] } },
{ "type": "Feature", "properties": { "id": 665, "id1": 545, "id2": 310 }, "geometry": { "type": "LineString", "coordinates": [ [ 649320.660164345987141, 6861592.53528518974781 ], [ 649318.829684114549309, 6861591.416544360108674 ] ] } },
{ "type": "Feature", "properties": { "id": 666, "id1": 546, "id2": 311 }, "geometry": { "type": "LineString", "coordinates": [ [ 649236.163356321281753, 6861715.314240678213537 ], [ 649236.948650865931995, 6861715.946255667135119 ] ] } },
{ "type": "Feature", "properties": { "id": 667, "id1": 547, "id2": 303 }, "geometry": { "type": "LineString", "coordinates": [ [ 649538.058193001896143, 6860889.027196225710213 ], [ 649540.267521681496873, 6860887.839724900200963 ] ] } },
{ "type": "Feature", "properties": { "id": 668, "id1": 548, "id2": 302 }, "geometry": { "type": "LineString", "coordinates": [ [ 650977.456991487066261, 6861724.399439138360322 ], [ 650970.991761829471216, 6861704.27053574565798 ] ] } },
{ "type": "Feature", "properties": { "id": 670, "id1": 550, "id2": 274 }, "geometry": { "type": "LineString", "coordinates": [ [ 650982.304194378317334, 6861631.046370109543204 ], [ 650981.172297745477408, 6861632.194108844734728 ] ] } },
{ "type": "Feature", "properties": { "id": 671, "id1": 551, "id2": 273 }, "geometry": { "type": "LineString", "coordinates": [ [ 650901.421010277001187, 6861609.601991039700806 ], [ 650900.08433012443129, 6861610.837582668289542 ] ] } },
{ "type": "Feature", "properties": { "id": 672, "id1": 552, "id2": 301 }, "geometry": { "type": "LineString", "coordinates": [ [ 650864.340013484004885, 6861692.075325524434447 ], [ 650862.552401675377041, 6861691.702571528963745 ] ] } },
{ "type": "Feature", "properties": { "id": 673, "id1": 553, "id2": 382 }, "geometry": { "type": "LineString", "coordinates": [ [ 650779.835709508624859, 6861750.253972047939897 ], [ 650778.696250399458222, 6861749.76852566190064 ] ] } },
{ "type": "Feature", "properties": { "id": 674, "id1": 554, "id2": 256 }, "geometry": { "type": "LineString", "coordinates": [ [ 650700.947858486906625, 6861596.43943065777421 ], [ 650699.927535061258823, 6861598.012204331345856 ] ] } },
{ "type": "Feature", "properties": { "id": 675, "id1": 555, "id2": 257 }, "geometry": { "type": "LineString", "coordinates": [ [ 650481.443359060562216, 6861562.899688293226063 ], [ 650480.414208449423313, 6861566.206518325023353 ] ] } },
{ "type": "Feature", "properties": { "id": 676, "id1": 556, "id2": 232 }, "geometry": { "type": "LineString", "coordinates": [ [ 651038.683273343136534, 6861525.833461423404515 ], [ 651033.716081694001332, 6861528.856104609556496 ] ] } },
{ "type": "Feature", "properties": { "id": 677, "id1": 557, "id2": 233 }, "geometry": { "type": "LineString", "coordinates": [ [ 650904.715206624823622, 6861534.546719560399652 ], [ 650901.627802982460707, 6861535.501504292711616 ] ] } },
{ "type": "Feature", "properties": { "id": 678, "id1": 558, "id2": 242 }, "geometry": { "type": "LineString", "coordinates": [ [ 650758.960553899174556, 6861247.176132697612047 ], [ 650812.798145397217013, 6861307.981206519529223 ] ] } },
{ "type": "Feature", "properties": { "id": 680, "id1": 559, "id2": 272 }, "geometry": { "type": "LineString", "coordinates": [ [ 650613.014193159644492, 6861391.74621643871069 ], [ 650610.920899418881163, 6861392.641676454804838 ] ] } },
{ "type": "Feature", "properties": { "id": 681, "id1": 560, "id2": 254 }, "geometry": { "type": "LineString", "coordinates": [ [ 650468.684173016692512, 6861283.305943920277059 ], [ 650465.300433052703738, 6861284.656320325098932 ] ] } },
{ "type": "Feature", "properties": { "id": 682, "id1": 561, "id2": 255 }, "geometry": { "type": "LineString", "coordinates": [ [ 650421.0008443800034, 6861246.397910328581929 ], [ 650418.210068495711312, 6861247.272050186060369 ] ] } },
{ "type": "Feature", "properties": { "id": 683, "id1": 562, "id2": 250 }, "geometry": { "type": "LineString", "coordinates": [ [ 650276.059810753446072, 6861135.447488055564463 ], [ 650273.46444353600964, 6861137.498157632537186 ] ] } },
{ "type": "Feature", "properties": { "id": 684, "id1": 586, "id2": 1187 }, "geometry": { "type": "LineString", "coordinates": [ [ 650047.623638420714997, 6863677.634318902157247 ], [ 650047.052991517586634, 6863678.938795807771385 ] ] } },
{ "type": "Feature", "properties": { "id": 685, "id1": 564, "id2": 269 }, "geometry": { "type": "LineString", "coordinates": [ [ 650022.048942358000204, 6860957.092796551994979 ], [ 650019.551279781851918, 6860958.246113052591681 ] ] } },
{ "type": "Feature", "properties": { "id": 686, "id1": 565, "id2": 251 }, "geometry": { "type": "LineString", "coordinates": [ [ 650482.0543984756805, 6861063.92877634614706 ], [ 650422.157685823040083, 6861018.026209325529635 ] ] } },
{ "type": "Feature", "properties": { "id": 688, "id1": 566, "id2": 248 }, "geometry": { "type": "LineString", "coordinates": [ [ 650299.188637816230766, 6860940.866642593406141 ], [ 650228.897761562257074, 6860903.501564803533256 ] ] } },
{ "type": "Feature", "properties": { "id": 690, "id1": 568, "id2": 437 }, "geometry": { "type": "LineString", "coordinates": [ [ 650010.601404562126845, 6860763.074542205780745 ], [ 650009.378679983085021, 6860760.14980348944664 ] ] } },
{ "type": "Feature", "properties": { "id": 691, "id1": 569, "id2": 200 }, "geometry": { "type": "LineString", "coordinates": [ [ 650469.576864444185048, 6860776.187014675699174 ], [ 650543.508158641052432, 6860772.650013939477503 ] ] } },
{ "type": "Feature", "properties": { "id": 693, "id1": 570, "id2": 199 }, "geometry": { "type": "LineString", "coordinates": [ [ 650317.476456283475272, 6860541.46962190978229 ], [ 650318.858701443066821, 6860544.932858314365149 ] ] } },
{ "type": "Feature", "properties": { "id": 694, "id1": 571, "id2": 197 }, "geometry": { "type": "LineString", "coordinates": [ [ 649728.299396645394154, 6860538.499424820765853 ], [ 649645.025607032701373, 6860442.604071754030883 ] ] } },
{ "type": "Feature", "properties": { "id": 697, "id1": 572, "id2": 224 }, "geometry": { "type": "LineString", "coordinates": [ [ 651310.440047322539613, 6861348.633968494832516 ], [ 651308.932948598172516, 6861349.169760508462787 ] ] } },
{ "type": "Feature", "properties": { "id": 698, "id1": 573, "id2": 225 }, "geometry": { "type": "LineString", "coordinates": [ [ 651224.096245181164704, 6861304.357112104073167 ], [ 651222.535621152841486, 6861304.405125876888633 ] ] } },
{ "type": "Feature", "properties": { "id": 699, "id1": 574, "id2": 227 }, "geometry": { "type": "LineString", "coordinates": [ [ 651182.937792229000479, 6861403.718023979105055 ], [ 651164.041216695681214, 6861354.638218224979937 ] ] } },
{ "type": "Feature", "properties": { "id": 701, "id1": 575, "id2": 235 }, "geometry": { "type": "LineString", "coordinates": [ [ 650934.777501330594532, 6861438.920349479652941 ], [ 650932.009061862831004, 6861439.747026913799345 ] ] } },
{ "type": "Feature", "properties": { "id": 702, "id1": 576, "id2": 1007 }, "geometry": { "type": "LineString", "coordinates": [ [ 651194.600562397157773, 6863185.221684664487839 ], [ 651194.403426033561118, 6863184.494020676240325 ] ] } },
{ "type": "Feature", "properties": { "id": 703, "id1": 577, "id2": 228 }, "geometry": { "type": "LineString", "coordinates": [ [ 650932.460383950965479, 6861371.719806916080415 ], [ 650929.991163297439925, 6861372.241841266863048 ] ] } },
{ "type": "Feature", "properties": { "id": 704, "id1": 578, "id2": 237 }, "geometry": { "type": "LineString", "coordinates": [ [ 651006.502699441392906, 6861397.412110490724444 ], [ 651003.674824060406536, 6861396.728371985256672 ] ] } },
{ "type": "Feature", "properties": { "id": 705, "id1": 579, "id2": 1138 }, "geometry": { "type": "LineString", "coordinates": [ [ 650366.566971499705687, 6863249.653408318758011 ], [ 650364.633683110238053, 6863249.938380886800587 ] ] } },
{ "type": "Feature", "properties": { "id": 706, "id1": 580, "id2": 1087 }, "geometry": { "type": "LineString", "coordinates": [ [ 650261.179090129444376, 6863302.664111705496907 ], [ 650260.208539444836788, 6863304.173995569348335 ] ] } },
{ "type": "Feature", "properties": { "id": 707, "id1": 581, "id2": 1183 }, "geometry": { "type": "LineString", "coordinates": [ [ 650233.053741430630907, 6863515.484456824138761 ], [ 650232.950286737992428, 6863517.052184068597853 ] ] } },
{ "type": "Feature", "properties": { "id": 708, "id1": 582, "id2": 1189 }, "geometry": { "type": "LineString", "coordinates": [ [ 650276.159537944360636, 6863630.800897620618343 ], [ 650275.795317320385948, 6863632.036329213529825 ] ] } },
{ "type": "Feature", "properties": { "id": 709, "id1": 583, "id2": 1084 }, "geometry": { "type": "LineString", "coordinates": [ [ 650336.430366116459481, 6863477.72361109778285 ], [ 650334.383196662645787, 6863475.909277303144336 ] ] } },
{ "type": "Feature", "properties": { "id": 710, "id1": 584, "id2": 1184 }, "geometry": { "type": "LineString", "coordinates": [ [ 650133.650071514653973, 6863563.535291673615575 ], [ 650133.292244742275216, 6863566.414010806940496 ] ] } },
{ "type": "Feature", "properties": { "id": 711, "id1": 588, "id2": 1099 }, "geometry": { "type": "LineString", "coordinates": [ [ 649708.164357401547022, 6863596.087167945690453 ], [ 649702.082118135527708, 6863595.597742406651378 ] ] } },
{ "type": "Feature", "properties": { "id": 712, "id1": 589, "id2": 1231 }, "geometry": { "type": "LineString", "coordinates": [ [ 649580.94985534902662, 6863440.84289473015815 ], [ 649596.811077390564606, 6863428.963698473758996 ] ] } },
{ "type": "Feature", "properties": { "id": 713, "id1": 590, "id2": 1295 }, "geometry": { "type": "LineString", "coordinates": [ [ 649979.508820202783681, 6863426.166988909244537 ], [ 649975.877916557015851, 6863427.460709999315441 ] ] } },
{ "type": "Feature", "properties": { "id": 715, "id1": 592, "id2": 1106 }, "geometry": { "type": "LineString", "coordinates": [ [ 648354.77712132781744, 6863442.596196113154292 ], [ 648322.379223479772918, 6863318.949364127591252 ] ] } },
{ "type": "Feature", "properties": { "id": 717, "id1": 593, "id2": 1129 }, "geometry": { "type": "LineString", "coordinates": [ [ 648755.01462048990652, 6863393.981946984305978 ], [ 648933.496295020566322, 6863456.604843533597887 ] ] } },
{ "type": "Feature", "properties": { "id": 719, "id1": 594, "id2": 1125 }, "geometry": { "type": "LineString", "coordinates": [ [ 648358.967138557229191, 6863080.219591818749905 ], [ 648359.727479503606446, 6863086.066269743256271 ] ] } },
{ "type": "Feature", "properties": { "id": 720, "id1": 595, "id2": 1021 }, "geometry": { "type": "LineString", "coordinates": [ [ 651242.776205959031358, 6863167.993993999436498 ], [ 651243.042746551218443, 6863167.059853507205844 ] ] } },
{ "type": "Feature", "properties": { "id": 721, "id1": 596, "id2": 1020 }, "geometry": { "type": "LineString", "coordinates": [ [ 651209.796987816225737, 6863074.919375989586115 ], [ 651208.868541548261419, 6863074.807618421502411 ] ] } },
{ "type": "Feature", "properties": { "id": 722, "id1": 597, "id2": 1033 }, "geometry": { "type": "LineString", "coordinates": [ [ 651155.400655339588411, 6862959.347325139679015 ], [ 651155.753000261145644, 6862959.518097049556673 ] ] } },
{ "type": "Feature", "properties": { "id": 723, "id1": 598, "id2": 1127 }, "geometry": { "type": "LineString", "coordinates": [ [ 648500.174654272850603, 6863021.23165993951261 ], [ 648506.914246497326531, 6863025.132263240404427 ] ] } },
{ "type": "Feature", "properties": { "id": 724, "id1": 599, "id2": 1126 }, "geometry": { "type": "LineString", "coordinates": [ [ 648308.045494408346713, 6863002.829058894887567 ], [ 648308.438558340887539, 6863009.91130178142339 ] ] } },
{ "type": "Feature", "properties": { "id": 725, "id1": 600, "id2": 1094 }, "geometry": { "type": "LineString", "coordinates": [ [ 648322.48011926736217, 6863266.913136479444802 ], [ 648388.129982073092833, 6863282.068677451461554 ] ] } },
{ "type": "Feature", "properties": { "id": 730, "id1": 601, "id2": 1092 }, "geometry": { "type": "LineString", "coordinates": [ [ 648227.146023069741204, 6862839.44112750981003 ], [ 648222.533094116253778, 6862841.119334047660232 ] ] } },
{ "type": "Feature", "properties": { "id": 731, "id1": 643, "id2": 1019 }, "geometry": { "type": "LineString", "coordinates": [ [ 651266.45531452447176, 6863033.007895071990788 ], [ 651266.996745124692097, 6863031.45360606815666 ] ] } },
{ "type": "Feature", "properties": { "id": 732, "id1": 644, "id2": 1018 }, "geometry": { "type": "LineString", "coordinates": [ [ 651303.400059498730116, 6863099.69898868072778 ], [ 651303.33457749534864, 6863098.559844650328159 ] ] } },
{ "type": "Feature", "properties": { "id": 733, "id1": 602, "id2": 1093 }, "geometry": { "type": "LineString", "coordinates": [ [ 648065.495720423525199, 6862911.377332511357963 ], [ 648071.881924020941369, 6862905.399434734135866 ] ] } },
{ "type": "Feature", "properties": { "id": 734, "id1": 603, "id2": 1122 }, "geometry": { "type": "LineString", "coordinates": [ [ 648128.008878925465979, 6863026.194726144894958 ], [ 648180.296180608100258, 6863041.065046194940805 ] ] } },
{ "type": "Feature", "properties": { "id": 737, "id1": 604, "id2": 1109 }, "geometry": { "type": "LineString", "coordinates": [ [ 648092.811376391910017, 6863243.679763314314187 ], [ 648033.09158084646333, 6863301.8091981112957 ] ] } },
{ "type": "Feature", "properties": { "id": 739, "id1": 605, "id2": 1111 }, "geometry": { "type": "LineString", "coordinates": [ [ 648011.234151236712933, 6863073.933928241021931 ], [ 648009.419341519591399, 6863077.533391271717846 ] ] } },
{ "type": "Feature", "properties": { "id": 740, "id1": 606, "id2": 1120 }, "geometry": { "type": "LineString", "coordinates": [ [ 648152.444208265282214, 6863086.38992967363447 ], [ 648260.702202662243508, 6863127.50166342779994 ] ] } },
{ "type": "Feature", "properties": { "id": 741, "id1": 607, "id2": 1114 }, "geometry": { "type": "LineString", "coordinates": [ [ 647894.303637352306396, 6862956.706806559115648 ], [ 647833.207627659197897, 6862875.768919561058283 ] ] } },
{ "type": "Feature", "properties": { "id": 743, "id1": 609, "id2": 1112 }, "geometry": { "type": "LineString", "coordinates": [ [ 647920.251421206514351, 6863094.031660738401115 ], [ 647932.057705576182343, 6863109.760184930637479 ] ] } },
{ "type": "Feature", "properties": { "id": 745, "id1": 610, "id2": 1133 }, "geometry": { "type": "LineString", "coordinates": [ [ 648978.192087299190462, 6863280.442373021505773 ], [ 649178.775728195207193, 6863429.015024472028017 ] ] } },
{ "type": "Feature", "properties": { "id": 747, "id1": 611, "id2": 1239 }, "geometry": { "type": "LineString", "coordinates": [ [ 649665.415423941332847, 6863135.209130712784827 ], [ 649669.313378354418091, 6863128.049439389258623 ] ] } },
{ "type": "Feature", "properties": { "id": 748, "id1": 612, "id2": 1137 }, "geometry": { "type": "LineString", "coordinates": [ [ 649198.770866086357273, 6863127.63965118303895 ], [ 649192.279182726400904, 6863120.637173955328763 ] ] } },
{ "type": "Feature", "properties": { "id": 749, "id1": 613, "id2": 990 }, "geometry": { "type": "LineString", "coordinates": [ [ 651673.263234144542366, 6863645.918723955750465 ], [ 651674.215903352946043, 6863642.81577774323523 ] ] } },
{ "type": "Feature", "properties": { "id": 750, "id1": 614, "id2": 1071 }, "geometry": { "type": "LineString", "coordinates": [ [ 650542.928876400808804, 6863393.849984259344637 ], [ 650591.172310181660578, 6863407.10745564289391 ] ] } },
{ "type": "Feature", "properties": { "id": 753, "id1": 615, "id2": 1081 }, "geometry": { "type": "LineString", "coordinates": [ [ 650711.829336554044858, 6863336.630057433620095 ], [ 650710.894244726747274, 6863338.541182935237885 ] ] } },
{ "type": "Feature", "properties": { "id": 754, "id1": 645, "id2": 1017 }, "geometry": { "type": "LineString", "coordinates": [ [ 651327.503854061826132, 6863144.584059430286288 ], [ 651328.752251346246339, 6863144.604748694226146 ] ] } },
{ "type": "Feature", "properties": { "id": 755, "id1": 616, "id2": 1023 }, "geometry": { "type": "LineString", "coordinates": [ [ 650939.1592344265664, 6863178.5342868110165 ], [ 651060.323854491580278, 6863260.281133851967752 ] ] } },
{ "type": "Feature", "properties": { "id": 760, "id1": 617, "id2": 1072 }, "geometry": { "type": "LineString", "coordinates": [ [ 650945.943843075423501, 6863479.994942654855549 ], [ 650966.049128041602671, 6863392.278283515013754 ] ] } },
{ "type": "Feature", "properties": { "id": 764, "id1": 618, "id2": 982 }, "geometry": { "type": "LineString", "coordinates": [ [ 651033.042198516312055, 6863359.380810096859932 ], [ 651033.322755963192321, 6863359.687966263853014 ] ] } },
{ "type": "Feature", "properties": { "id": 765, "id1": 619, "id2": 979 }, "geometry": { "type": "LineString", "coordinates": [ [ 651146.827458727173507, 6863503.52165506593883 ], [ 651178.96321590768639, 6863589.577939447015524 ] ] } },
{ "type": "Feature", "properties": { "id": 768, "id1": 620, "id2": 983 }, "geometry": { "type": "LineString", "coordinates": [ [ 651097.761078604613431, 6863338.458396397531033 ], [ 651097.999805791536346, 6863337.778575899079442 ] ] } },
{ "type": "Feature", "properties": { "id": 769, "id1": 621, "id2": 1029 }, "geometry": { "type": "LineString", "coordinates": [ [ 651029.607145153800957, 6863097.209351778961718 ], [ 651030.703202662407421, 6863096.954917578957975 ] ] } },
{ "type": "Feature", "properties": { "id": 770, "id1": 622, "id2": 978 }, "geometry": { "type": "LineString", "coordinates": [ [ 651242.005824381252751, 6863524.857791638933122 ], [ 651249.33281722816173, 6863603.38956135045737 ] ] } },
{ "type": "Feature", "properties": { "id": 772, "id1": 623, "id2": 996 }, "geometry": { "type": "LineString", "coordinates": [ [ 651321.995353353326209, 6863548.149317825213075 ], [ 651321.7566338845063, 6863548.954478717409074 ] ] } },
{ "type": "Feature", "properties": { "id": 773, "id1": 624, "id2": 995 }, "geometry": { "type": "LineString", "coordinates": [ [ 651415.444927434320562, 6863441.781990807503462 ], [ 651415.778325971565209, 6863441.857914848253131 ] ] } },
{ "type": "Feature", "properties": { "id": 774, "id1": 625, "id2": 985 }, "geometry": { "type": "LineString", "coordinates": [ [ 651402.77071892528329, 6863374.86990792863071 ], [ 651404.168104889104143, 6863374.864058715291321 ] ] } },
{ "type": "Feature", "properties": { "id": 775, "id1": 626, "id2": 994 }, "geometry": { "type": "LineString", "coordinates": [ [ 651442.591548562631942, 6863536.177073001861572 ], [ 651442.782916987431236, 6863536.706109361723065 ] ] } },
{ "type": "Feature", "properties": { "id": 776, "id1": 627, "id2": 894 }, "geometry": { "type": "LineString", "coordinates": [ [ 651383.72679997200612, 6863639.446536040864885 ], [ 651382.25251871754881, 6863637.318711197003722 ] ] } },
{ "type": "Feature", "properties": { "id": 777, "id1": 628, "id2": 993 }, "geometry": { "type": "LineString", "coordinates": [ [ 651409.756950468989089, 6863589.593067994341254 ], [ 651408.645165414898656, 6863589.88516715541482 ] ] } },
{ "type": "Feature", "properties": { "id": 778, "id1": 629, "id2": 943 }, "geometry": { "type": "LineString", "coordinates": [ [ 651432.393498313962482, 6863666.783079648390412 ], [ 651430.70356775727123, 6863666.429102880880237 ] ] } },
{ "type": "Feature", "properties": { "id": 779, "id1": 630, "id2": 975 }, "geometry": { "type": "LineString", "coordinates": [ [ 651230.487674683216028, 6863319.373149407096207 ], [ 651232.198371532023884, 6863319.714878126978874 ] ] } },
{ "type": "Feature", "properties": { "id": 780, "id1": 631, "id2": 1022 }, "geometry": { "type": "LineString", "coordinates": [ [ 651145.607282115961425, 6863156.932361887767911 ], [ 651147.942947879899293, 6863153.756272593513131 ] ] } },
{ "type": "Feature", "properties": { "id": 781, "id1": 632, "id2": 1031 }, "geometry": { "type": "LineString", "coordinates": [ [ 651095.690967787173577, 6863151.095792550593615 ], [ 651095.665003701578826, 6863150.281039635650814 ] ] } },
{ "type": "Feature", "properties": { "id": 782, "id1": 633, "id2": 1032 }, "geometry": { "type": "LineString", "coordinates": [ [ 651125.309616195154376, 6863069.575878337025642 ], [ 651126.379482916556299, 6863068.699474243447185 ] ] } },
{ "type": "Feature", "properties": { "id": 783, "id1": 634, "id2": 1030 }, "geometry": { "type": "LineString", "coordinates": [ [ 651053.596746558090672, 6863049.447979347780347 ], [ 651079.189219023683108, 6862995.548483163118362 ] ] } },
{ "type": "Feature", "properties": { "id": 785, "id1": 636, "id2": 1036 }, "geometry": { "type": "LineString", "coordinates": [ [ 651176.67050837224815, 6862878.53876094147563 ], [ 651176.522342462092638, 6862880.103504028171301 ] ] } },
{ "type": "Feature", "properties": { "id": 786, "id1": 637, "id2": 1039 }, "geometry": { "type": "LineString", "coordinates": [ [ 651258.353930902667344, 6862915.420130085200071 ], [ 651258.343182335840538, 6862916.839646430686116 ] ] } },
{ "type": "Feature", "properties": { "id": 787, "id1": 638, "id2": 1040 }, "geometry": { "type": "LineString", "coordinates": [ [ 651243.511788073228672, 6862831.596058550290763 ], [ 651242.401270627276972, 6862832.330067237839103 ] ] } },
{ "type": "Feature", "properties": { "id": 788, "id1": 639, "id2": 1041 }, "geometry": { "type": "LineString", "coordinates": [ [ 651245.439203462214209, 6862802.078436858952045 ], [ 651245.289692732156254, 6862803.825625491328537 ] ] } },
{ "type": "Feature", "properties": { "id": 789, "id1": 640, "id2": 1042 }, "geometry": { "type": "LineString", "coordinates": [ [ 651396.968628411297686, 6862921.447710921056569 ], [ 651397.345720975543372, 6862919.369549519382417 ] ] } },
{ "type": "Feature", "properties": { "id": 790, "id1": 646, "id2": 962 }, "geometry": { "type": "LineString", "coordinates": [ [ 651320.838265789207071, 6863240.273021699860692 ], [ 651320.98688388755545, 6863239.324922047555447 ] ] } },
{ "type": "Feature", "properties": { "id": 791, "id1": 647, "id2": 984 }, "geometry": { "type": "LineString", "coordinates": [ [ 651375.655645732884295, 6863234.651738820597529 ], [ 651376.577850367059, 6863234.433146137744188 ] ] } },
{ "type": "Feature", "properties": { "id": 792, "id1": 648, "id2": 969 }, "geometry": { "type": "LineString", "coordinates": [ [ 651347.078807898447849, 6863327.396921519190073 ], [ 651348.654121595085599, 6863328.131023039110005 ] ] } },
{ "type": "Feature", "properties": { "id": 793, "id1": 649, "id2": 976 }, "geometry": { "type": "LineString", "coordinates": [ [ 651404.521908001508564, 6863308.941476953215897 ], [ 651405.489480699878186, 6863310.114054749719799 ] ] } },
{ "type": "Feature", "properties": { "id": 794, "id1": 650, "id2": 992 }, "geometry": { "type": "LineString", "coordinates": [ [ 651494.543000356177799, 6863630.642611485905945 ], [ 651494.856347560533322, 6863629.70710170827806 ] ] } },
{ "type": "Feature", "properties": { "id": 795, "id1": 651, "id2": 991 }, "geometry": { "type": "LineString", "coordinates": [ [ 651520.12875737727154, 6863688.57605560310185 ], [ 651519.555580130312592, 6863685.758575791493058 ] ] } },
{ "type": "Feature", "properties": { "id": 796, "id1": 652, "id2": 988 }, "geometry": { "type": "LineString", "coordinates": [ [ 651591.271056112949736, 6863550.344065562821925 ], [ 651591.320460786344483, 6863549.365336839109659 ] ] } },
{ "type": "Feature", "properties": { "id": 797, "id1": 653, "id2": 989 }, "geometry": { "type": "LineString", "coordinates": [ [ 651701.27608670189511, 6863554.274635411798954 ], [ 651702.095362227992155, 6863552.088602228090167 ] ] } },
{ "type": "Feature", "properties": { "id": 798, "id1": 654, "id2": 986 }, "geometry": { "type": "LineString", "coordinates": [ [ 651641.056197313359007, 6863463.210249326191843 ], [ 651662.522948204539716, 6863462.465322506614029 ] ] } },
{ "type": "Feature", "properties": { "id": 800, "id1": 655, "id2": 1015 }, "geometry": { "type": "LineString", "coordinates": [ [ 651363.650597753934562, 6863024.422871065326035 ], [ 651363.249056385830045, 6863024.663949111476541 ] ] } },
{ "type": "Feature", "properties": { "id": 801, "id1": 656, "id2": 1016 }, "geometry": { "type": "LineString", "coordinates": [ [ 651478.323775497381575, 6862893.668448383919895 ], [ 651474.95443359692581, 6862885.100497148931026 ] ] } },
{ "type": "Feature", "properties": { "id": 802, "id1": 657, "id2": 972 }, "geometry": { "type": "LineString", "coordinates": [ [ 651606.438773868489079, 6863250.317364449612796 ], [ 651605.334599718335085, 6863247.113666967488825 ] ] } },
{ "type": "Feature", "properties": { "id": 804, "id1": 658, "id2": 973 }, "geometry": { "type": "LineString", "coordinates": [ [ 651606.414757299469784, 6863123.703615044243634 ], [ 651606.586820582742803, 6863123.595664993859828 ] ] } },
{ "type": "Feature", "properties": { "id": 805, "id1": 659, "id2": 1293 }, "geometry": { "type": "LineString", "coordinates": [ [ 651467.728565969504416, 6863231.255864273756742 ], [ 651468.271395246847533, 6863231.857638080604374 ] ] } },
{ "type": "Feature", "properties": { "id": 806, "id1": 660, "id2": 1292 }, "geometry": { "type": "LineString", "coordinates": [ [ 651517.463279226445593, 6863362.03058051597327 ], [ 651518.556644079391845, 6863361.650409492664039 ] ] } },
{ "type": "Feature", "properties": { "id": 807, "id1": 661, "id2": 885 }, "geometry": { "type": "LineString", "coordinates": [ [ 651522.665226455079392, 6862808.591552511788905 ], [ 651536.762980709783733, 6862851.741401390172541 ] ] } },
{ "type": "Feature", "properties": { "id": 809, "id1": 662, "id2": 881 }, "geometry": { "type": "LineString", "coordinates": [ [ 651625.673258839175105, 6862857.705928046256304 ], [ 651625.325914743007161, 6862857.335945229046047 ] ] } },
{ "type": "Feature", "properties": { "id": 810, "id1": 663, "id2": 884 }, "geometry": { "type": "LineString", "coordinates": [ [ 651563.956311405054294, 6863000.924540339969099 ], [ 651564.17065236880444, 6863000.816691377200186 ] ] } },
{ "type": "Feature", "properties": { "id": 811, "id1": 664, "id2": 883 }, "geometry": { "type": "LineString", "coordinates": [ [ 651607.043871449306607, 6863060.166826423257589 ], [ 651606.324816063046455, 6863058.648153160698712 ] ] } },
{ "type": "Feature", "properties": { "id": 812, "id1": 665, "id2": 974 }, "geometry": { "type": "LineString", "coordinates": [ [ 651630.819202565238811, 6863098.724642229266465 ], [ 651631.950764714507386, 6863097.530633294023573 ] ] } },
{ "type": "Feature", "properties": { "id": 813, "id1": 666, "id2": 882 }, "geometry": { "type": "LineString", "coordinates": [ [ 651629.451849596109241, 6863018.497697756625712 ], [ 651629.052271270775236, 6863016.383319452404976 ] ] } },
{ "type": "Feature", "properties": { "id": 814, "id1": 667, "id2": 977 }, "geometry": { "type": "LineString", "coordinates": [ [ 651683.37593302084133, 6862993.860386088490486 ], [ 651683.869581844774075, 6862992.063917915336788 ] ] } },
{ "type": "Feature", "properties": { "id": 815, "id1": 668, "id2": 964 }, "geometry": { "type": "LineString", "coordinates": [ [ 651737.042352147749625, 6862945.129530932754278 ], [ 651736.995125671266578, 6862945.863719599321485 ] ] } },
{ "type": "Feature", "properties": { "id": 816, "id1": 669, "id2": 880 }, "geometry": { "type": "LineString", "coordinates": [ [ 651808.682258926215582, 6862895.78108680061996 ], [ 651808.644956634379923, 6862894.79905662778765 ] ] } },
{ "type": "Feature", "properties": { "id": 817, "id1": 670, "id2": 968 }, "geometry": { "type": "LineString", "coordinates": [ [ 651783.625518873217516, 6863154.219203081913292 ], [ 651787.123390908353031, 6863155.220138783566654 ] ] } },
{ "type": "Feature", "properties": { "id": 818, "id1": 671, "id2": 961 }, "geometry": { "type": "LineString", "coordinates": [ [ 651753.072289883275516, 6863216.416818360798061 ], [ 651754.142155446810648, 6863216.03080378472805 ] ] } },
{ "type": "Feature", "properties": { "id": 819, "id1": 672, "id2": 967 }, "geometry": { "type": "LineString", "coordinates": [ [ 651803.718251670361497, 6863093.824143372476101 ], [ 651805.298607716220431, 6863093.571154393255711 ] ] } },
{ "type": "Feature", "properties": { "id": 820, "id1": 673, "id2": 971 }, "geometry": { "type": "LineString", "coordinates": [ [ 651774.136878696270287, 6863424.214877085760236 ], [ 651777.282665552571416, 6863420.20424623042345 ] ] } },
{ "type": "Feature", "properties": { "id": 821, "id1": 674, "id2": 970 }, "geometry": { "type": "LineString", "coordinates": [ [ 651775.710937930736691, 6863320.874914353713393 ], [ 651775.445187032571994, 6863317.126129521988332 ] ] } },
{ "type": "Feature", "properties": { "id": 822, "id1": 675, "id2": 931 }, "geometry": { "type": "LineString", "coordinates": [ [ 651895.005759502877481, 6863581.644924650900066 ], [ 651895.204041051212698, 6863577.483679654076695 ] ] } },
{ "type": "Feature", "properties": { "id": 823, "id1": 676, "id2": 930 }, "geometry": { "type": "LineString", "coordinates": [ [ 652015.125857424689457, 6863536.714958448894322 ], [ 652017.05282563471701, 6863534.069183386862278 ] ] } },
{ "type": "Feature", "properties": { "id": 824, "id1": 677, "id2": 940 }, "geometry": { "type": "LineString", "coordinates": [ [ 652099.025150165311061, 6863502.323804070241749 ], [ 652100.703880596556701, 6863501.30773161817342 ] ] } },
{ "type": "Feature", "properties": { "id": 825, "id1": 678, "id2": 932 }, "geometry": { "type": "LineString", "coordinates": [ [ 651905.163813117309473, 6863447.180699743330479 ], [ 651907.315783042693511, 6863443.302821421995759 ] ] } },
{ "type": "Feature", "properties": { "id": 826, "id1": 679, "id2": 933 }, "geometry": { "type": "LineString", "coordinates": [ [ 651907.724137095385231, 6863388.318166308104992 ], [ 651910.444118149462156, 6863384.449995637871325 ] ] } },
{ "type": "Feature", "properties": { "id": 827, "id1": 680, "id2": 934 }, "geometry": { "type": "LineString", "coordinates": [ [ 651906.729994861874729, 6863318.486712233163416 ], [ 651908.282692376873456, 6863315.41383642423898 ] ] } },
{ "type": "Feature", "properties": { "id": 828, "id1": 681, "id2": 965 }, "geometry": { "type": "LineString", "coordinates": [ [ 651803.283698071725667, 6862997.722359373234212 ], [ 651803.375505737494677, 6862998.450869086198509 ] ] } },
{ "type": "Feature", "properties": { "id": 829, "id1": 682, "id2": 966 }, "geometry": { "type": "LineString", "coordinates": [ [ 651862.171908050659113, 6863041.529775189235806 ], [ 651864.017674450995401, 6863041.120792639441788 ] ] } },
{ "type": "Feature", "properties": { "id": 830, "id1": 683, "id2": 942 }, "geometry": { "type": "LineString", "coordinates": [ [ 651900.453184917801991, 6862969.876538148149848 ], [ 651900.849261330673471, 6862968.504903545603156 ] ] } },
{ "type": "Feature", "properties": { "id": 831, "id1": 684, "id2": 938 }, "geometry": { "type": "LineString", "coordinates": [ [ 652007.126085880910978, 6863265.827233797870576 ], [ 652009.030411767074838, 6863264.186484542675316 ] ] } },
{ "type": "Feature", "properties": { "id": 832, "id1": 685, "id2": 939 }, "geometry": { "type": "LineString", "coordinates": [ [ 652053.938856167369522, 6863366.070207705721259 ], [ 652055.627813237602822, 6863363.984237659722567 ] ] } },
{ "type": "Feature", "properties": { "id": 833, "id1": 686, "id2": 937 }, "geometry": { "type": "LineString", "coordinates": [ [ 652034.969335455098189, 6863196.723546219989657 ], [ 652036.634825986227952, 6863198.594946155324578 ] ] } },
{ "type": "Feature", "properties": { "id": 834, "id1": 687, "id2": 935 }, "geometry": { "type": "LineString", "coordinates": [ [ 652006.356253674253821, 6863056.64327818993479 ], [ 652002.241185429156758, 6863121.09548897575587 ] ] } },
{ "type": "Feature", "properties": { "id": 837, "id1": 688, "id2": 1251 }, "geometry": { "type": "LineString", "coordinates": [ [ 649596.082782641635276, 6862342.074177732691169 ], [ 649608.887352099525742, 6862502.620664906688035 ] ] } },
{ "type": "Feature", "properties": { "id": 840, "id1": 691, "id2": 785 }, "geometry": { "type": "LineString", "coordinates": [ [ 652177.503176834667102, 6863558.726450289599597 ], [ 652178.774527488742024, 6863559.748161888681352 ] ] } },
{ "type": "Feature", "properties": { "id": 841, "id1": 692, "id2": 791 }, "geometry": { "type": "LineString", "coordinates": [ [ 652171.472428595414385, 6863486.995611248537898 ], [ 652172.754955268930644, 6863487.292710471898317 ] ] } },
{ "type": "Feature", "properties": { "id": 842, "id1": 693, "id2": 788 }, "geometry": { "type": "LineString", "coordinates": [ [ 652197.042708643362857, 6863484.020695669576526 ], [ 652198.49318709212821, 6863484.54904543235898 ] ] } },
{ "type": "Feature", "properties": { "id": 843, "id1": 694, "id2": 790 }, "geometry": { "type": "LineString", "coordinates": [ [ 652228.773287277552299, 6863480.554387683980167 ], [ 652229.026309481239878, 6863481.046213930472732 ] ] } },
{ "type": "Feature", "properties": { "id": 844, "id1": 695, "id2": 789 }, "geometry": { "type": "LineString", "coordinates": [ [ 652268.638987747952342, 6863476.164976933039725 ], [ 652269.672719715745188, 6863476.595061273314059 ] ] } },
{ "type": "Feature", "properties": { "id": 845, "id1": 696, "id2": 787 }, "geometry": { "type": "LineString", "coordinates": [ [ 652273.400018158950843, 6863533.893541015684605 ], [ 652274.577695038518868, 6863533.537789241410792 ] ] } },
{ "type": "Feature", "properties": { "id": 846, "id1": 697, "id2": 784 }, "geometry": { "type": "LineString", "coordinates": [ [ 652234.351797781768255, 6863543.781091297976673 ], [ 652236.181269904132932, 6863544.544595598243177 ] ] } },
{ "type": "Feature", "properties": { "id": 847, "id1": 698, "id2": 786 }, "geometry": { "type": "LineString", "coordinates": [ [ 652203.710587706649676, 6863551.572172624990344 ], [ 652205.022878679214045, 6863552.1587735414505 ] ] } },
{ "type": "Feature", "properties": { "id": 848, "id1": 699, "id2": 792 }, "geometry": { "type": "LineString", "coordinates": [ [ 652225.762169781839475, 6863414.650366308167577 ], [ 652228.534249842399731, 6863415.14467625785619 ] ] } },
{ "type": "Feature", "properties": { "id": 849, "id1": 700, "id2": 793 }, "geometry": { "type": "LineString", "coordinates": [ [ 652209.617725691874512, 6863353.580250541679561 ], [ 652211.035024240612984, 6863355.356955608353019 ] ] } },
{ "type": "Feature", "properties": { "id": 850, "id1": 701, "id2": 773 }, "geometry": { "type": "LineString", "coordinates": [ [ 652354.731818735250272, 6863418.42591062374413 ], [ 652355.375482667819597, 6863419.878683650866151 ] ] } },
{ "type": "Feature", "properties": { "id": 851, "id1": 702, "id2": 783 }, "geometry": { "type": "LineString", "coordinates": [ [ 652350.526597478659824, 6863479.359932523220778 ], [ 652350.256109888548963, 6863480.190522744320333 ] ] } },
{ "type": "Feature", "properties": { "id": 852, "id1": 703, "id2": 706 }, "geometry": { "type": "LineString", "coordinates": [ [ 652343.493857171037234, 6863514.743228116072714 ], [ 652341.897775306599215, 6863514.374200684949756 ] ] } },
{ "type": "Feature", "properties": { "id": 853, "id1": 704, "id2": 781 }, "geometry": { "type": "LineString", "coordinates": [ [ 652458.501739166793413, 6863463.937531682662666 ], [ 652459.518877313355915, 6863465.762841191142797 ] ] } },
{ "type": "Feature", "properties": { "id": 854, "id1": 705, "id2": 780 }, "geometry": { "type": "LineString", "coordinates": [ [ 652459.401451240759343, 6863418.456701914779842 ], [ 652461.087032034061849, 6863421.264390697702765 ] ] } },
{ "type": "Feature", "properties": { "id": 855, "id1": 706, "id2": 779 }, "geometry": { "type": "LineString", "coordinates": [ [ 652369.666542577906512, 6863382.762228519655764 ], [ 652370.926465233205818, 6863385.55582483112812 ] ] } },
{ "type": "Feature", "properties": { "id": 856, "id1": 707, "id2": 728 }, "geometry": { "type": "LineString", "coordinates": [ [ 652158.465631127706729, 6863291.318561560474336 ], [ 652158.831435899017379, 6863292.115383018739522 ] ] } },
{ "type": "Feature", "properties": { "id": 857, "id1": 708, "id2": 759 }, "geometry": { "type": "LineString", "coordinates": [ [ 652142.780623689293861, 6862958.12074535060674 ], [ 652143.176523775327951, 6862958.918321431614459 ] ] } },
{ "type": "Feature", "properties": { "id": 858, "id1": 709, "id2": 758 }, "geometry": { "type": "LineString", "coordinates": [ [ 652149.672899415716529, 6863001.1422811569646 ], [ 652149.889256556867622, 6863001.374683978036046 ] ] } },
{ "type": "Feature", "properties": { "id": 859, "id1": 710, "id2": 757 }, "geometry": { "type": "LineString", "coordinates": [ [ 652168.129613952245563, 6863063.202120688743889 ], [ 652167.842188118956983, 6863063.897844127379358 ] ] } },
{ "type": "Feature", "properties": { "id": 860, "id1": 711, "id2": 776 }, "geometry": { "type": "LineString", "coordinates": [ [ 652185.697878341539763, 6863144.819172715768218 ], [ 652185.743621418485418, 6863144.817049541510642 ] ] } },
{ "type": "Feature", "properties": { "id": 861, "id1": 712, "id2": 772 }, "geometry": { "type": "LineString", "coordinates": [ [ 652269.654421751853079, 6862955.265826839953661 ], [ 652270.204919399344362, 6862955.624733925797045 ] ] } },
{ "type": "Feature", "properties": { "id": 862, "id1": 713, "id2": 774 }, "geometry": { "type": "LineString", "coordinates": [ [ 652286.455265139229596, 6863030.047130129300058 ], [ 652286.667963887564838, 6863031.792242207564414 ] ] } },
{ "type": "Feature", "properties": { "id": 863, "id1": 714, "id2": 775 }, "geometry": { "type": "LineString", "coordinates": [ [ 652309.234135963721201, 6863116.142227857373655 ], [ 652312.490927767124958, 6863107.242745556868613 ] ] } },
{ "type": "Feature", "properties": { "id": 864, "id1": 715, "id2": 725 }, "geometry": { "type": "LineString", "coordinates": [ [ 652374.662003868375905, 6862939.76152918022126 ], [ 652376.108790106489323, 6862941.006159396842122 ] ] } },
{ "type": "Feature", "properties": { "id": 865, "id1": 716, "id2": 735 }, "geometry": { "type": "LineString", "coordinates": [ [ 652356.909232461010106, 6862842.763428173959255 ], [ 652357.839851763565093, 6862845.022568061947823 ] ] } },
{ "type": "Feature", "properties": { "id": 866, "id1": 717, "id2": 726 }, "geometry": { "type": "LineString", "coordinates": [ [ 652462.164298836491071, 6862855.484601516276598 ], [ 652481.930410186294466, 6862900.444204829633236 ] ] } },
{ "type": "Feature", "properties": { "id": 868, "id1": 718, "id2": 578 }, "geometry": { "type": "LineString", "coordinates": [ [ 652460.492762230453081, 6862517.948608791455626 ], [ 652463.475275591365062, 6862518.122629280202091 ] ] } },
{ "type": "Feature", "properties": { "id": 869, "id1": 719, "id2": 577 }, "geometry": { "type": "LineString", "coordinates": [ [ 652480.921628770418465, 6862547.696388386189938 ], [ 652481.762490827939473, 6862548.692053108476102 ] ] } },
{ "type": "Feature", "properties": { "id": 870, "id1": 720, "id2": 576 }, "geometry": { "type": "LineString", "coordinates": [ [ 652498.103903334937058, 6862593.970380543731153 ], [ 652499.095858185668476, 6862595.104100535623729 ] ] } },
{ "type": "Feature", "properties": { "id": 871, "id1": 721, "id2": 584 }, "geometry": { "type": "LineString", "coordinates": [ [ 652518.855277828872204, 6862623.000306252390146 ], [ 652519.736242184997536, 6862624.547355831600726 ] ] } },
{ "type": "Feature", "properties": { "id": 872, "id1": 722, "id2": 573 }, "geometry": { "type": "LineString", "coordinates": [ [ 652541.655140605871566, 6862688.182447617873549 ], [ 652548.017219738918357, 6862702.585713794454932 ] ] } },
{ "type": "Feature", "properties": { "id": 875, "id1": 723, "id2": 572 }, "geometry": { "type": "LineString", "coordinates": [ [ 652571.692364322021604, 6862769.563138687983155 ], [ 652573.647000482305884, 6862769.93676998000592 ] ] } },
{ "type": "Feature", "properties": { "id": 876, "id1": 724, "id2": 571 }, "geometry": { "type": "LineString", "coordinates": [ [ 652588.443716989015229, 6862828.385670926421881 ], [ 652589.681525319232605, 6862829.131918681785464 ] ] } },
{ "type": "Feature", "properties": { "id": 877, "id1": 725, "id2": 700 }, "geometry": { "type": "LineString", "coordinates": [ [ 652608.761748267803341, 6862888.794074840843678 ], [ 652611.806592622189783, 6862888.531298073008657 ] ] } },
{ "type": "Feature", "properties": { "id": 878, "id1": 726, "id2": 701 }, "geometry": { "type": "LineString", "coordinates": [ [ 652788.212323742569424, 6862809.348647798411548 ], [ 652789.603853182052262, 6862809.663697346113622 ] ] } },
{ "type": "Feature", "properties": { "id": 879, "id1": 727, "id2": 724 }, "geometry": { "type": "LineString", "coordinates": [ [ 652502.651191482320428, 6862981.682977263815701 ], [ 652505.748252041754313, 6862982.804993140511215 ] ] } },
{ "type": "Feature", "properties": { "id": 880, "id1": 728, "id2": 565 }, "geometry": { "type": "LineString", "coordinates": [ [ 652500.444643113180064, 6862380.396059351973236 ], [ 652501.077470042160712, 6862380.004102715291083 ] ] } },
{ "type": "Feature", "properties": { "id": 881, "id1": 729, "id2": 567 }, "geometry": { "type": "LineString", "coordinates": [ [ 652582.804957859683782, 6862460.343082976527512 ], [ 652582.365780695574358, 6862460.201398103497922 ] ] } },
{ "type": "Feature", "properties": { "id": 882, "id1": 730, "id2": 713 }, "geometry": { "type": "LineString", "coordinates": [ [ 652525.416703297873028, 6863333.792009014636278 ], [ 652533.216869073337875, 6863349.469890836626291 ] ] } },
{ "type": "Feature", "properties": { "id": 884, "id1": 732, "id2": 722 }, "geometry": { "type": "LineString", "coordinates": [ [ 652588.533515736809932, 6863393.351129757240415 ], [ 652591.47908675938379, 6863394.943389073014259 ] ] } },
{ "type": "Feature", "properties": { "id": 885, "id1": 733, "id2": 721 }, "geometry": { "type": "LineString", "coordinates": [ [ 652607.045902163139544, 6863427.217207748442888 ], [ 652609.889519366668537, 6863423.852350777946413 ] ] } },
{ "type": "Feature", "properties": { "id": 886, "id1": 734, "id2": 645 }, "geometry": { "type": "LineString", "coordinates": [ [ 652641.776287084911019, 6863335.31570569332689 ], [ 652643.797070316853933, 6863336.593695373274386 ] ] } },
{ "type": "Feature", "properties": { "id": 887, "id1": 735, "id2": 729 }, "geometry": { "type": "LineString", "coordinates": [ [ 652575.080269420170225, 6863196.702569117769599 ], [ 652577.500698294490576, 6863196.579030213877559 ] ] } },
{ "type": "Feature", "properties": { "id": 888, "id1": 736, "id2": 723 }, "geometry": { "type": "LineString", "coordinates": [ [ 652487.92631794931367, 6863245.496859675273299 ], [ 652488.749496856005862, 6863246.55628081317991 ] ] } },
{ "type": "Feature", "properties": { "id": 889, "id1": 737, "id2": 134 }, "geometry": { "type": "LineString", "coordinates": [ [ 652500.69431563175749, 6861199.416779648512602 ], [ 652354.185647908365354, 6861194.519637664780021 ] ] } },
{ "type": "Feature", "properties": { "id": 893, "id1": 738, "id2": 730 }, "geometry": { "type": "LineString", "coordinates": [ [ 652462.254202371230349, 6863070.627673198468983 ], [ 652462.867227214737795, 6863069.494035441428423 ] ] } },
{ "type": "Feature", "properties": { "id": 894, "id1": 739, "id2": 797 }, "geometry": { "type": "LineString", "coordinates": [ [ 652404.852539810119197, 6863340.379579263739288 ], [ 652406.321377225103788, 6863342.286067676730454 ] ] } },
{ "type": "Feature", "properties": { "id": 895, "id1": 740, "id2": 778 }, "geometry": { "type": "LineString", "coordinates": [ [ 652325.113277044845745, 6863341.573677870444953 ], [ 652326.59579047805164, 6863344.351003491319716 ] ] } },
{ "type": "Feature", "properties": { "id": 896, "id1": 758, "id2": 118 }, "geometry": { "type": "LineString", "coordinates": [ [ 652548.900866878102534, 6860518.421643624082208 ], [ 652549.150208441657014, 6860517.860434390604496 ] ] } },
{ "type": "Feature", "properties": { "id": 897, "id1": 759, "id2": 120 }, "geometry": { "type": "LineString", "coordinates": [ [ 652446.57214485888835, 6860560.444534457288682 ], [ 652447.046806593658403, 6860560.243611603975296 ] ] } },
{ "type": "Feature", "properties": { "id": 898, "id1": 741, "id2": 777 }, "geometry": { "type": "LineString", "coordinates": [ [ 652293.030119495117106, 6863243.060667218640447 ], [ 652305.654486563522369, 6863211.940293884836137 ] ] } },
{ "type": "Feature", "properties": { "id": 904, "id1": 742, "id2": 834 }, "geometry": { "type": "LineString", "coordinates": [ [ 653209.157224591821432, 6863480.231467822566628 ], [ 653209.211916012456641, 6863479.568418138660491 ] ] } },
{ "type": "Feature", "properties": { "id": 905, "id1": 743, "id2": 833 }, "geometry": { "type": "LineString", "coordinates": [ [ 653143.711162144434638, 6863400.766080561093986 ], [ 653142.280152698978782, 6863397.210874740965664 ] ] } },
{ "type": "Feature", "properties": { "id": 906, "id1": 744, "id2": 699 }, "geometry": { "type": "LineString", "coordinates": [ [ 652632.40181175863836, 6862943.167796706780791 ], [ 652635.302392624784261, 6862942.145262270234525 ] ] } },
{ "type": "Feature", "properties": { "id": 907, "id1": 745, "id2": 827 }, "geometry": { "type": "LineString", "coordinates": [ [ 653334.011918908217922, 6863337.36899942252785 ], [ 653332.440743057755753, 6863340.473911426961422 ] ] } },
{ "type": "Feature", "properties": { "id": 908, "id1": 746, "id2": 720 }, "geometry": { "type": "LineString", "coordinates": [ [ 652817.3090721758781, 6862907.555893575772643 ], [ 652819.181382858543657, 6862907.685800266452134 ] ] } },
{ "type": "Feature", "properties": { "id": 909, "id1": 747, "id2": 570 }, "geometry": { "type": "LineString", "coordinates": [ [ 652762.183574225287884, 6862753.711046838201582 ], [ 652766.436472050496377, 6862752.391086624003947 ] ] } },
{ "type": "Feature", "properties": { "id": 910, "id1": 748, "id2": 702 }, "geometry": { "type": "LineString", "coordinates": [ [ 652932.13622647698503, 6862884.716538727283478 ], [ 652932.02510852587875, 6862883.79252399597317 ] ] } },
{ "type": "Feature", "properties": { "id": 911, "id1": 749, "id2": 569 }, "geometry": { "type": "LineString", "coordinates": [ [ 652739.733925777487457, 6862696.865866242907941 ], [ 652739.365230839001015, 6862697.91981552541256 ] ] } },
{ "type": "Feature", "properties": { "id": 912, "id1": 750, "id2": 568 }, "geometry": { "type": "LineString", "coordinates": [ [ 652669.120168483350426, 6862583.2629389828071 ], [ 652668.604829084593803, 6862583.747775631956756 ] ] } },
{ "type": "Feature", "properties": { "id": 913, "id1": 751, "id2": 139 }, "geometry": { "type": "LineString", "coordinates": [ [ 652796.188131776289083, 6860949.033645816147327 ], [ 652798.457478993106633, 6860954.980773386545479 ] ] } },
{ "type": "Feature", "properties": { "id": 914, "id1": 752, "id2": 117 }, "geometry": { "type": "LineString", "coordinates": [ [ 652655.815690784482285, 6860468.387357517145574 ], [ 652641.828261698014103, 6860445.606131124310195 ] ] } },
{ "type": "Feature", "properties": { "id": 916, "id1": 754, "id2": 89 }, "geometry": { "type": "LineString", "coordinates": [ [ 652525.065951736294664, 6860379.496120863594115 ], [ 652524.849408162175678, 6860378.662463892251253 ] ] } },
{ "type": "Feature", "properties": { "id": 917, "id1": 755, "id2": 86 }, "geometry": { "type": "LineString", "coordinates": [ [ 652337.535976587678306, 6860293.193226888775826 ], [ 652345.687998543959111, 6860302.816471999511123 ] ] } },
{ "type": "Feature", "properties": { "id": 919, "id1": 756, "id2": 88 }, "geometry": { "type": "LineString", "coordinates": [ [ 652446.898469675565138, 6860356.632177363149822 ], [ 652447.207620056695305, 6860355.672359629534185 ] ] } },
{ "type": "Feature", "properties": { "id": 920, "id1": 757, "id2": 119 }, "geometry": { "type": "LineString", "coordinates": [ [ 652443.472269115271047, 6860470.093193418346345 ], [ 652443.853402727516368, 6860469.67659717425704 ] ] } },
{ "type": "Feature", "properties": { "id": 921, "id1": 760, "id2": 55 }, "geometry": { "type": "LineString", "coordinates": [ [ 652221.212111312430352, 6860397.859061389230192 ], [ 652220.651055906782858, 6860396.939047489315271 ] ] } },
{ "type": "Feature", "properties": { "id": 922, "id1": 761, "id2": 58 }, "geometry": { "type": "LineString", "coordinates": [ [ 652204.592109347693622, 6860605.345893421210349 ], [ 652203.943832592573017, 6860603.426108247600496 ] ] } },
{ "type": "Feature", "properties": { "id": 923, "id1": 762, "id2": 57 }, "geometry": { "type": "LineString", "coordinates": [ [ 652138.782016616431065, 6860457.644249107688665 ], [ 652137.789836517185904, 6860456.964976287446916 ] ] } },
{ "type": "Feature", "properties": { "id": 924, "id1": 763, "id2": 56 }, "geometry": { "type": "LineString", "coordinates": [ [ 652112.514306853408925, 6860542.187404800206423 ], [ 652111.439728001132607, 6860539.392325784079731 ] ] } },
{ "type": "Feature", "properties": { "id": 925, "id1": 764, "id2": 59 }, "geometry": { "type": "LineString", "coordinates": [ [ 652119.252034178120084, 6860639.582722060382366 ], [ 652118.875538527383469, 6860637.723325229249895 ] ] } },
{ "type": "Feature", "properties": { "id": 926, "id1": 765, "id2": 122 }, "geometry": { "type": "LineString", "coordinates": [ [ 652333.336866703815758, 6860481.805797724984586 ], [ 652333.124052380793728, 6860479.658183315768838 ] ] } },
{ "type": "Feature", "properties": { "id": 927, "id1": 766, "id2": 123 }, "geometry": { "type": "LineString", "coordinates": [ [ 652323.468502073548734, 6860627.316340260207653 ], [ 652324.0901295079384, 6860625.31245447602123 ] ] } },
{ "type": "Feature", "properties": { "id": 928, "id1": 767, "id2": 124 }, "geometry": { "type": "LineString", "coordinates": [ [ 652416.401081270654686, 6860664.028537785634398 ], [ 652417.425062608555891, 6860662.412788436748087 ] ] } },
{ "type": "Feature", "properties": { "id": 929, "id1": 768, "id2": 126 }, "geometry": { "type": "LineString", "coordinates": [ [ 652480.9599099640036, 6860764.798359359614551 ], [ 652482.974162605009042, 6860762.117009812965989 ] ] } },
{ "type": "Feature", "properties": { "id": 930, "id1": 769, "id2": 127 }, "geometry": { "type": "LineString", "coordinates": [ [ 652529.013163372175768, 6860916.026903762482107 ], [ 652528.632449127500877, 6860915.424353554844856 ] ] } },
{ "type": "Feature", "properties": { "id": 931, "id1": 770, "id2": 94 }, "geometry": { "type": "LineString", "coordinates": [ [ 653015.7159260106273, 6860328.429311589337885 ], [ 653014.19202398636844, 6860331.977159299887717 ] ] } },
{ "type": "Feature", "properties": { "id": 932, "id1": 771, "id2": 116 }, "geometry": { "type": "LineString", "coordinates": [ [ 653004.961547986138612, 6860625.349906128831208 ], [ 653001.012241416843608, 6860622.765489552170038 ] ] } },
{ "type": "Feature", "properties": { "id": 933, "id1": 772, "id2": 114 }, "geometry": { "type": "LineString", "coordinates": [ [ 652363.279561226605438, 6860192.545530987903476 ], [ 652362.070985237485729, 6860191.900116343982518 ] ] } },
{ "type": "Feature", "properties": { "id": 934, "id1": 773, "id2": 115 }, "geometry": { "type": "LineString", "coordinates": [ [ 652480.049062304431573, 6860261.938296670094132 ], [ 652478.871059146360494, 6860262.754921220242977 ] ] } },
{ "type": "Feature", "properties": { "id": 935, "id1": 774, "id2": 72 }, "geometry": { "type": "LineString", "coordinates": [ [ 652567.450512529117987, 6860296.849664659239352 ], [ 652568.598703293362632, 6860294.802329483442008 ] ] } },
{ "type": "Feature", "properties": { "id": 936, "id1": 775, "id2": 112 }, "geometry": { "type": "LineString", "coordinates": [ [ 652647.045969431637786, 6860197.797107541002333 ], [ 652646.530141953378916, 6860196.58786634542048 ] ] } },
{ "type": "Feature", "properties": { "id": 937, "id1": 776, "id2": 73 }, "geometry": { "type": "LineString", "coordinates": [ [ 652683.879840678069741, 6860327.306734911166131 ], [ 652684.142315037199296, 6860326.757405981421471 ] ] } },
{ "type": "Feature", "properties": { "id": 938, "id1": 777, "id2": 111 }, "geometry": { "type": "LineString", "coordinates": [ [ 652765.448859538999386, 6860045.462689970619977 ], [ 652765.873341806815006, 6860045.669121573679149 ] ] } },
{ "type": "Feature", "properties": { "id": 939, "id1": 778, "id2": 110 }, "geometry": { "type": "LineString", "coordinates": [ [ 652651.04078867402859, 6860027.099759980104864 ], [ 652655.452929317718372, 6860025.300973372533917 ] ] } },
{ "type": "Feature", "properties": { "id": 941, "id1": 779, "id2": 108 }, "geometry": { "type": "LineString", "coordinates": [ [ 652484.564921110519208, 6859938.139643408358097 ], [ 652484.27058818587102, 6859937.982817175798118 ] ] } },
{ "type": "Feature", "properties": { "id": 942, "id1": 780, "id2": 109 }, "geometry": { "type": "LineString", "coordinates": [ [ 652449.849298255750909, 6860018.419562033377588 ], [ 652450.403159079956822, 6860014.897684913128614 ] ] } },
{ "type": "Feature", "properties": { "id": 943, "id1": 781, "id2": 113 }, "geometry": { "type": "LineString", "coordinates": [ [ 652440.444710256066173, 6860119.813180685043335 ], [ 652441.915383740444668, 6860119.163831811398268 ] ] } },
{ "type": "Feature", "properties": { "id": 944, "id1": 782, "id2": 53 }, "geometry": { "type": "LineString", "coordinates": [ [ 652017.195606870460324, 6859969.778279630467296 ], [ 652018.307791121886112, 6859968.11377595923841 ] ] } },
{ "type": "Feature", "properties": { "id": 945, "id1": 783, "id2": 54 }, "geometry": { "type": "LineString", "coordinates": [ [ 652140.836967518785968, 6860108.057685639709234 ], [ 652139.667921408894472, 6860105.866770816035569 ] ] } },
{ "type": "Feature", "properties": { "id": 946, "id1": 784, "id2": 83 }, "geometry": { "type": "LineString", "coordinates": [ [ 652374.645515417098068, 6859769.937766512855887 ], [ 652377.039631165214814, 6859773.339493836276233 ] ] } },
{ "type": "Feature", "properties": { "id": 947, "id1": 785, "id2": 82 }, "geometry": { "type": "LineString", "coordinates": [ [ 652396.798190525383689, 6859827.676980929449201 ], [ 652393.89427514153067, 6859831.49746900703758 ] ] } },
{ "type": "Feature", "properties": { "id": 948, "id1": 786, "id2": 106 }, "geometry": { "type": "LineString", "coordinates": [ [ 652444.065190620371141, 6859835.015854883939028 ], [ 652443.425302300602198, 6859832.717102921567857 ] ] } },
{ "type": "Feature", "properties": { "id": 949, "id1": 787, "id2": 105 }, "geometry": { "type": "LineString", "coordinates": [ [ 652548.790177133050747, 6859836.811161290854216 ], [ 652549.15647491440177, 6859833.55744630843401 ] ] } },
{ "type": "Feature", "properties": { "id": 950, "id1": 788, "id2": 91 }, "geometry": { "type": "LineString", "coordinates": [ [ 653401.794589151395485, 6860411.344138353131711 ], [ 653401.506420378922485, 6860414.024009301327169 ] ] } },
{ "type": "Feature", "properties": { "id": 951, "id1": 789, "id2": 101 }, "geometry": { "type": "LineString", "coordinates": [ [ 652669.839465327793732, 6859474.035084334202111 ], [ 652666.263549869763665, 6859474.284975928254426 ] ] } },
{ "type": "Feature", "properties": { "id": 952, "id1": 790, "id2": 100 }, "geometry": { "type": "LineString", "coordinates": [ [ 652742.13621947763022, 6859581.025441551581025 ], [ 652741.204667578218505, 6859578.008974905125797 ] ] } },
{ "type": "Feature", "properties": { "id": 953, "id1": 791, "id2": 98 }, "geometry": { "type": "LineString", "coordinates": [ [ 652831.674777928506956, 6859684.027777708135545 ], [ 652832.029986319830641, 6859681.41471544560045 ] ] } },
{ "type": "Feature", "properties": { "id": 954, "id1": 792, "id2": 97 }, "geometry": { "type": "LineString", "coordinates": [ [ 652938.790925070643425, 6859951.358412264846265 ], [ 652932.706814855453558, 6859945.816982568241656 ] ] } },
{ "type": "Feature", "properties": { "id": 955, "id1": 793, "id2": 95 }, "geometry": { "type": "LineString", "coordinates": [ [ 653018.080970006179996, 6860161.877270460128784 ], [ 653015.541576280142181, 6860158.801954637281597 ] ] } },
{ "type": "Feature", "properties": { "id": 956, "id1": 794, "id2": 80 }, "geometry": { "type": "LineString", "coordinates": [ [ 652841.943278255057521, 6860128.287147611379623 ], [ 652840.721359606948681, 6860128.069279097020626 ] ] } },
{ "type": "Feature", "properties": { "id": 957, "id1": 795, "id2": 104 }, "geometry": { "type": "LineString", "coordinates": [ [ 652570.35880986484699, 6859747.051816786639392 ], [ 652568.396701265592128, 6859744.395143293775618 ] ] } },
{ "type": "Feature", "properties": { "id": 958, "id1": 796, "id2": 102 }, "geometry": { "type": "LineString", "coordinates": [ [ 652667.687629737891257, 6859724.396853462792933 ], [ 652668.59911428228952, 6859720.825799816288054 ] ] } },
{ "type": "Feature", "properties": { "id": 959, "id1": 797, "id2": 103 }, "geometry": { "type": "LineString", "coordinates": [ [ 652789.761621540179476, 6859868.058274637907743 ], [ 652791.209132709074765, 6859865.296915676444769 ] ] } },
{ "type": "Feature", "properties": { "id": 960, "id1": 813, "id2": 50 }, "geometry": { "type": "LineString", "coordinates": [ [ 651476.127950432826765, 6859434.473981661722064 ], [ 651475.896598673658445, 6859433.072139122523367 ] ] } },
{ "type": "Feature", "properties": { "id": 961, "id1": 798, "id2": 85 }, "geometry": { "type": "LineString", "coordinates": [ [ 652222.780128079233691, 6859904.793024698272347 ], [ 652223.663940462050959, 6859909.76868612319231 ] ] } },
{ "type": "Feature", "properties": { "id": 962, "id1": 799, "id2": 79 }, "geometry": { "type": "LineString", "coordinates": [ [ 652232.35032647207845, 6859538.859522350132465 ], [ 652192.071435492369346, 6859529.519812609069049 ] ] } },
{ "type": "Feature", "properties": { "id": 965, "id1": 800, "id2": 76 }, "geometry": { "type": "LineString", "coordinates": [ [ 652562.812970722094178, 6859297.250808429904282 ], [ 652564.762043102295138, 6859299.055819266475737 ] ] } },
{ "type": "Feature", "properties": { "id": 966, "id1": 801, "id2": 77 }, "geometry": { "type": "LineString", "coordinates": [ [ 652385.80377643276006, 6859296.903268774971366 ], [ 652326.05000003927853, 6859188.665180388838053 ] ] } },
{ "type": "Feature", "properties": { "id": 968, "id1": 802, "id2": 70 }, "geometry": { "type": "LineString", "coordinates": [ [ 651843.305308008915745, 6859740.329145153984427 ], [ 651839.003598798182793, 6859740.285369168967009 ] ] } },
{ "type": "Feature", "properties": { "id": 969, "id1": 803, "id2": 283 }, "geometry": { "type": "LineString", "coordinates": [ [ 651319.971822701627389, 6861769.148222162388265 ], [ 651319.276779794017784, 6861772.782368840649724 ] ] } },
{ "type": "Feature", "properties": { "id": 970, "id1": 804, "id2": 289 }, "geometry": { "type": "LineString", "coordinates": [ [ 651330.188016732339747, 6861836.590457562357187 ], [ 651330.445582422660664, 6861839.33512117434293 ] ] } },
{ "type": "Feature", "properties": { "id": 971, "id1": 805, "id2": 279 }, "geometry": { "type": "LineString", "coordinates": [ [ 651372.692000132868998, 6861889.005960224196315 ], [ 651372.864169353968464, 6861888.411951439455152 ] ] } },
{ "type": "Feature", "properties": { "id": 972, "id1": 806, "id2": 238 }, "geometry": { "type": "LineString", "coordinates": [ [ 651079.506489308085293, 6861312.21550119202584 ], [ 651076.213583349715918, 6861269.115559632889926 ] ] } },
{ "type": "Feature", "properties": { "id": 974, "id1": 807, "id2": 226 }, "geometry": { "type": "LineString", "coordinates": [ [ 651156.206793029676192, 6861266.187410946004093 ], [ 651155.190537171321921, 6861267.164758916944265 ] ] } },
{ "type": "Feature", "properties": { "id": 975, "id1": 808, "id2": 38 }, "geometry": { "type": "LineString", "coordinates": [ [ 651941.363224160159007, 6859419.124433692544699 ], [ 651942.09844830003567, 6859418.935455347411335 ] ] } },
{ "type": "Feature", "properties": { "id": 976, "id1": 809, "id2": 43 }, "geometry": { "type": "LineString", "coordinates": [ [ 651985.963123778114095, 6859549.623281779699028 ], [ 651986.999941113288514, 6859550.086719694547355 ] ] } },
{ "type": "Feature", "properties": { "id": 977, "id1": 810, "id2": 75 }, "geometry": { "type": "LineString", "coordinates": [ [ 652033.708637999487109, 6859226.725293837487698 ], [ 652036.51203185680788, 6859224.074953 ] ] } },
{ "type": "Feature", "properties": { "id": 978, "id1": 811, "id2": 30 }, "geometry": { "type": "LineString", "coordinates": [ [ 651777.933089879457839, 6859376.638000153936446 ], [ 651779.965962236979976, 6859392.476927542127669 ] ] } },
{ "type": "Feature", "properties": { "id": 979, "id1": 812, "id2": 61 }, "geometry": { "type": "LineString", "coordinates": [ [ 652016.596712810918689, 6859445.605440028943121 ], [ 652016.781917955260724, 6859448.708748024888337 ] ] } },
{ "type": "Feature", "properties": { "id": 980, "id1": 854, "id2": 679 }, "geometry": { "type": "LineString", "coordinates": [ [ 653813.601215306902304, 6862891.346603731624782 ], [ 653780.153932585846633, 6862872.718591152690351 ] ] } },
{ "type": "Feature", "properties": { "id": 982, "id1": 814, "id2": 51 }, "geometry": { "type": "LineString", "coordinates": [ [ 651509.391073251608759, 6859595.635568366385996 ], [ 651508.85459136753343, 6859592.994593165814877 ] ] } },
{ "type": "Feature", "properties": { "id": 983, "id1": 815, "id2": 52 }, "geometry": { "type": "LineString", "coordinates": [ [ 651568.925539291696623, 6859858.85373816639185 ], [ 651568.063231938169338, 6859855.487264298833907 ] ] } },
{ "type": "Feature", "properties": { "id": 984, "id1": 816, "id2": 63 }, "geometry": { "type": "LineString", "coordinates": [ [ 651190.085156286717393, 6860780.311868849210441 ], [ 651406.104686558246613, 6860284.10841266438365 ] ] } },
{ "type": "Feature", "properties": { "id": 998, "id1": 817, "id2": 65 }, "geometry": { "type": "LineString", "coordinates": [ [ 651518.374415383324958, 6860231.687167588621378 ], [ 651545.749738450394943, 6860342.706554636359215 ] ] } },
{ "type": "Feature", "properties": { "id": 999, "id1": 818, "id2": 66 }, "geometry": { "type": "LineString", "coordinates": [ [ 651389.293735805316828, 6859983.09000155236572 ], [ 651389.107204579515383, 6859980.945288336835802 ] ] } },
{ "type": "Feature", "properties": { "id": 1000, "id1": 819, "id2": 69 }, "geometry": { "type": "LineString", "coordinates": [ [ 651137.545342988683842, 6859608.224818053655326 ], [ 651235.229987336439081, 6859706.225733991712332 ] ] } },
{ "type": "Feature", "properties": { "id": 1004, "id1": 823, "id2": 1288 }, "geometry": { "type": "LineString", "coordinates": [ [ 649932.146936745382845, 6860504.589167578145862 ], [ 649941.029048938304186, 6860516.467701032757759 ] ] } },
{ "type": "Feature", "properties": { "id": 1005, "id1": 824, "id2": 206 }, "geometry": { "type": "LineString", "coordinates": [ [ 650657.612872509169392, 6860347.172843502834439 ], [ 650596.1339981603669, 6860434.331906799226999 ] ] } },
{ "type": "Feature", "properties": { "id": 1007, "id1": 825, "id2": 67 }, "geometry": { "type": "LineString", "coordinates": [ [ 651064.013047028915025, 6860058.800172735005617 ], [ 651099.159010775852948, 6860006.124445958063006 ] ] } },
{ "type": "Feature", "properties": { "id": 1009, "id1": 826, "id2": 68 }, "geometry": { "type": "LineString", "coordinates": [ [ 651012.777266972581856, 6859708.803011152893305 ], [ 651014.422232562559657, 6859708.24973002076149 ] ] } },
{ "type": "Feature", "properties": { "id": 1010, "id1": 827, "id2": 202 }, "geometry": { "type": "LineString", "coordinates": [ [ 650779.802412550896406, 6860571.33188293594867 ], [ 650673.071026067598723, 6860662.233356061391532 ] ] } },
{ "type": "Feature", "properties": { "id": 1012, "id1": 828, "id2": 686 }, "geometry": { "type": "LineString", "coordinates": [ [ 654189.569481673184782, 6863369.118710350245237 ], [ 654193.625847844057716, 6863365.984924430958927 ] ] } },
{ "type": "Feature", "properties": { "id": 1013, "id1": 829, "id2": 687 }, "geometry": { "type": "LineString", "coordinates": [ [ 654187.819743607426062, 6863589.316433562897146 ], [ 654185.340693469392136, 6863590.661800691857934 ] ] } },
{ "type": "Feature", "properties": { "id": 1014, "id1": 830, "id2": 688 }, "geometry": { "type": "LineString", "coordinates": [ [ 653914.528129232930951, 6863413.391024594195187 ], [ 653912.397052345331758, 6863415.690521920099854 ] ] } },
{ "type": "Feature", "properties": { "id": 1015, "id1": 831, "id2": 684 }, "geometry": { "type": "LineString", "coordinates": [ [ 654457.826533738872968, 6863200.757136872038245 ], [ 654460.617922322708182, 6863198.549656354822218 ] ] } },
{ "type": "Feature", "properties": { "id": 1016, "id1": 832, "id2": 696 }, "geometry": { "type": "LineString", "coordinates": [ [ 654300.123397729708813, 6863353.73913455195725 ], [ 654366.751482547726482, 6863431.347379447892308 ] ] } },
{ "type": "Feature", "properties": { "id": 1017, "id1": 833, "id2": 682 }, "geometry": { "type": "LineString", "coordinates": [ [ 654064.798071350087412, 6863062.005338427610695 ], [ 653884.228109961608425, 6862983.474413469433784 ] ] } },
{ "type": "Feature", "properties": { "id": 1019, "id1": 834, "id2": 651 }, "geometry": { "type": "LineString", "coordinates": [ [ 653901.84721781022381, 6863232.006417457945645 ], [ 653768.297850423608907, 6863223.092474564909935 ] ] } },
{ "type": "Feature", "properties": { "id": 1026, "id1": 840, "id2": 1182 }, "geometry": { "type": "LineString", "coordinates": [ [ 654674.285091470344923, 6862312.777493947185576 ], [ 654819.600896138814278, 6862442.197770033963025 ] ] } },
{ "type": "Feature", "properties": { "id": 1030, "id1": 841, "id2": 1205 }, "geometry": { "type": "LineString", "coordinates": [ [ 654190.025179621414281, 6862794.553995960392058 ], [ 654033.115281569305807, 6862921.247340223751962 ] ] } },
{ "type": "Feature", "properties": { "id": 1037, "id1": 842, "id2": 1227 }, "geometry": { "type": "LineString", "coordinates": [ [ 654668.665101062972099, 6862850.221761720255017 ], [ 654665.247183335595764, 6862848.776278899982572 ] ] } },
{ "type": "Feature", "properties": { "id": 1038, "id1": 843, "id2": 1199 }, "geometry": { "type": "LineString", "coordinates": [ [ 655109.635113488999195, 6862267.898296487517655 ], [ 655110.262957728118636, 6862270.596757182851434 ] ] } },
{ "type": "Feature", "properties": { "id": 1039, "id1": 844, "id2": 1196 }, "geometry": { "type": "LineString", "coordinates": [ [ 654231.333326120511629, 6861793.528557375073433 ], [ 654058.111853850772604, 6861749.617163486778736 ] ] } },
{ "type": "Feature", "properties": { "id": 1041, "id1": 845, "id2": 1222 }, "geometry": { "type": "LineString", "coordinates": [ [ 654667.980891617829911, 6861929.905714523978531 ], [ 654668.901444731629454, 6861923.981232584454119 ] ] } },
{ "type": "Feature", "properties": { "id": 1042, "id1": 846, "id2": 1198 }, "geometry": { "type": "LineString", "coordinates": [ [ 655033.736812400165945, 6862514.566460623405874 ], [ 655029.269798491615802, 6862516.115958701819181 ] ] } },
{ "type": "Feature", "properties": { "id": 1043, "id1": 847, "id2": 1203 }, "geometry": { "type": "LineString", "coordinates": [ [ 654362.394570445991121, 6862532.943611042574048 ], [ 654261.712479515466839, 6862469.709188925102353 ] ] } },
{ "type": "Feature", "properties": { "id": 1045, "id1": 848, "id2": 475 }, "geometry": { "type": "LineString", "coordinates": [ [ 654520.736524195875973, 6861488.122496732510626 ], [ 654518.794821515446529, 6861485.127815570682287 ] ] } },
{ "type": "Feature", "properties": { "id": 1046, "id1": 849, "id2": 478 }, "geometry": { "type": "LineString", "coordinates": [ [ 654278.884826708585024, 6861536.823430869728327 ], [ 654278.390433968510479, 6861535.656235180795193 ] ] } },
{ "type": "Feature", "properties": { "id": 1047, "id1": 850, "id2": 677 }, "geometry": { "type": "LineString", "coordinates": [ [ 653634.872800048440695, 6862800.221078340895474 ], [ 653634.212393959984183, 6862797.885001354850829 ] ] } },
{ "type": "Feature", "properties": { "id": 1048, "id1": 851, "id2": 692 }, "geometry": { "type": "LineString", "coordinates": [ [ 653728.408128779032268, 6862848.931743280030787 ], [ 653727.92596864211373, 6862847.322980021126568 ] ] } },
{ "type": "Feature", "properties": { "id": 1049, "id1": 852, "id2": 678 }, "geometry": { "type": "LineString", "coordinates": [ [ 653689.799257813603617, 6862941.031100740656257 ], [ 653686.980644343537278, 6862946.42195940669626 ] ] } },
{ "type": "Feature", "properties": { "id": 1050, "id1": 853, "id2": 694 }, "geometry": { "type": "LineString", "coordinates": [ [ 653774.499997741426341, 6862982.993102270178497 ], [ 653738.568890116061084, 6862964.624395829625428 ] ] } },
{ "type": "Feature", "properties": { "id": 1052, "id1": 855, "id2": 1209 }, "geometry": { "type": "LineString", "coordinates": [ [ 653801.627558642532676, 6862684.568640294484794 ], [ 653958.794171881512739, 6862742.881134484894574 ] ] } },
{ "type": "Feature", "properties": { "id": 1054, "id1": 856, "id2": 1219 }, "geometry": { "type": "LineString", "coordinates": [ [ 653694.348111193976365, 6862208.397285689599812 ], [ 653694.439278963487595, 6862203.710110355168581 ] ] } },
{ "type": "Feature", "properties": { "id": 1055, "id1": 857, "id2": 1213 }, "geometry": { "type": "LineString", "coordinates": [ [ 653909.578964248648845, 6862401.121806676499546 ], [ 654106.33557315368671, 6862340.33191298507154 ] ] } },
{ "type": "Feature", "properties": { "id": 1060, "id1": 858, "id2": 1217 }, "geometry": { "type": "LineString", "coordinates": [ [ 654064.094778833095916, 6862077.630461304448545 ], [ 653801.821390785858966, 6862109.243514423258603 ] ] } },
{ "type": "Feature", "properties": { "id": 1062, "id1": 859, "id2": 474 }, "geometry": { "type": "LineString", "coordinates": [ [ 654894.674010390765034, 6861548.776138351298869 ], [ 654892.846209931536578, 6861545.02608251105994 ] ] } },
{ "type": "Feature", "properties": { "id": 1063, "id1": 860, "id2": 652 }, "geometry": { "type": "LineString", "coordinates": [ [ 653721.393263711128384, 6863074.356043792329729 ], [ 653767.106994781643152, 6863108.573714491911232 ] ] } },
{ "type": "Feature", "properties": { "id": 1065, "id1": 861, "id2": 654 }, "geometry": { "type": "LineString", "coordinates": [ [ 653637.964580029831268, 6863065.476413394324481 ], [ 653642.166151541867293, 6863055.473190194927156 ] ] } },
{ "type": "Feature", "properties": { "id": 1066, "id1": 862, "id2": 693 }, "geometry": { "type": "LineString", "coordinates": [ [ 653562.534169193706475, 6863027.727765335701406 ], [ 653563.404735041083768, 6863024.319268872961402 ] ] } },
{ "type": "Feature", "properties": { "id": 1067, "id1": 863, "id2": 676 }, "geometry": { "type": "LineString", "coordinates": [ [ 653601.475938240415417, 6862914.746509060263634 ], [ 653601.228593938052654, 6862911.21734384726733 ] ] } },
{ "type": "Feature", "properties": { "id": 1068, "id1": 864, "id2": 516 }, "geometry": { "type": "LineString", "coordinates": [ [ 654680.16397099988535, 6861036.977691506035626 ], [ 654677.48263542924542, 6861033.802193341776729 ] ] } },
{ "type": "Feature", "properties": { "id": 1069, "id1": 865, "id2": 503 }, "geometry": { "type": "LineString", "coordinates": [ [ 655247.406428977497853, 6860343.81366229429841 ], [ 655204.996350237401202, 6860454.421873460523784 ] ] } },
{ "type": "Feature", "properties": { "id": 1071, "id1": 867, "id2": 512 }, "geometry": { "type": "LineString", "coordinates": [ [ 654987.344433134654537, 6860691.010213481262326 ], [ 654984.633836580673233, 6860693.615720222704113 ] ] } },
{ "type": "Feature", "properties": { "id": 1072, "id1": 868, "id2": 471 }, "geometry": { "type": "LineString", "coordinates": [ [ 655476.666184063768014, 6861270.671369793824852 ], [ 655486.445796740939841, 6861255.753593284636736 ] ] } },
{ "type": "Feature", "properties": { "id": 1073, "id1": 869, "id2": 1290 }, "geometry": { "type": "LineString", "coordinates": [ [ 655228.795295269112103, 6860973.974265424534678 ], [ 655223.978308144607581, 6860974.832374156452715 ] ] } },
{ "type": "Feature", "properties": { "id": 1074, "id1": 870, "id2": 472 }, "geometry": { "type": "LineString", "coordinates": [ [ 655136.535432495642453, 6861278.82928142696619 ], [ 655132.063882848713547, 6861277.494976250454783 ] ] } },
{ "type": "Feature", "properties": { "id": 1075, "id1": 871, "id2": 470 }, "geometry": { "type": "LineString", "coordinates": [ [ 653840.030046910047531, 6861343.7097492152825 ], [ 653719.743518181960098, 6861336.535001848824322 ] ] } },
{ "type": "Feature", "properties": { "id": 1077, "id1": 872, "id2": 650 }, "geometry": { "type": "LineString", "coordinates": [ [ 653590.628263648482971, 6863225.062444523908198 ], [ 653680.911886733374558, 6863275.438757461495697 ] ] } },
{ "type": "Feature", "properties": { "id": 1081, "id1": 891, "id2": 510 }, "geometry": { "type": "LineString", "coordinates": [ [ 655653.282673211535439, 6860887.376877321861684 ], [ 655674.016408759634942, 6860875.089759552851319 ] ] } },
{ "type": "Feature", "properties": { "id": 1083, "id1": 873, "id2": 527 }, "geometry": { "type": "LineString", "coordinates": [ [ 654806.993554788408801, 6860313.486619650386274 ], [ 654804.73346362344455, 6860295.100573829375207 ] ] } },
{ "type": "Feature", "properties": { "id": 1085, "id1": 875, "id2": 502 }, "geometry": { "type": "LineString", "coordinates": [ [ 655005.730702061555348, 6860178.94289780408144 ], [ 655004.994754997082055, 6860175.830406323075294 ] ] } },
{ "type": "Feature", "properties": { "id": 1086, "id1": 876, "id2": 484 }, "geometry": { "type": "LineString", "coordinates": [ [ 655122.435129255056381, 6860081.742906492203474 ], [ 655123.633968762005679, 6860079.385259727016091 ] ] } },
{ "type": "Feature", "properties": { "id": 1087, "id1": 877, "id2": 490 }, "geometry": { "type": "LineString", "coordinates": [ [ 654328.542333486140706, 6860691.672580283135176 ], [ 654335.584533151355572, 6860856.500702545046806 ] ] } },
{ "type": "Feature", "properties": { "id": 1089, "id1": 878, "id2": 500 }, "geometry": { "type": "LineString", "coordinates": [ [ 654579.753925576107576, 6860461.359043923206627 ], [ 654607.975495427497663, 6860428.910089562647045 ] ] } },
{ "type": "Feature", "properties": { "id": 1091, "id1": 879, "id2": 489 }, "geometry": { "type": "LineString", "coordinates": [ [ 654080.780014681513421, 6860910.724954127334058 ], [ 654080.815394032862969, 6860912.525375539436936 ] ] } },
{ "type": "Feature", "properties": { "id": 1092, "id1": 880, "id2": 513 }, "geometry": { "type": "LineString", "coordinates": [ [ 654132.441046079271473, 6861342.514394708909094 ], [ 654129.654465694446117, 6861342.932029731571674 ] ] } },
{ "type": "Feature", "properties": { "id": 1093, "id1": 881, "id2": 514 }, "geometry": { "type": "LineString", "coordinates": [ [ 653992.282606874243356, 6861452.732942852191627 ], [ 654050.293204352608882, 6861404.527968394570053 ] ] } },
{ "type": "Feature", "properties": { "id": 1096, "id1": 882, "id2": 479 }, "geometry": { "type": "LineString", "coordinates": [ [ 653948.373857293627225, 6861630.776085204444826 ], [ 653947.611821082304232, 6861631.929609053768218 ] ] } },
{ "type": "Feature", "properties": { "id": 1097, "id1": 883, "id2": 524 }, "geometry": { "type": "LineString", "coordinates": [ [ 654252.64331139170099, 6861257.924195973202586 ], [ 654249.227335803443566, 6861257.980949023738503 ] ] } },
{ "type": "Feature", "properties": { "id": 1098, "id1": 884, "id2": 519 }, "geometry": { "type": "LineString", "coordinates": [ [ 654389.498205452691764, 6861279.646226529031992 ], [ 654387.560902741272002, 6861279.668663825839758 ] ] } },
{ "type": "Feature", "properties": { "id": 1099, "id1": 885, "id2": 517 }, "geometry": { "type": "LineString", "coordinates": [ [ 654374.560751224053092, 6861023.056069048121572 ], [ 654374.537751017836854, 6861022.967923342250288 ] ] } },
{ "type": "Feature", "properties": { "id": 1100, "id1": 886, "id2": 494 }, "geometry": { "type": "LineString", "coordinates": [ [ 653965.065683097345755, 6860546.809736113995314 ], [ 653822.862291778088547, 6860702.634896377101541 ] ] } },
{ "type": "Feature", "properties": { "id": 1103, "id1": 887, "id2": 497 }, "geometry": { "type": "LineString", "coordinates": [ [ 654218.689669208717532, 6860242.547626961953938 ], [ 654156.198342938092537, 6860318.509818208403885 ] ] } },
{ "type": "Feature", "properties": { "id": 1105, "id1": 888, "id2": 695 }, "geometry": { "type": "LineString", "coordinates": [ [ 653353.066842664731666, 6863095.318818095140159 ], [ 653355.187836480559781, 6863092.810013672336936 ] ] } },
{ "type": "Feature", "properties": { "id": 1106, "id1": 889, "id2": 525 }, "geometry": { "type": "LineString", "coordinates": [ [ 653939.80116331402678, 6861078.57464852090925 ], [ 653936.934876730432734, 6861078.400529699400067 ] ] } },
{ "type": "Feature", "properties": { "id": 1107, "id1": 890, "id2": 518 }, "geometry": { "type": "LineString", "coordinates": [ [ 654299.786674853647128, 6861102.632891145534813 ], [ 654296.762925766175613, 6861100.469854971393943 ] ] } },
{ "type": "Feature", "properties": { "id": 1108, "id1": 892, "id2": 508 }, "geometry": { "type": "LineString", "coordinates": [ [ 655897.408051770646125, 6860537.964354614727199 ], [ 655890.267946372739971, 6860540.491467976942658 ] ] } },
{ "type": "Feature", "properties": { "id": 1109, "id1": 893, "id2": 509 }, "geometry": { "type": "LineString", "coordinates": [ [ 655915.514737527817488, 6860854.463750397786498 ], [ 655896.607265087193809, 6860866.176863057538867 ] ] } },
{ "type": "Feature", "properties": { "id": 1110, "id1": 894, "id2": 466 }, "geometry": { "type": "LineString", "coordinates": [ [ 655860.499156502075493, 6861218.394559050910175 ], [ 655832.054421771201305, 6861182.600755571387708 ] ] } },
{ "type": "Feature", "properties": { "id": 1111, "id1": 895, "id2": 467 }, "geometry": { "type": "LineString", "coordinates": [ [ 655784.774912488064729, 6861326.946418576873839 ], [ 655775.357512972899713, 6861309.817149988375604 ] ] } },
{ "type": "Feature", "properties": { "id": 1112, "id1": 896, "id2": 469 }, "geometry": { "type": "LineString", "coordinates": [ [ 655659.852614362724125, 6861320.157956239767373 ], [ 655656.347826818702742, 6861317.168034136295319 ] ] } },
{ "type": "Feature", "properties": { "id": 1113, "id1": 897, "id2": 522 }, "geometry": { "type": "LineString", "coordinates": [ [ 653721.965410193544813, 6861451.762565569020808 ], [ 653772.428244257345796, 6861541.057327685877681 ] ] } },
{ "type": "Feature", "properties": { "id": 1114, "id1": 898, "id2": 485 }, "geometry": { "type": "LineString", "coordinates": [ [ 653718.888621808611788, 6861124.774879055097699 ], [ 653717.785361147252843, 6861127.309386868029833 ] ] } },
{ "type": "Feature", "properties": { "id": 1115, "id1": 899, "id2": 486 }, "geometry": { "type": "LineString", "coordinates": [ [ 653657.337580026010983, 6860867.284311325289309 ], [ 653613.771101206773892, 6860953.250587092712522 ] ] } },
{ "type": "Feature", "properties": { "id": 1118, "id1": 900, "id2": 1193 }, "geometry": { "type": "LineString", "coordinates": [ [ 653803.691238992614672, 6861953.029307747259736 ], [ 653861.927826647181064, 6861881.724274572916329 ] ] } },
{ "type": "Feature", "properties": { "id": 1120, "id1": 901, "id2": 480 }, "geometry": { "type": "LineString", "coordinates": [ [ 653790.250439718482085, 6861797.447304731234908 ], [ 653813.088507747743279, 6861762.316353037953377 ] ] } },
{ "type": "Feature", "properties": { "id": 1122, "id1": 902, "id2": 711 }, "geometry": { "type": "LineString", "coordinates": [ [ 652934.840784116298892, 6863270.040189895778894 ], [ 652936.661889019887894, 6863269.79982038307935 ] ] } },
{ "type": "Feature", "properties": { "id": 1123, "id1": 903, "id2": 710 }, "geometry": { "type": "LineString", "coordinates": [ [ 653045.258626861381344, 6863299.519989557564259 ], [ 653050.669476535520516, 6863297.069203997962177 ] ] } },
{ "type": "Feature", "properties": { "id": 1124, "id1": 904, "id2": 689 }, "geometry": { "type": "LineString", "coordinates": [ [ 652743.834256058325991, 6863100.978599986992776 ], [ 652692.048466822016053, 6862991.652160122990608 ] ] } },
{ "type": "Feature", "properties": { "id": 1133, "id1": 905, "id2": 707 }, "geometry": { "type": "LineString", "coordinates": [ [ 652998.771164428442717, 6863095.763342961668968 ], [ 652960.723895592032932, 6863107.598088646307588 ] ] } },
{ "type": "Feature", "properties": { "id": 1135, "id1": 906, "id2": 709 }, "geometry": { "type": "LineString", "coordinates": [ [ 653058.783800116158091, 6863172.862633486278355 ], [ 653060.45827581861522, 6863172.384540962986648 ] ] } },
{ "type": "Feature", "properties": { "id": 1136, "id1": 907, "id2": 712 }, "geometry": { "type": "LineString", "coordinates": [ [ 652821.199366441578604, 6863239.636862085200846 ], [ 652824.022120547364466, 6863238.591283441521227 ] ] } },
{ "type": "Feature", "properties": { "id": 1137, "id1": 908, "id2": 704 }, "geometry": { "type": "LineString", "coordinates": [ [ 652957.497757154982537, 6863006.920900946483016 ], [ 652958.593841851688921, 6863005.61963011790067 ] ] } },
{ "type": "Feature", "properties": { "id": 1138, "id1": 909, "id2": 385 }, "geometry": { "type": "LineString", "coordinates": [ [ 653209.601688809460029, 6862966.58780184853822 ], [ 653244.946893176762387, 6863002.742210440337658 ] ] } },
{ "type": "Feature", "properties": { "id": 1148, "id1": 910, "id2": 635 }, "geometry": { "type": "LineString", "coordinates": [ [ 652612.455962131381966, 6862216.259974412620068 ], [ 652604.994011809118092, 6862213.149962774477899 ] ] } },
{ "type": "Feature", "properties": { "id": 1150, "id1": 911, "id2": 622 }, "geometry": { "type": "LineString", "coordinates": [ [ 652660.611379500362091, 6862297.647676185704768 ], [ 652660.520171391544864, 6862297.985105836763978 ] ] } },
{ "type": "Feature", "properties": { "id": 1151, "id1": 912, "id2": 621 }, "geometry": { "type": "LineString", "coordinates": [ [ 652686.331158072920516, 6862347.043785277754068 ], [ 652684.603916747262701, 6862348.007484830915928 ] ] } },
{ "type": "Feature", "properties": { "id": 1152, "id1": 913, "id2": 585 }, "geometry": { "type": "LineString", "coordinates": [ [ 652516.101029172656126, 6862265.526014833711088 ], [ 652516.921825055615045, 6862266.021504815667868 ] ] } },
{ "type": "Feature", "properties": { "id": 1153, "id1": 914, "id2": 581 }, "geometry": { "type": "LineString", "coordinates": [ [ 652374.649917004746385, 6862300.751066532917321 ], [ 652374.763688614126295, 6862301.186206082813442 ] ] } },
{ "type": "Feature", "properties": { "id": 1154, "id1": 915, "id2": 582 }, "geometry": { "type": "LineString", "coordinates": [ [ 652451.830759345786646, 6862310.762800774537027 ], [ 652453.017251832294278, 6862310.151432882063091 ] ] } },
{ "type": "Feature", "properties": { "id": 1155, "id1": 916, "id2": 566 }, "geometry": { "type": "LineString", "coordinates": [ [ 652549.337013333220966, 6862393.445374181494117 ], [ 652549.881342481938191, 6862391.891704552806914 ] ] } },
{ "type": "Feature", "properties": { "id": 1156, "id1": 917, "id2": 619 }, "geometry": { "type": "LineString", "coordinates": [ [ 652747.869130009319633, 6862441.4195965686813 ], [ 652747.022864577360451, 6862441.44977539870888 ] ] } },
{ "type": "Feature", "properties": { "id": 1157, "id1": 918, "id2": 620 }, "geometry": { "type": "LineString", "coordinates": [ [ 652837.433588001294993, 6862547.634338825009763 ], [ 652837.122173280920833, 6862547.433338311500847 ] ] } },
{ "type": "Feature", "properties": { "id": 1158, "id1": 919, "id2": 618 }, "geometry": { "type": "LineString", "coordinates": [ [ 652923.473945892066695, 6862665.759250393137336 ], [ 652923.885259613045491, 6862665.121422440744936 ] ] } },
{ "type": "Feature", "properties": { "id": 1159, "id1": 920, "id2": 616 }, "geometry": { "type": "LineString", "coordinates": [ [ 653002.568488561548293, 6862782.573974655009806 ], [ 653003.737947266432457, 6862780.788776852190495 ] ] } },
{ "type": "Feature", "properties": { "id": 1160, "id1": 921, "id2": 615 }, "geometry": { "type": "LineString", "coordinates": [ [ 653072.705815693479963, 6862793.459511628374457 ], [ 653097.86577427550219, 6862735.067345913499594 ] ] } },
{ "type": "Feature", "properties": { "id": 1162, "id1": 922, "id2": 624 }, "geometry": { "type": "LineString", "coordinates": [ [ 652837.76996791374404, 6862223.533932857215405 ], [ 652837.618913396727294, 6862224.473074504174292 ] ] } },
{ "type": "Feature", "properties": { "id": 1163, "id1": 923, "id2": 631 }, "geometry": { "type": "LineString", "coordinates": [ [ 652968.661901674116962, 6862035.630051661282778 ], [ 652966.989679375081323, 6862035.534033325500786 ] ] } },
{ "type": "Feature", "properties": { "id": 1164, "id1": 924, "id2": 648 }, "geometry": { "type": "LineString", "coordinates": [ [ 652893.429184420499951, 6862082.152720589190722 ], [ 652892.271334409946576, 6862082.985646953806281 ] ] } },
{ "type": "Feature", "properties": { "id": 1165, "id1": 925, "id2": 647 }, "geometry": { "type": "LineString", "coordinates": [ [ 652810.980728819733486, 6861989.209103456698358 ], [ 652810.34232111251913, 6861990.44444558955729 ] ] } },
{ "type": "Feature", "properties": { "id": 1166, "id1": 926, "id2": 640 }, "geometry": { "type": "LineString", "coordinates": [ [ 652755.267880177358165, 6861999.036139708943665 ], [ 652754.057878236752003, 6861999.471110766753554 ] ] } },
{ "type": "Feature", "properties": { "id": 1167, "id1": 927, "id2": 641 }, "geometry": { "type": "LineString", "coordinates": [ [ 652774.464479256770574, 6862051.003814772702754 ], [ 652771.87936870707199, 6862049.893930810503662 ] ] } },
{ "type": "Feature", "properties": { "id": 1168, "id1": 928, "id2": 632 }, "geometry": { "type": "LineString", "coordinates": [ [ 652800.545326862833463, 6862109.240343309938908 ], [ 652800.513115711975843, 6862110.357982664369047 ] ] } },
{ "type": "Feature", "properties": { "id": 1169, "id1": 929, "id2": 633 }, "geometry": { "type": "LineString", "coordinates": [ [ 652744.69165552360937, 6862142.034958911128342 ], [ 652743.728916621766984, 6862143.466865517199039 ] ] } },
{ "type": "Feature", "properties": { "id": 1170, "id1": 930, "id2": 639 }, "geometry": { "type": "LineString", "coordinates": [ [ 652683.790599554078653, 6862014.817087084054947 ], [ 652683.488992782309651, 6862013.159743008203804 ] ] } },
{ "type": "Feature", "properties": { "id": 1171, "id1": 931, "id2": 638 }, "geometry": { "type": "LineString", "coordinates": [ [ 652629.924319607089274, 6862065.350212725810707 ], [ 652629.456511028576642, 6862064.098030829802155 ] ] } },
{ "type": "Feature", "properties": { "id": 1172, "id1": 932, "id2": 634 }, "geometry": { "type": "LineString", "coordinates": [ [ 652693.76379744685255, 6862167.41736511234194 ], [ 652691.438591875485145, 6862165.558662160299718 ] ] } },
{ "type": "Feature", "properties": { "id": 1173, "id1": 933, "id2": 623 }, "geometry": { "type": "LineString", "coordinates": [ [ 652779.533129682764411, 6862265.055091746151447 ], [ 652779.082564554992132, 6862264.920002494007349 ] ] } },
{ "type": "Feature", "properties": { "id": 1174, "id1": 934, "id2": 626 }, "geometry": { "type": "LineString", "coordinates": [ [ 652857.875087745371275, 6862314.719905781559646 ], [ 652841.574870086507872, 6862333.431473842822015 ] ] } },
{ "type": "Feature", "properties": { "id": 1176, "id1": 935, "id2": 644 }, "geometry": { "type": "LineString", "coordinates": [ [ 653031.257003251230344, 6862102.365422068163753 ], [ 653031.467225034721196, 6862102.097410715185106 ] ] } },
{ "type": "Feature", "properties": { "id": 1177, "id1": 936, "id2": 561 }, "geometry": { "type": "LineString", "coordinates": [ [ 653058.105354639701545, 6862241.725416267290711 ], [ 653058.67061950895004, 6862242.386936888098717 ] ] } },
{ "type": "Feature", "properties": { "id": 1178, "id1": 937, "id2": 630 }, "geometry": { "type": "LineString", "coordinates": [ [ 652947.223054609727114, 6862405.297527632676065 ], [ 652949.651795091922395, 6862406.182933191768825 ] ] } },
{ "type": "Feature", "properties": { "id": 1179, "id1": 938, "id2": 625 }, "geometry": { "type": "LineString", "coordinates": [ [ 652871.362395638483576, 6862194.476313918828964 ], [ 652870.713833622285165, 6862195.900468430481851 ] ] } },
{ "type": "Feature", "properties": { "id": 1180, "id1": 939, "id2": 614 }, "geometry": { "type": "LineString", "coordinates": [ [ 653149.841413773829117, 6862688.764865870587528 ], [ 653150.289526874898002, 6862688.547077258117497 ] ] } },
{ "type": "Feature", "properties": { "id": 1181, "id1": 940, "id2": 667 }, "geometry": { "type": "LineString", "coordinates": [ [ 653237.717531607020646, 6862777.59579735994339 ], [ 653240.299840376712382, 6862776.863505752757192 ] ] } },
{ "type": "Feature", "properties": { "id": 1182, "id1": 941, "id2": 649 }, "geometry": { "type": "LineString", "coordinates": [ [ 653154.894885096000507, 6861980.835585607215762 ], [ 653157.395861254073679, 6861984.89603360183537 ] ] } },
{ "type": "Feature", "properties": { "id": 1183, "id1": 942, "id2": 539 }, "geometry": { "type": "LineString", "coordinates": [ [ 653248.352649520267732, 6861845.166005423292518 ], [ 653249.562406577169895, 6861844.347545699216425 ] ] } },
{ "type": "Feature", "properties": { "id": 1184, "id1": 943, "id2": 538 }, "geometry": { "type": "LineString", "coordinates": [ [ 653202.385562122915871, 6861869.471229327842593 ], [ 653203.176164849079214, 6861869.159182829782367 ] ] } },
{ "type": "Feature", "properties": { "id": 1185, "id1": 944, "id2": 535 }, "geometry": { "type": "LineString", "coordinates": [ [ 653218.148464119876735, 6861916.711299179121852 ], [ 653219.748246640432626, 6861917.017217670567334 ] ] } },
{ "type": "Feature", "properties": { "id": 1186, "id1": 945, "id2": 536 }, "geometry": { "type": "LineString", "coordinates": [ [ 653265.276221163454466, 6861899.814587138593197 ], [ 653266.205048899748363, 6861898.842223678715527 ] ] } },
{ "type": "Feature", "properties": { "id": 1187, "id1": 946, "id2": 537 }, "geometry": { "type": "LineString", "coordinates": [ [ 653281.747672151424922, 6861888.820742677897215 ], [ 653283.356854135170579, 6861888.03860523737967 ] ] } },
{ "type": "Feature", "properties": { "id": 1188, "id1": 947, "id2": 559 }, "geometry": { "type": "LineString", "coordinates": [ [ 653277.273233183426782, 6861985.140184417366982 ], [ 653277.654464383027516, 6861983.358768591657281 ] ] } },
{ "type": "Feature", "properties": { "id": 1189, "id1": 948, "id2": 534 }, "geometry": { "type": "LineString", "coordinates": [ [ 653246.758720769779757, 6862163.00271453242749 ], [ 653247.072802209178917, 6862161.134194630198181 ] ] } },
{ "type": "Feature", "properties": { "id": 1190, "id1": 949, "id2": 560 }, "geometry": { "type": "LineString", "coordinates": [ [ 653174.79900187253952, 6862192.760736411437392 ], [ 653174.972432291484438, 6862192.400754989124835 ] ] } },
{ "type": "Feature", "properties": { "id": 1191, "id1": 950, "id2": 526 }, "geometry": { "type": "LineString", "coordinates": [ [ 653320.008363067638129, 6862111.695817085914314 ], [ 653321.593947109417059, 6862109.750254588201642 ] ] } },
{ "type": "Feature", "properties": { "id": 1192, "id1": 951, "id2": 531 }, "geometry": { "type": "LineString", "coordinates": [ [ 653294.069804277271032, 6862305.170735988765955 ], [ 653297.007217091973871, 6862303.443466167896986 ] ] } },
{ "type": "Feature", "properties": { "id": 1193, "id1": 952, "id2": 544 }, "geometry": { "type": "LineString", "coordinates": [ [ 653416.944301758427173, 6862033.419897077605128 ], [ 653417.721236862940714, 6862031.758397038094699 ] ] } },
{ "type": "Feature", "properties": { "id": 1194, "id1": 953, "id2": 175 }, "geometry": { "type": "LineString", "coordinates": [ [ 653425.785568824969232, 6862087.613690504804254 ], [ 653427.513974948553368, 6862086.327068293467164 ] ] } },
{ "type": "Feature", "properties": { "id": 1195, "id1": 954, "id2": 558 }, "geometry": { "type": "LineString", "coordinates": [ [ 653527.668559829355218, 6862020.226895160973072 ], [ 653527.029655036865734, 6862020.093178941868246 ] ] } },
{ "type": "Feature", "properties": { "id": 1196, "id1": 955, "id2": 1241 }, "geometry": { "type": "LineString", "coordinates": [ [ 653444.509892286965623, 6861918.062351608648896 ], [ 653446.620350924436934, 6861919.588711991906166 ] ] } },
{ "type": "Feature", "properties": { "id": 1197, "id1": 956, "id2": 540 }, "geometry": { "type": "LineString", "coordinates": [ [ 653435.287449191673659, 6861828.408518401905894 ], [ 653345.429897776106372, 6861858.990801197476685 ] ] } },
{ "type": "Feature", "properties": { "id": 1199, "id1": 957, "id2": 542 }, "geometry": { "type": "LineString", "coordinates": [ [ 653610.471459205378778, 6861839.334550026804209 ], [ 653610.18338127550669, 6861840.742371781729162 ] ] } },
{ "type": "Feature", "properties": { "id": 1200, "id1": 958, "id2": 543 }, "geometry": { "type": "LineString", "coordinates": [ [ 653608.282029904890805, 6862032.965941177681088 ], [ 653606.71913873613812, 6862031.90786889474839 ] ] } },
{ "type": "Feature", "properties": { "id": 1201, "id1": 959, "id2": 548 }, "geometry": { "type": "LineString", "coordinates": [ [ 653591.025299321045168, 6862192.831235873512924 ], [ 653591.915759929572232, 6862192.609252218157053 ] ] } },
{ "type": "Feature", "properties": { "id": 1202, "id1": 960, "id2": 546 }, "geometry": { "type": "LineString", "coordinates": [ [ 653475.673373905825429, 6862136.600637928582728 ], [ 653435.818518896936439, 6862146.711391424760222 ] ] } },
{ "type": "Feature", "properties": { "id": 1204, "id1": 961, "id2": 551 }, "geometry": { "type": "LineString", "coordinates": [ [ 653412.569441468571313, 6862235.261677381582558 ], [ 653414.054311923449859, 6862233.560364762321115 ] ] } },
{ "type": "Feature", "properties": { "id": 1205, "id1": 962, "id2": 239 }, "geometry": { "type": "LineString", "coordinates": [ [ 650961.361165003152564, 6861291.492218106985092 ], [ 650959.176445739925839, 6861291.351162035018206 ] ] } },
{ "type": "Feature", "properties": { "id": 1206, "id1": 963, "id2": 240 }, "geometry": { "type": "LineString", "coordinates": [ [ 650964.83429264195729, 6861193.989996834658086 ], [ 650929.012110592448153, 6861187.092903112061322 ] ] } },
{ "type": "Feature", "properties": { "id": 1208, "id1": 964, "id2": 549 }, "geometry": { "type": "LineString", "coordinates": [ [ 653483.440862042014487, 6862299.347797248512506 ], [ 653489.192723021726124, 6862289.529263345524669 ] ] } },
{ "type": "Feature", "properties": { "id": 1210, "id1": 965, "id2": 552 }, "geometry": { "type": "LineString", "coordinates": [ [ 653556.962735655833967, 6862367.050113289617002 ], [ 653556.577669626334682, 6862366.62497319187969 ] ] } },
{ "type": "Feature", "properties": { "id": 1211, "id1": 966, "id2": 553 }, "geometry": { "type": "LineString", "coordinates": [ [ 653471.116847044904716, 6862476.667331798933446 ], [ 653471.232108984258957, 6862474.762736854143441 ] ] } },
{ "type": "Feature", "properties": { "id": 1212, "id1": 967, "id2": 554 }, "geometry": { "type": "LineString", "coordinates": [ [ 653478.297135271597654, 6862609.943100418895483 ], [ 653470.831923296558671, 6862659.876056854613125 ] ] } },
{ "type": "Feature", "properties": { "id": 1215, "id1": 968, "id2": 832 }, "geometry": { "type": "LineString", "coordinates": [ [ 652892.222466479288414, 6863401.910649885423481 ], [ 652889.744530279189348, 6863403.542388388887048 ] ] } },
{ "type": "Feature", "properties": { "id": 1216, "id1": 969, "id2": 658 }, "geometry": { "type": "LineString", "coordinates": [ [ 653455.841761584859341, 6863121.01575038395822 ], [ 653458.806817481876351, 6863120.07724919822067 ] ] } },
{ "type": "Feature", "properties": { "id": 1217, "id1": 970, "id2": 675 }, "geometry": { "type": "LineString", "coordinates": [ [ 653527.631340909516439, 6862869.69805537071079 ], [ 653523.960650585009716, 6862883.13809503801167 ] ] } },
{ "type": "Feature", "properties": { "id": 1218, "id1": 972, "id2": 671 }, "geometry": { "type": "LineString", "coordinates": [ [ 653369.682085525710136, 6862749.835278670303524 ], [ 653371.123363606981002, 6862746.846148333512247 ] ] } },
{ "type": "Feature", "properties": { "id": 1219, "id1": 973, "id2": 674 }, "geometry": { "type": "LineString", "coordinates": [ [ 653445.838531907182187, 6862769.406185183674097 ], [ 653447.181753175333142, 6862767.9181392127648 ] ] } },
{ "type": "Feature", "properties": { "id": 1220, "id1": 974, "id2": 673 }, "geometry": { "type": "LineString", "coordinates": [ [ 653422.360874322941527, 6862908.152419769205153 ], [ 653424.104245241847821, 6862907.663613212294877 ] ] } },
{ "type": "Feature", "properties": { "id": 1221, "id1": 975, "id2": 670 }, "geometry": { "type": "LineString", "coordinates": [ [ 653363.198574767913669, 6862843.462155195884407 ], [ 653365.055361494189128, 6862842.285131555050611 ] ] } },
{ "type": "Feature", "properties": { "id": 1222, "id1": 976, "id2": 668 }, "geometry": { "type": "LineString", "coordinates": [ [ 653353.037926719640382, 6862656.938971522264183 ], [ 653352.915994522627443, 6862655.463661751709878 ] ] } },
{ "type": "Feature", "properties": { "id": 1223, "id1": 977, "id2": 672 }, "geometry": { "type": "LineString", "coordinates": [ [ 653329.982393621932715, 6862704.053435563109815 ], [ 653331.371692657936364, 6862701.544326699338853 ] ] } },
{ "type": "Feature", "properties": { "id": 1224, "id1": 978, "id2": 629 }, "geometry": { "type": "LineString", "coordinates": [ [ 653268.648470800020732, 6862623.140741103328764 ], [ 653269.156105809146538, 6862624.438438335433602 ] ] } },
{ "type": "Feature", "properties": { "id": 1225, "id1": 979, "id2": 612 }, "geometry": { "type": "LineString", "coordinates": [ [ 653316.492401424911804, 6862610.442720321938396 ], [ 653317.525572402402759, 6862611.715585985220969 ] ] } },
{ "type": "Feature", "properties": { "id": 1226, "id1": 980, "id2": 528 }, "geometry": { "type": "LineString", "coordinates": [ [ 653355.401886459556408, 6862580.59942408464849 ], [ 653356.827634923509322, 6862580.810286274179816 ] ] } },
{ "type": "Feature", "properties": { "id": 1227, "id1": 981, "id2": 611 }, "geometry": { "type": "LineString", "coordinates": [ [ 653284.022187123307958, 6862564.048553611151874 ], [ 653287.908641965128481, 6862564.780538366176188 ] ] } },
{ "type": "Feature", "properties": { "id": 1228, "id1": 982, "id2": 529 }, "geometry": { "type": "LineString", "coordinates": [ [ 653337.464502660906874, 6862514.798454629257321 ], [ 653337.922706500859931, 6862513.898435892537236 ] ] } },
{ "type": "Feature", "properties": { "id": 1229, "id1": 983, "id2": 515 }, "geometry": { "type": "LineString", "coordinates": [ [ 653350.049725284916349, 6862433.081122907809913 ], [ 653350.941768130869605, 6862430.646440278738737 ] ] } },
{ "type": "Feature", "properties": { "id": 1230, "id1": 984, "id2": 562 }, "geometry": { "type": "LineString", "coordinates": [ [ 653327.868398448801599, 6862393.288206623867154 ], [ 653330.268668175907806, 6862390.354266314767301 ] ] } },
{ "type": "Feature", "properties": { "id": 1231, "id1": 985, "id2": 530 }, "geometry": { "type": "LineString", "coordinates": [ [ 653258.983147548977286, 6862460.386685435660183 ], [ 653259.56618352746591, 6862459.224235340021551 ] ] } },
{ "type": "Feature", "properties": { "id": 1232, "id1": 986, "id2": 610 }, "geometry": { "type": "LineString", "coordinates": [ [ 653210.42025684681721, 6862533.249145411886275 ], [ 653212.867773534730077, 6862532.710080650635064 ] ] } },
{ "type": "Feature", "properties": { "id": 1233, "id1": 987, "id2": 532 }, "geometry": { "type": "LineString", "coordinates": [ [ 653175.698534305673093, 6862388.846648817881942 ], [ 653176.593063515960239, 6862389.17539800144732 ] ] } },
{ "type": "Feature", "properties": { "id": 1234, "id1": 988, "id2": 533 }, "geometry": { "type": "LineString", "coordinates": [ [ 653118.982950373203494, 6862316.592320037074387 ], [ 653120.05795213021338, 6862317.073948092758656 ] ] } },
{ "type": "Feature", "properties": { "id": 1235, "id1": 989, "id2": 605 }, "geometry": { "type": "LineString", "coordinates": [ [ 653096.298827994265594, 6862469.944634505547583 ], [ 653097.819498561439104, 6862470.545073158107698 ] ] } },
{ "type": "Feature", "properties": { "id": 1236, "id1": 990, "id2": 609 }, "geometry": { "type": "LineString", "coordinates": [ [ 653147.494039307464845, 6862558.477150716818869 ], [ 653149.903665207442828, 6862558.247738158330321 ] ] } },
{ "type": "Feature", "properties": { "id": 1237, "id1": 991, "id2": 613 }, "geometry": { "type": "LineString", "coordinates": [ [ 653214.914176709251478, 6862650.870967578142881 ], [ 653217.001380366971716, 6862650.953930023126304 ] ] } },
{ "type": "Feature", "properties": { "id": 1238, "id1": 992, "id2": 669 }, "geometry": { "type": "LineString", "coordinates": [ [ 653297.332853094791062, 6862758.961853029206395 ], [ 653299.085016719298437, 6862756.471392651088536 ] ] } },
{ "type": "Feature", "properties": { "id": 1239, "id1": 993, "id2": 608 }, "geometry": { "type": "LineString", "coordinates": [ [ 653062.359025712008588, 6862575.447505266405642 ], [ 653061.356726043391973, 6862572.666091390885413 ] ] } },
{ "type": "Feature", "properties": { "id": 1240, "id1": 994, "id2": 606 }, "geometry": { "type": "LineString", "coordinates": [ [ 652998.208758512279019, 6862577.841661800630391 ], [ 652998.915233733714558, 6862579.347586197778583 ] ] } },
{ "type": "Feature", "properties": { "id": 1241, "id1": 995, "id2": 451 }, "geometry": { "type": "LineString", "coordinates": [ [ 653361.796171501977369, 6861648.444492657668889 ], [ 653360.400467404280789, 6861646.310128707438707 ] ] } },
{ "type": "Feature", "properties": { "id": 1242, "id1": 996, "id2": 646 }, "geometry": { "type": "LineString", "coordinates": [ [ 652860.213370024808683, 6861965.361977569758892 ], [ 652858.243662818451412, 6861967.496676663868129 ] ] } },
{ "type": "Feature", "properties": { "id": 1243, "id1": 997, "id2": 642 }, "geometry": { "type": "LineString", "coordinates": [ [ 652989.005568411783315, 6861927.194496064446867 ], [ 653033.767786194803193, 6861914.525291870348155 ] ] } },
{ "type": "Feature", "properties": { "id": 1245, "id1": 998, "id2": 449 }, "geometry": { "type": "LineString", "coordinates": [ [ 653463.171162670711055, 6861602.210420345887542 ], [ 653511.928809628821909, 6861585.715266596525908 ] ] } },
{ "type": "Feature", "properties": { "id": 1247, "id1": 999, "id2": 463 }, "geometry": { "type": "LineString", "coordinates": [ [ 653111.932224930264056, 6861667.933617622591555 ], [ 653112.993597190943547, 6861668.949827624484897 ] ] } },
{ "type": "Feature", "properties": { "id": 1248, "id1": 1000, "id2": 455 }, "geometry": { "type": "LineString", "coordinates": [ [ 653170.135537814814597, 6861538.37894656509161 ], [ 653171.465866951737553, 6861537.319991827942431 ] ] } },
{ "type": "Feature", "properties": { "id": 1249, "id1": 1001, "id2": 452 }, "geometry": { "type": "LineString", "coordinates": [ [ 653266.543726521427743, 6861698.000457123853266 ], [ 653267.127437468618155, 6861698.782604064792395 ] ] } },
{ "type": "Feature", "properties": { "id": 1250, "id1": 1002, "id2": 453 }, "geometry": { "type": "LineString", "coordinates": [ [ 653200.19912889727857, 6861604.932969019748271 ], [ 653200.248492836952209, 6861604.157050356268883 ] ] } },
{ "type": "Feature", "properties": { "id": 1251, "id1": 1003, "id2": 454 }, "geometry": { "type": "LineString", "coordinates": [ [ 653274.749854400521144, 6861549.545982850715518 ], [ 653274.280835062614642, 6861548.207435645163059 ] ] } },
{ "type": "Feature", "properties": { "id": 1252, "id1": 1004, "id2": 541 }, "geometry": { "type": "LineString", "coordinates": [ [ 653653.548390281270258, 6861766.6150515479967 ], [ 653653.684089104062878, 6861768.814084816724062 ] ] } },
{ "type": "Feature", "properties": { "id": 1253, "id1": 1005, "id2": 443 }, "geometry": { "type": "LineString", "coordinates": [ [ 652653.979406594415195, 6861895.846430325880647 ], [ 652652.682555874809623, 6861895.914720514789224 ] ] } },
{ "type": "Feature", "properties": { "id": 1254, "id1": 1006, "id2": 430 }, "geometry": { "type": "LineString", "coordinates": [ [ 652723.465879432857037, 6861838.104730797000229 ], [ 652722.147780183120631, 6861840.150687078945339 ] ] } },
{ "type": "Feature", "properties": { "id": 1255, "id1": 1007, "id2": 444 }, "geometry": { "type": "LineString", "coordinates": [ [ 652771.166725525632501, 6861902.892078896053135 ], [ 652769.097649670788087, 6861905.722453232854605 ] ] } },
{ "type": "Feature", "properties": { "id": 1256, "id1": 1008, "id2": 432 }, "geometry": { "type": "LineString", "coordinates": [ [ 652482.945417412789539, 6861929.184430534020066 ], [ 652481.727689868188463, 6861929.971155031584203 ] ] } },
{ "type": "Feature", "properties": { "id": 1257, "id1": 1009, "id2": 433 }, "geometry": { "type": "LineString", "coordinates": [ [ 652452.725374507834204, 6861949.410251685418189 ], [ 652452.743378985091113, 6861950.106415296904743 ] ] } },
{ "type": "Feature", "properties": { "id": 1258, "id1": 1010, "id2": 434 }, "geometry": { "type": "LineString", "coordinates": [ [ 652479.945442442665808, 6861969.566984948702157 ], [ 652479.533836161019281, 6861968.919210541062057 ] ] } },
{ "type": "Feature", "properties": { "id": 1259, "id1": 1011, "id2": 440 }, "geometry": { "type": "LineString", "coordinates": [ [ 652562.898380166967399, 6861929.983938687480986 ], [ 652561.424463828559965, 6861931.180998067371547 ] ] } },
{ "type": "Feature", "properties": { "id": 1260, "id1": 1012, "id2": 439 }, "geometry": { "type": "LineString", "coordinates": [ [ 652523.906177491298877, 6861903.744239292107522 ], [ 652522.550871715182438, 6861905.750314085744321 ] ] } },
{ "type": "Feature", "properties": { "id": 1261, "id1": 1013, "id2": 438 }, "geometry": { "type": "LineString", "coordinates": [ [ 652561.035896974499337, 6861879.626901186071336 ], [ 652560.347467271494679, 6861881.377912642434239 ] ] } },
{ "type": "Feature", "properties": { "id": 1262, "id1": 1014, "id2": 445 }, "geometry": { "type": "LineString", "coordinates": [ [ 652595.712613741517998, 6861857.258463382720947 ], [ 652593.533407849143259, 6861856.73741414770484 ] ] } },
{ "type": "Feature", "properties": { "id": 1263, "id1": 1015, "id2": 442 }, "geometry": { "type": "LineString", "coordinates": [ [ 652620.689131965395063, 6861840.539028102532029 ], [ 652619.297857283847407, 6861840.219132963567972 ] ] } },
{ "type": "Feature", "properties": { "id": 1264, "id1": 1016, "id2": 441 }, "geometry": { "type": "LineString", "coordinates": [ [ 652649.015882724197581, 6861821.281428295187652 ], [ 652647.807288181036711, 6861822.357051146216691 ] ] } },
{ "type": "Feature", "properties": { "id": 1265, "id1": 1017, "id2": 421 }, "geometry": { "type": "LineString", "coordinates": [ [ 652690.928018918260932, 6861789.286464192904532 ], [ 652690.100028592627496, 6861792.654102211818099 ] ] } },
{ "type": "Feature", "properties": { "id": 1266, "id1": 1018, "id2": 431 }, "geometry": { "type": "LineString", "coordinates": [ [ 652721.368729634210467, 6861771.622170553542674 ], [ 652719.599597994587384, 6861774.932942156679928 ] ] } },
{ "type": "Feature", "properties": { "id": 1267, "id1": 1019, "id2": 427 }, "geometry": { "type": "LineString", "coordinates": [ [ 652779.06246097641997, 6861744.5316092800349 ], [ 652779.447889695642516, 6861743.320067059248686 ] ] } },
{ "type": "Feature", "properties": { "id": 1268, "id1": 1020, "id2": 428 }, "geometry": { "type": "LineString", "coordinates": [ [ 652839.697911920375191, 6861712.300736587494612 ], [ 652839.189642821904272, 6861709.345882500521839 ] ] } },
{ "type": "Feature", "properties": { "id": 1269, "id1": 1021, "id2": 429 }, "geometry": { "type": "LineString", "coordinates": [ [ 652872.33178552694153, 6861693.990462587215006 ], [ 652873.328344055800699, 6861692.208653647452593 ] ] } },
{ "type": "Feature", "properties": { "id": 1270, "id1": 1022, "id2": 426 }, "geometry": { "type": "LineString", "coordinates": [ [ 652852.009435569634661, 6861799.465071597136557 ], [ 652850.748472078703344, 6861800.409138224087656 ] ] } },
{ "type": "Feature", "properties": { "id": 1271, "id1": 1023, "id2": 425 }, "geometry": { "type": "LineString", "coordinates": [ [ 652939.542086092638783, 6861863.873495100997388 ], [ 652939.260173337417655, 6861866.727952032350004 ] ] } },
{ "type": "Feature", "properties": { "id": 1272, "id1": 1024, "id2": 457 }, "geometry": { "type": "LineString", "coordinates": [ [ 653169.97444180061575, 6861733.959085988812149 ], [ 653170.675482439342886, 6861735.458007750101388 ] ] } },
{ "type": "Feature", "properties": { "id": 1273, "id1": 1025, "id2": 456 }, "geometry": { "type": "LineString", "coordinates": [ [ 653110.34359828918241, 6861800.51880666334182 ], [ 653109.374433085089549, 6861802.086199609562755 ] ] } },
{ "type": "Feature", "properties": { "id": 1274, "id1": 1026, "id2": 458 }, "geometry": { "type": "LineString", "coordinates": [ [ 652999.904530720203184, 6861835.976721392013133 ], [ 653000.628204959677532, 6861837.947728414088488 ] ] } },
{ "type": "Feature", "properties": { "id": 1275, "id1": 1027, "id2": 460 }, "geometry": { "type": "LineString", "coordinates": [ [ 652932.37426754029002, 6861658.901752289384604 ], [ 652932.880098312278278, 6861659.129628601484001 ] ] } },
{ "type": "Feature", "properties": { "id": 1276, "id1": 1028, "id2": 459 }, "geometry": { "type": "LineString", "coordinates": [ [ 652943.299729154328816, 6861715.600326210260391 ], [ 652943.562665974488482, 6861716.418485076166689 ] ] } },
{ "type": "Feature", "properties": { "id": 1277, "id1": 1029, "id2": 461 }, "geometry": { "type": "LineString", "coordinates": [ [ 652993.171915670274757, 6861738.64320898335427 ], [ 652993.45170922903344, 6861738.807324535213411 ] ] } },
{ "type": "Feature", "properties": { "id": 1278, "id1": 1030, "id2": 465 }, "geometry": { "type": "LineString", "coordinates": [ [ 653052.506984575768001, 6861704.4577622031793 ], [ 653054.246752010891214, 6861704.512266045436263 ] ] } },
{ "type": "Feature", "properties": { "id": 1279, "id1": 1031, "id2": 462 }, "geometry": { "type": "LineString", "coordinates": [ [ 653014.583669335464947, 6861614.8163091102615 ], [ 653017.302561599644832, 6861614.431414998136461 ] ] } },
{ "type": "Feature", "properties": { "id": 1280, "id1": 1032, "id2": 476 }, "geometry": { "type": "LineString", "coordinates": [ [ 655433.362331999000162, 6861635.489453760907054 ], [ 655409.99605312733911, 6861603.00759731978178 ] ] } },
{ "type": "Feature", "properties": { "id": 1282, "id1": 1033, "id2": 1276 }, "geometry": { "type": "LineString", "coordinates": [ [ 655170.1216366692679, 6862025.949848816730082 ], [ 655196.328808941412717, 6862028.334082284010947 ] ] } },
{ "type": "Feature", "properties": { "id": 1284, "id1": 1035, "id2": 353 }, "geometry": { "type": "LineString", "coordinates": [ [ 649315.111362037132494, 6860959.57988737989217 ], [ 649307.639084728783928, 6860967.57666068058461 ] ] } }
]
}
