{
"type": "FeatureCollection",
"crs": { "type": "name", "properties": { "name": "urn:ogc:def:crs:EPSG::2154" } },
"features": [
{ "type": "Feature", "properties": { "id": 0, "id1": 3, "id2": 2660 }, "geometry": { "type": "LineString", "coordinates": [ [ 652308.932455390924588, 6861458.90381832793355 ], [ 652285.812561903614551, 6861464.305852144956589 ] ] } },
{ "type": "Feature", "properties": { "id": 1, "id1": 4, "id2": 3060 }, "geometry": { "type": "LineString", "coordinates": [ [ 652237.684954104828648, 6861489.774198577739298 ], [ 652241.054953413200565, 6861486.523012001998723 ] ] } },
{ "type": "Feature", "properties": { "id": 2, "id1": 5, "id2": 3463 }, "geometry": { "type": "LineString", "coordinates": [ [ 652209.066911605885252, 6861523.48131850361824 ], [ 652203.055200169794261, 6861524.150474461726844 ] ] } },
{ "type": "Feature", "properties": { "id": 3, "id1": 6, "id2": 2918 }, "geometry": { "type": "LineString", "coordinates": [ [ 652071.186714843497612, 6861576.381064570508897 ], [ 652071.852449542027898, 6861576.209357056766748 ] ] } },
{ "type": "Feature", "properties": { "id": 4, "id1": 7, "id2": 2909 }, "geometry": { "type": "LineString", "coordinates": [ [ 652108.571130748372525, 6861531.263287879526615 ], [ 652110.742933102301322, 6861532.806873509660363 ] ] } },
{ "type": "Feature", "properties": { "id": 5, "id1": 8, "id2": 2012 }, "geometry": { "type": "LineString", "coordinates": [ [ 652153.867506869370118, 6861485.463836628012359 ], [ 652173.001525584375486, 6861494.412338697351515 ] ] } },
{ "type": "Feature", "properties": { "id": 7, "id1": 9, "id2": 241 }, "geometry": { "type": "LineString", "coordinates": [ [ 649589.278968289378099, 6861568.967678950168192 ], [ 649588.79225964192301, 6861572.049463678151369 ] ] } },
{ "type": "Feature", "properties": { "id": 8, "id1": 10, "id2": 1795 }, "geometry": { "type": "LineString", "coordinates": [ [ 652208.78509093367029, 6861449.052777443081141 ], [ 652210.49683914007619, 6861449.39019569940865 ] ] } },
{ "type": "Feature", "properties": { "id": 9, "id1": 12, "id2": 1411 }, "geometry": { "type": "LineString", "coordinates": [ [ 652192.950219188118353, 6861414.502680221572518 ], [ 652198.996675224625506, 6861404.531227212399244 ] ] } },
{ "type": "Feature", "properties": { "id": 10, "id1": 13, "id2": 2621 }, "geometry": { "type": "LineString", "coordinates": [ [ 652263.984180525527336, 6861402.670242610387504 ], [ 652265.483949406072497, 6861403.360377967357635 ] ] } },
{ "type": "Feature", "properties": { "id": 11, "id1": 14, "id2": 2181 }, "geometry": { "type": "LineString", "coordinates": [ [ 652286.627026911475696, 6861358.845932113938034 ], [ 652292.142223656876013, 6861366.700334703549743 ] ] } },
{ "type": "Feature", "properties": { "id": 12, "id1": 15, "id2": 3687 }, "geometry": { "type": "LineString", "coordinates": [ [ 652184.171606063609943, 6861324.733630714006722 ], [ 652197.672056075185537, 6861328.704389717429876 ] ] } },
{ "type": "Feature", "properties": { "id": 13, "id1": 16, "id2": 1722 }, "geometry": { "type": "LineString", "coordinates": [ [ 651982.572909440728836, 6860714.573609570972621 ], [ 651947.178332700394094, 6860742.460922216065228 ] ] } },
{ "type": "Feature", "properties": { "id": 15, "id1": 17, "id2": 1879 }, "geometry": { "type": "LineString", "coordinates": [ [ 652145.564170158584602, 6861368.695500505156815 ], [ 652156.950030628009699, 6861369.09185584448278 ] ] } },
{ "type": "Feature", "properties": { "id": 16, "id1": 100, "id2": 836 }, "geometry": { "type": "LineString", "coordinates": [ [ 652741.204667578218505, 6859578.008974905125797 ], [ 652743.027136629563756, 6859579.87816879991442 ] ] } },
{ "type": "Feature", "properties": { "id": 17, "id1": 18, "id2": 1268 }, "geometry": { "type": "LineString", "coordinates": [ [ 652070.030957736889832, 6861448.434409365989268 ], [ 652102.437865584623069, 6861421.819820174947381 ] ] } },
{ "type": "Feature", "properties": { "id": 19, "id1": 19, "id2": 561 }, "geometry": { "type": "LineString", "coordinates": [ [ 652089.986656537163071, 6861209.339174833148718 ], [ 652068.759683018201031, 6861152.783952145837247 ] ] } },
{ "type": "Feature", "properties": { "id": 22, "id1": 20, "id2": 342 }, "geometry": { "type": "LineString", "coordinates": [ [ 652163.034937030868605, 6861215.28624742757529 ], [ 652180.827025212347507, 6861257.040241898037493 ] ] } },
{ "type": "Feature", "properties": { "id": 24, "id1": 21, "id2": 3441 }, "geometry": { "type": "LineString", "coordinates": [ [ 652235.358009854098782, 6861182.278989742510021 ], [ 652238.542649270035326, 6861189.826543394476175 ] ] } },
{ "type": "Feature", "properties": { "id": 25, "id1": 22, "id2": 1125 }, "geometry": { "type": "LineString", "coordinates": [ [ 649663.435587682295591, 6861646.671498572453856 ], [ 649661.376690610777587, 6861647.70708950702101 ] ] } },
{ "type": "Feature", "properties": { "id": 26, "id1": 23, "id2": 3133 }, "geometry": { "type": "LineString", "coordinates": [ [ 652297.376599280163646, 6860900.859246253035963 ], [ 652282.74432887788862, 6860990.814883572049439 ] ] } },
{ "type": "Feature", "properties": { "id": 27, "id1": 32, "id2": 51 }, "geometry": { "type": "LineString", "coordinates": [ [ 652183.664400703506544, 6860960.317047075368464 ], [ 652185.133572377962992, 6860960.286254022270441 ] ] } },
{ "type": "Feature", "properties": { "id": 28, "id1": 197, "id2": 2112 }, "geometry": { "type": "LineString", "coordinates": [ [ 649645.025607032701373, 6860442.604071754030883 ], [ 649650.13206339336466, 6860444.110119301825762 ] ] } },
{ "type": "Feature", "properties": { "id": 30, "id1": 25, "id2": 688 }, "geometry": { "type": "LineString", "coordinates": [ [ 652133.527411725255661, 6861074.515356241725385 ], [ 652115.76900452747941, 6861033.088173471391201 ] ] } },
{ "type": "Feature", "properties": { "id": 32, "id1": 26, "id2": 849 }, "geometry": { "type": "LineString", "coordinates": [ [ 652059.411262141540647, 6861081.577366384677589 ], [ 651965.270380313857459, 6861054.99519439227879 ] ] } },
{ "type": "Feature", "properties": { "id": 36, "id1": 30, "id2": 763 }, "geometry": { "type": "LineString", "coordinates": [ [ 651779.965962236979976, 6859392.476927542127669 ], [ 651778.799218006199226, 6859376.080379739403725 ] ] } },
{ "type": "Feature", "properties": { "id": 37, "id1": 31, "id2": 1733 }, "geometry": { "type": "LineString", "coordinates": [ [ 652088.746719457558356, 6860971.583525137975812 ], [ 652093.956056531402282, 6860977.116925661452115 ] ] } },
{ "type": "Feature", "properties": { "id": 38, "id1": 227, "id2": 2786 }, "geometry": { "type": "LineString", "coordinates": [ [ 651164.041216695681214, 6861354.638218224979937 ], [ 651162.021800906164572, 6861351.888317076489329 ] ] } },
{ "type": "Feature", "properties": { "id": 39, "id1": 33, "id2": 2284 }, "geometry": { "type": "LineString", "coordinates": [ [ 652169.956400430295616, 6860914.85004975926131 ], [ 652171.705890009063296, 6860914.828096978366375 ] ] } },
{ "type": "Feature", "properties": { "id": 40, "id1": 34, "id2": 395 }, "geometry": { "type": "LineString", "coordinates": [ [ 652198.598412278923206, 6860709.07631085626781 ], [ 652200.720048337359913, 6860709.578857926651835 ] ] } },
{ "type": "Feature", "properties": { "id": 41, "id1": 35, "id2": 1388 }, "geometry": { "type": "LineString", "coordinates": [ [ 651941.683578815194778, 6860795.065910696983337 ], [ 651945.479200517525896, 6860802.325575336813927 ] ] } },
{ "type": "Feature", "properties": { "id": 42, "id1": 36, "id2": 661 }, "geometry": { "type": "LineString", "coordinates": [ [ 651855.810773927718401, 6860874.751546421088278 ], [ 651855.15178707963787, 6860878.551350577734411 ] ] } },
{ "type": "Feature", "properties": { "id": 43, "id1": 37, "id2": 865 }, "geometry": { "type": "LineString", "coordinates": [ [ 651879.923242705524899, 6860970.570647905580699 ], [ 651881.341360651305877, 6860970.460807929746807 ] ] } },
{ "type": "Feature", "properties": { "id": 44, "id1": 38, "id2": 507 }, "geometry": { "type": "LineString", "coordinates": [ [ 651942.09844830003567, 6859418.935455347411335 ], [ 651942.574992914684117, 6859417.433738770894706 ] ] } },
{ "type": "Feature", "properties": { "id": 45, "id1": 39, "id2": 1725 }, "geometry": { "type": "LineString", "coordinates": [ [ 652007.33322097780183, 6860883.349823660217226 ], [ 652007.827959591289982, 6860883.947605848312378 ] ] } },
{ "type": "Feature", "properties": { "id": 46, "id1": 55, "id2": 1723 }, "geometry": { "type": "LineString", "coordinates": [ [ 652220.651055906782858, 6860396.939047489315271 ], [ 652241.220922697684728, 6860258.074155759997666 ] ] } },
{ "type": "Feature", "properties": { "id": 48, "id1": 40, "id2": 1554 }, "geometry": { "type": "LineString", "coordinates": [ [ 652044.360209421138279, 6861383.342868840321898 ], [ 652060.637043642811477, 6861389.68158229906112 ] ] } },
{ "type": "Feature", "properties": { "id": 49, "id1": 41, "id2": 2604 }, "geometry": { "type": "LineString", "coordinates": [ [ 652309.244973665336147, 6861301.817789864726365 ], [ 652286.495154213975184, 6861241.971334514208138 ] ] } },
{ "type": "Feature", "properties": { "id": 51, "id1": 42, "id2": 339 }, "geometry": { "type": "LineString", "coordinates": [ [ 652014.854317946941592, 6861282.329407116398215 ], [ 652049.408895367174409, 6861282.995029577985406 ] ] } },
{ "type": "Feature", "properties": { "id": 59, "id1": 43, "id2": 752 }, "geometry": { "type": "LineString", "coordinates": [ [ 651986.999941113288514, 6859550.086719694547355 ], [ 651987.022786795743741, 6859550.46176774892956 ] ] } },
{ "type": "Feature", "properties": { "id": 60, "id1": 44, "id2": 2844 }, "geometry": { "type": "LineString", "coordinates": [ [ 651954.996598489116877, 6861181.562028031796217 ], [ 651963.436051850323565, 6861171.041016154922545 ] ] } },
{ "type": "Feature", "properties": { "id": 62, "id1": 56, "id2": 1481 }, "geometry": { "type": "LineString", "coordinates": [ [ 652111.439728001132607, 6860539.392325784079731 ], [ 652113.313364042784087, 6860540.746682275086641 ] ] } },
{ "type": "Feature", "properties": { "id": 63, "id1": 57, "id2": 1154 }, "geometry": { "type": "LineString", "coordinates": [ [ 652137.789836517185904, 6860456.964976287446916 ], [ 652138.103110224590637, 6860459.519695118069649 ] ] } },
{ "type": "Feature", "properties": { "id": 65, "id1": 304, "id2": 2611 }, "geometry": { "type": "LineString", "coordinates": [ [ 649599.414735781261697, 6860979.258563240990043 ], [ 649601.443635831819847, 6860980.14733901899308 ] ] } },
{ "type": "Feature", "properties": { "id": 66, "id1": 1272, "id2": 184 }, "geometry": { "type": "LineString", "coordinates": [ [ 653226.006854057195596, 6860229.428294126875699 ], [ 653217.134953908040188, 6860233.492467069998384 ] ] } },
{ "type": "Feature", "properties": { "id": 68, "id1": 46, "id2": 2938 }, "geometry": { "type": "LineString", "coordinates": [ [ 652122.741611387464218, 6860800.489651675336063 ], [ 652146.72132690786384, 6860801.535493568517268 ] ] } },
{ "type": "Feature", "properties": { "id": 70, "id1": 47, "id2": 1726 }, "geometry": { "type": "LineString", "coordinates": [ [ 651022.530474019004032, 6859510.555482864379883 ], [ 651054.561634689220227, 6859530.432524696923792 ] ] } },
{ "type": "Feature", "properties": { "id": 72, "id1": 48, "id2": 901 }, "geometry": { "type": "LineString", "coordinates": [ [ 650941.332028777920641, 6859577.146986642852426 ], [ 650953.786120546166785, 6859617.053695880807936 ] ] } },
{ "type": "Feature", "properties": { "id": 74, "id1": 49, "id2": 1814 }, "geometry": { "type": "LineString", "coordinates": [ [ 651258.421755133196712, 6859509.856010167859495 ], [ 651256.159482229268178, 6859509.468696209602058 ] ] } },
{ "type": "Feature", "properties": { "id": 75, "id1": 50, "id2": 1355 }, "geometry": { "type": "LineString", "coordinates": [ [ 651475.896598673658445, 6859433.072139122523367 ], [ 651481.426506593474187, 6859430.091285069473088 ] ] } },
{ "type": "Feature", "properties": { "id": 77, "id1": 51, "id2": 560 }, "geometry": { "type": "LineString", "coordinates": [ [ 651508.85459136753343, 6859592.994593165814877 ], [ 651550.03510387474671, 6859529.711706747300923 ] ] } },
{ "type": "Feature", "properties": { "id": 80, "id1": 52, "id2": 2300 }, "geometry": { "type": "LineString", "coordinates": [ [ 651568.063231938169338, 6859855.487264298833907 ], [ 651570.394608983187936, 6859857.035063568502665 ] ] } },
{ "type": "Feature", "properties": { "id": 81, "id1": 53, "id2": 1807 }, "geometry": { "type": "LineString", "coordinates": [ [ 652018.307791121886112, 6859968.11377595923841 ], [ 652038.443712160456926, 6859979.131219131872058 ] ] } },
{ "type": "Feature", "properties": { "id": 83, "id1": 54, "id2": 413 }, "geometry": { "type": "LineString", "coordinates": [ [ 652139.667921408894472, 6860105.866770816035569 ], [ 652098.300123500754125, 6860067.676623990759254 ] ] } },
{ "type": "Feature", "properties": { "id": 85, "id1": 1273, "id2": 511 }, "geometry": { "type": "LineString", "coordinates": [ [ 652324.822173217078671, 6860249.412619984708726 ], [ 652302.340412341640331, 6860293.776624081656337 ] ] } },
{ "type": "Feature", "properties": { "id": 86, "id1": 58, "id2": 1806 }, "geometry": { "type": "LineString", "coordinates": [ [ 652203.943832592573017, 6860603.426108247600496 ], [ 652204.82001490984112, 6860604.418904377147555 ] ] } },
{ "type": "Feature", "properties": { "id": 87, "id1": 59, "id2": 124 }, "geometry": { "type": "LineString", "coordinates": [ [ 652118.875538527383469, 6860637.723325229249895 ], [ 652119.628626221674494, 6860638.34761615563184 ] ] } },
{ "type": "Feature", "properties": { "id": 88, "id1": 60, "id2": 3285 }, "geometry": { "type": "LineString", "coordinates": [ [ 652046.758158348849975, 6860642.672892099246383 ], [ 652047.917052061995491, 6860645.125594355165958 ] ] } },
{ "type": "Feature", "properties": { "id": 89, "id1": 61, "id2": 152 }, "geometry": { "type": "LineString", "coordinates": [ [ 652016.781917955260724, 6859448.708748024888337 ], [ 652017.659287074347958, 6859444.907294103875756 ] ] } },
{ "type": "Feature", "properties": { "id": 90, "id1": 62, "id2": 1830 }, "geometry": { "type": "LineString", "coordinates": [ [ 651629.205366580397822, 6860728.748410773463547 ], [ 651711.822270010248758, 6860790.589868173003197 ] ] } },
{ "type": "Feature", "properties": { "id": 92, "id1": 63, "id2": 2065 }, "geometry": { "type": "LineString", "coordinates": [ [ 651406.104686558246613, 6860284.10841266438365 ], [ 651409.590023125405423, 6860281.678490784019232 ] ] } },
{ "type": "Feature", "properties": { "id": 93, "id1": 64, "id2": 1279 }, "geometry": { "type": "LineString", "coordinates": [ [ 651467.796692744479515, 6860466.930347431451082 ], [ 651468.357552901608869, 6860462.272533124312758 ] ] } },
{ "type": "Feature", "properties": { "id": 94, "id1": 65, "id2": 696 }, "geometry": { "type": "LineString", "coordinates": [ [ 651545.749738450394943, 6860342.706554636359215 ], [ 651498.748631190042943, 6860122.148734956048429 ] ] } },
{ "type": "Feature", "properties": { "id": 100, "id1": 66, "id2": 684 }, "geometry": { "type": "LineString", "coordinates": [ [ 651389.107204579515383, 6859980.945288336835802 ], [ 651406.45695073378738, 6859987.006486318074167 ] ] } },
{ "type": "Feature", "properties": { "id": 107, "id1": 67, "id2": 1533 }, "geometry": { "type": "LineString", "coordinates": [ [ 651099.159010775852948, 6860006.124445958063006 ], [ 650943.885976673453115, 6860083.72397193312645 ] ] } },
{ "type": "Feature", "properties": { "id": 112, "id1": 68, "id2": 2245 }, "geometry": { "type": "LineString", "coordinates": [ [ 651014.422232562559657, 6859708.24973002076149 ], [ 651103.057989807683043, 6859956.14794975426048 ] ] } },
{ "type": "Feature", "properties": { "id": 113, "id1": 69, "id2": 321 }, "geometry": { "type": "LineString", "coordinates": [ [ 651235.229987336439081, 6859706.225733991712332 ], [ 651192.913958606193773, 6859547.112890913151205 ] ] } },
{ "type": "Feature", "properties": { "id": 116, "id1": 70, "id2": 34 }, "geometry": { "type": "LineString", "coordinates": [ [ 651839.003598798182793, 6859740.285369168967009 ], [ 651769.468822423019446, 6859548.549312707968056 ] ] } },
{ "type": "Feature", "properties": { "id": 123, "id1": 77, "id2": 1378 }, "geometry": { "type": "LineString", "coordinates": [ [ 652326.05000003927853, 6859188.665180388838053 ], [ 652325.979177914210595, 6859189.892569405026734 ] ] } },
{ "type": "Feature", "properties": { "id": 124, "id1": 78, "id2": 374 }, "geometry": { "type": "LineString", "coordinates": [ [ 652459.684946774272248, 6859412.778451393358409 ], [ 652457.166647559497505, 6859410.023469368927181 ] ] } },
{ "type": "Feature", "properties": { "id": 125, "id1": 87, "id2": 575 }, "geometry": { "type": "LineString", "coordinates": [ [ 652300.686943694017828, 6860226.624406779184937 ], [ 652300.368889269302599, 6860223.732954956591129 ] ] } },
{ "type": "Feature", "properties": { "id": 126, "id1": 71, "id2": 181 }, "geometry": { "type": "LineString", "coordinates": [ [ 651862.739618293591775, 6860366.13743491936475 ], [ 651983.442245297832415, 6860537.516801138408482 ] ] } },
{ "type": "Feature", "properties": { "id": 141, "id1": 72, "id2": 960 }, "geometry": { "type": "LineString", "coordinates": [ [ 652568.598703293362632, 6860294.802329483442008 ], [ 652566.477645321167074, 6860297.242187877185643 ] ] } },
{ "type": "Feature", "properties": { "id": 142, "id1": 73, "id2": 2798 }, "geometry": { "type": "LineString", "coordinates": [ [ 652684.142315037199296, 6860326.757405981421471 ], [ 652681.103569828905165, 6860327.617891511879861 ] ] } },
{ "type": "Feature", "properties": { "id": 143, "id1": 74, "id2": 3210 }, "geometry": { "type": "LineString", "coordinates": [ [ 652753.704744423739612, 6862996.278752845712006 ], [ 652767.820743195712566, 6862992.662774755619466 ] ] } },
{ "type": "Feature", "properties": { "id": 144, "id1": 75, "id2": 936 }, "geometry": { "type": "LineString", "coordinates": [ [ 652036.51203185680788, 6859224.074953 ], [ 652052.72647176112514, 6859238.514471015892923 ] ] } },
{ "type": "Feature", "properties": { "id": 150, "id1": 76, "id2": 26 }, "geometry": { "type": "LineString", "coordinates": [ [ 652564.762043102295138, 6859299.055819266475737 ], [ 652532.386814818135463, 6859237.003221375867724 ] ] } },
{ "type": "Feature", "properties": { "id": 155, "id1": 98, "id2": 1820 }, "geometry": { "type": "LineString", "coordinates": [ [ 652832.029986319830641, 6859681.41471544560045 ], [ 652830.565749577479437, 6859687.462280599400401 ] ] } },
{ "type": "Feature", "properties": { "id": 156, "id1": 79, "id2": 245 }, "geometry": { "type": "LineString", "coordinates": [ [ 652192.071435492369346, 6859529.519812609069049 ], [ 652267.471307711093687, 6859742.479013433679938 ] ] } },
{ "type": "Feature", "properties": { "id": 166, "id1": 80, "id2": 3102 }, "geometry": { "type": "LineString", "coordinates": [ [ 652840.721359606948681, 6860128.069279097020626 ], [ 652846.22335177147761, 6860111.74448293633759 ] ] } },
{ "type": "Feature", "properties": { "id": 167, "id1": 81, "id2": 2121 }, "geometry": { "type": "LineString", "coordinates": [ [ 652415.179124173475429, 6859639.852948286570609 ], [ 652435.135027028736658, 6859616.57954297401011 ] ] } },
{ "type": "Feature", "properties": { "id": 169, "id1": 82, "id2": 252 }, "geometry": { "type": "LineString", "coordinates": [ [ 652393.89427514153067, 6859831.49746900703758 ], [ 652405.776527154142968, 6859823.442328289151192 ] ] } },
{ "type": "Feature", "properties": { "id": 171, "id1": 83, "id2": 311 }, "geometry": { "type": "LineString", "coordinates": [ [ 652377.039631165214814, 6859773.339493836276233 ], [ 652384.913971683592536, 6859758.846794323064387 ] ] } },
{ "type": "Feature", "properties": { "id": 172, "id1": 84, "id2": 192 }, "geometry": { "type": "LineString", "coordinates": [ [ 652287.760933555080555, 6859770.356597024016082 ], [ 652251.511094333138317, 6859803.532356664538383 ] ] } },
{ "type": "Feature", "properties": { "id": 174, "id1": 85, "id2": 60 }, "geometry": { "type": "LineString", "coordinates": [ [ 652223.663940462050959, 6859909.76868612319231 ], [ 652125.711003684089519, 6859810.169976187869906 ] ] } },
{ "type": "Feature", "properties": { "id": 181, "id1": 88, "id2": 473 }, "geometry": { "type": "LineString", "coordinates": [ [ 652447.207620056695305, 6860355.672359629534185 ], [ 652464.916647669044323, 6860364.426214988343418 ] ] } },
{ "type": "Feature", "properties": { "id": 184, "id1": 89, "id2": 2346 }, "geometry": { "type": "LineString", "coordinates": [ [ 652524.849408162175678, 6860378.662463892251253 ], [ 652526.582412767340429, 6860378.632695863954723 ] ] } },
{ "type": "Feature", "properties": { "id": 185, "id1": 90, "id2": 1059 }, "geometry": { "type": "LineString", "coordinates": [ [ 653467.657990388339385, 6859979.183601128868759 ], [ 653886.790733650908805, 6859954.800800738856196 ] ] } },
{ "type": "Feature", "properties": { "id": 193, "id1": 91, "id2": 1591 }, "geometry": { "type": "LineString", "coordinates": [ [ 653401.506420378922485, 6860414.024009301327169 ], [ 653273.529616817133501, 6860277.231792324222624 ] ] } },
{ "type": "Feature", "properties": { "id": 196, "id1": 92, "id2": 1854 }, "geometry": { "type": "LineString", "coordinates": [ [ 653336.540550314821303, 6860260.092833642847836 ], [ 653425.326990584027953, 6859994.848354922607541 ] ] } },
{ "type": "Feature", "properties": { "id": 197, "id1": 93, "id2": 1527 }, "geometry": { "type": "LineString", "coordinates": [ [ 653388.960178209119476, 6860594.978836800903082 ], [ 653393.514825784950517, 6860597.020116086117923 ] ] } },
{ "type": "Feature", "properties": { "id": 198, "id1": 94, "id2": 161 }, "geometry": { "type": "LineString", "coordinates": [ [ 653014.19202398636844, 6860331.977159299887717 ], [ 653012.435171893448569, 6860325.045004275627434 ] ] } },
{ "type": "Feature", "properties": { "id": 199, "id1": 95, "id2": 1668 }, "geometry": { "type": "LineString", "coordinates": [ [ 653015.541576280142181, 6860158.801954637281597 ], [ 653002.243770962581038, 6860168.293091835454106 ] ] } },
{ "type": "Feature", "properties": { "id": 201, "id1": 96, "id2": 130 }, "geometry": { "type": "LineString", "coordinates": [ [ 652225.041679449146613, 6862214.810903619974852 ], [ 652217.812117188354023, 6862182.531528943218291 ] ] } },
{ "type": "Feature", "properties": { "id": 202, "id1": 97, "id2": 243 }, "geometry": { "type": "LineString", "coordinates": [ [ 652932.706814855453558, 6859945.816982568241656 ], [ 652860.760782116092741, 6859976.54559972602874 ] ] } },
{ "type": "Feature", "properties": { "id": 208, "id1": 99, "id2": 122 }, "geometry": { "type": "LineString", "coordinates": [ [ 652900.506072956486605, 6859755.490832814946771 ], [ 652900.535821854718961, 6859759.26096267066896 ] ] } },
{ "type": "Feature", "properties": { "id": 209, "id1": 101, "id2": 919 }, "geometry": { "type": "LineString", "coordinates": [ [ 652666.263549869763665, 6859474.284975928254426 ], [ 652659.488401808775961, 6859472.874796306714416 ] ] } },
{ "type": "Feature", "properties": { "id": 216, "id1": 102, "id2": 853 }, "geometry": { "type": "LineString", "coordinates": [ [ 652668.59911428228952, 6859720.825799816288054 ], [ 652689.794476348673925, 6859828.702682890929282 ] ] } },
{ "type": "Feature", "properties": { "id": 218, "id1": 103, "id2": 1224 }, "geometry": { "type": "LineString", "coordinates": [ [ 652791.209132709074765, 6859865.296915676444769 ], [ 652717.636893937480636, 6859730.496019759215415 ] ] } },
{ "type": "Feature", "properties": { "id": 221, "id1": 104, "id2": 2425 }, "geometry": { "type": "LineString", "coordinates": [ [ 652568.396701265592128, 6859744.395143293775618 ], [ 652602.135953500634059, 6859780.3943409929052 ] ] } },
{ "type": "Feature", "properties": { "id": 223, "id1": 105, "id2": 550 }, "geometry": { "type": "LineString", "coordinates": [ [ 652549.15647491440177, 6859833.55744630843401 ], [ 652499.230618777335621, 6859801.019628481939435 ] ] } },
{ "type": "Feature", "properties": { "id": 225, "id1": 107, "id2": 1688 }, "geometry": { "type": "LineString", "coordinates": [ [ 652747.564661066047847, 6863063.28940361738205 ], [ 652707.721026154235005, 6863151.004996005445719 ] ] } },
{ "type": "Feature", "properties": { "id": 227, "id1": 108, "id2": 275 }, "geometry": { "type": "LineString", "coordinates": [ [ 652484.27058818587102, 6859937.982817175798118 ], [ 652526.803795833140612, 6859942.034386016428471 ] ] } },
{ "type": "Feature", "properties": { "id": 231, "id1": 109, "id2": 559 }, "geometry": { "type": "LineString", "coordinates": [ [ 652450.403159079956822, 6860014.897684913128614 ], [ 652483.410276794922538, 6860014.484398567117751 ] ] } },
{ "type": "Feature", "properties": { "id": 233, "id1": 110, "id2": 1050 }, "geometry": { "type": "LineString", "coordinates": [ [ 652655.452929317718372, 6860025.300973372533917 ], [ 652649.371727063087747, 6860038.083838024176657 ] ] } },
{ "type": "Feature", "properties": { "id": 236, "id1": 111, "id2": 1008 }, "geometry": { "type": "LineString", "coordinates": [ [ 652765.873341806815006, 6860045.669121573679149 ], [ 652762.471675085951574, 6859991.230866370722651 ] ] } },
{ "type": "Feature", "properties": { "id": 239, "id1": 112, "id2": 634 }, "geometry": { "type": "LineString", "coordinates": [ [ 652646.530141953378916, 6860196.58786634542048 ], [ 652582.772890184191056, 6860169.214856272563338 ] ] } },
{ "type": "Feature", "properties": { "id": 241, "id1": 113, "id2": 454 }, "geometry": { "type": "LineString", "coordinates": [ [ 652441.915383740444668, 6860119.163831811398268 ], [ 652341.736129890778102, 6860110.622573466040194 ] ] } },
{ "type": "Feature", "properties": { "id": 246, "id1": 114, "id2": 951 }, "geometry": { "type": "LineString", "coordinates": [ [ 652362.070985237485729, 6860191.900116343982518 ], [ 652323.379403126658872, 6860179.993429412133992 ] ] } },
{ "type": "Feature", "properties": { "id": 250, "id1": 115, "id2": 1248 }, "geometry": { "type": "LineString", "coordinates": [ [ 652478.871059146360494, 6860262.754921220242977 ], [ 652448.451310048927553, 6860240.323633601889014 ] ] } },
{ "type": "Feature", "properties": { "id": 252, "id1": 116, "id2": 1713 }, "geometry": { "type": "LineString", "coordinates": [ [ 653001.012241416843608, 6860622.765489552170038 ], [ 652998.394704637816176, 6860619.13347408734262 ] ] } },
{ "type": "Feature", "properties": { "id": 253, "id1": 117, "id2": 806 }, "geometry": { "type": "LineString", "coordinates": [ [ 652641.828261698014103, 6860445.606131124310195 ], [ 652602.110872287652455, 6860387.004350365139544 ] ] } },
{ "type": "Feature", "properties": { "id": 255, "id1": 118, "id2": 1805 }, "geometry": { "type": "LineString", "coordinates": [ [ 652549.150208441657014, 6860517.860434390604496 ], [ 652562.352081387653016, 6860535.950780909508467 ] ] } },
{ "type": "Feature", "properties": { "id": 257, "id1": 119, "id2": 1679 }, "geometry": { "type": "LineString", "coordinates": [ [ 652443.853402727516368, 6860469.67659717425704 ], [ 652426.86087784555275, 6860518.534367536194623 ] ] } },
{ "type": "Feature", "properties": { "id": 261, "id1": 120, "id2": 32 }, "geometry": { "type": "LineString", "coordinates": [ [ 652447.046806593658403, 6860560.243611603975296 ], [ 652478.615914107183926, 6860536.465486126951873 ] ] } },
{ "type": "Feature", "properties": { "id": 266, "id1": 121, "id2": 351 }, "geometry": { "type": "LineString", "coordinates": [ [ 652271.047377797658555, 6860814.566422677598894 ], [ 652272.30767441005446, 6860816.132307771593332 ] ] } },
{ "type": "Feature", "properties": { "id": 267, "id1": 122, "id2": 1636 }, "geometry": { "type": "LineString", "coordinates": [ [ 652333.124052380793728, 6860479.658183315768838 ], [ 652331.865357811213471, 6860458.963568090461195 ] ] } },
{ "type": "Feature", "properties": { "id": 270, "id1": 123, "id2": 151 }, "geometry": { "type": "LineString", "coordinates": [ [ 652324.0901295079384, 6860625.31245447602123 ], [ 652320.848016931326129, 6860628.207478540949523 ] ] } },
{ "type": "Feature", "properties": { "id": 271, "id1": 124, "id2": 825 }, "geometry": { "type": "LineString", "coordinates": [ [ 652417.425062608555891, 6860662.412788436748087 ], [ 652252.71190404810477, 6860685.505166508257389 ] ] } },
{ "type": "Feature", "properties": { "id": 275, "id1": 125, "id2": 3573 }, "geometry": { "type": "LineString", "coordinates": [ [ 652256.317019486683421, 6860730.454056992195547 ], [ 652257.369848884292878, 6860730.501738198101521 ] ] } },
{ "type": "Feature", "properties": { "id": 276, "id1": 580, "id2": 2361 }, "geometry": { "type": "LineString", "coordinates": [ [ 652415.074314245488495, 6862339.986230387352407 ], [ 652396.214202619506977, 6862368.060417516157031 ] ] } },
{ "type": "Feature", "properties": { "id": 277, "id1": 126, "id2": 193 }, "geometry": { "type": "LineString", "coordinates": [ [ 652482.974162605009042, 6860762.117009812965989 ], [ 652529.535497047705576, 6860780.975980086252093 ] ] } },
{ "type": "Feature", "properties": { "id": 281, "id1": 127, "id2": 2935 }, "geometry": { "type": "LineString", "coordinates": [ [ 652528.632449127500877, 6860915.424353554844856 ], [ 652532.041135321953334, 6860912.681258335709572 ] ] } },
{ "type": "Feature", "properties": { "id": 282, "id1": 128, "id2": 3179 }, "geometry": { "type": "LineString", "coordinates": [ [ 652417.350463491398841, 6860973.046611087396741 ], [ 652377.961626035859808, 6860932.454245193861425 ] ] } },
{ "type": "Feature", "properties": { "id": 284, "id1": 129, "id2": 3182 }, "geometry": { "type": "LineString", "coordinates": [ [ 652402.080667947069742, 6861025.473745189607143 ], [ 652394.888371388311498, 6861033.922925624065101 ] ] } },
{ "type": "Feature", "properties": { "id": 286, "id1": 131, "id2": 1198 }, "geometry": { "type": "LineString", "coordinates": [ [ 652341.330233593238518, 6861074.386998925358057 ], [ 652354.916193756391294, 6861104.743241248652339 ] ] } },
{ "type": "Feature", "properties": { "id": 290, "id1": 133, "id2": 2084 }, "geometry": { "type": "LineString", "coordinates": [ [ 652279.931589388637803, 6861129.423078177496791 ], [ 652288.205956973484717, 6861134.838335353881121 ] ] } },
{ "type": "Feature", "properties": { "id": 292, "id1": 305, "id2": 2200 }, "geometry": { "type": "LineString", "coordinates": [ [ 649682.853423966444097, 6860994.231208123266697 ], [ 649684.043700351845473, 6860994.281443284824491 ] ] } },
{ "type": "Feature", "properties": { "id": 293, "id1": 134, "id2": 939 }, "geometry": { "type": "LineString", "coordinates": [ [ 652354.185647908365354, 6861194.519637664780021 ], [ 652354.993326719268225, 6861196.349158574827015 ] ] } },
{ "type": "Feature", "properties": { "id": 294, "id1": 135, "id2": 3225 }, "geometry": { "type": "LineString", "coordinates": [ [ 652435.908025623299181, 6861182.893026451580226 ], [ 652430.896004344453104, 6861165.037008182145655 ] ] } },
{ "type": "Feature", "properties": { "id": 295, "id1": 136, "id2": 1305 }, "geometry": { "type": "LineString", "coordinates": [ [ 652514.672242248198017, 6861334.480227049440145 ], [ 652513.549687716411427, 6861335.243393009528518 ] ] } },
{ "type": "Feature", "properties": { "id": 296, "id1": 137, "id2": 24 }, "geometry": { "type": "LineString", "coordinates": [ [ 652491.108526049531065, 6861295.443952771835029 ], [ 652486.024136313004419, 6861286.446022051386535 ] ] } },
{ "type": "Feature", "properties": { "id": 297, "id1": 138, "id2": 3186 }, "geometry": { "type": "LineString", "coordinates": [ [ 652401.692558284499682, 6861319.679766985587776 ], [ 652409.411353830131702, 6861330.958835170604289 ] ] } },
{ "type": "Feature", "properties": { "id": 298, "id1": 139, "id2": 322 }, "geometry": { "type": "LineString", "coordinates": [ [ 652798.457478993106633, 6860954.980773386545479 ], [ 652816.811838225345127, 6860982.390121466480196 ] ] } },
{ "type": "Feature", "properties": { "id": 304, "id1": 140, "id2": 485 }, "geometry": { "type": "LineString", "coordinates": [ [ 651658.959999931161292, 6861558.132816324941814 ], [ 651666.38880847778637, 6861546.120155371725559 ] ] } },
{ "type": "Feature", "properties": { "id": 306, "id1": 141, "id2": 660 }, "geometry": { "type": "LineString", "coordinates": [ [ 651655.445047580287792, 6861495.624220119789243 ], [ 651718.264372380916029, 6861535.370341268368065 ] ] } },
{ "type": "Feature", "properties": { "id": 308, "id1": 306, "id2": 2001 }, "geometry": { "type": "LineString", "coordinates": [ [ 649762.623079377575777, 6861029.572913209907711 ], [ 649765.067500624456443, 6861030.120315876789391 ] ] } },
{ "type": "Feature", "properties": { "id": 309, "id1": 142, "id2": 2999 }, "geometry": { "type": "LineString", "coordinates": [ [ 651508.955062609282322, 6861518.681152643635869 ], [ 651509.524593229754828, 6861519.0338179115206 ] ] } },
{ "type": "Feature", "properties": { "id": 310, "id1": 143, "id2": 1419 }, "geometry": { "type": "LineString", "coordinates": [ [ 651542.666026814724319, 6861470.69487083517015 ], [ 651541.937045268365182, 6861467.424788386560977 ] ] } },
{ "type": "Feature", "properties": { "id": 311, "id1": 144, "id2": 1904 }, "geometry": { "type": "LineString", "coordinates": [ [ 651495.376946668839082, 6861407.39455705601722 ], [ 651496.783005157136358, 6861407.399677125737071 ] ] } },
{ "type": "Feature", "properties": { "id": 312, "id1": 145, "id2": 1100 }, "geometry": { "type": "LineString", "coordinates": [ [ 651451.492516898433678, 6861404.912324379198253 ], [ 651452.803066558088176, 6861405.227758945897222 ] ] } },
{ "type": "Feature", "properties": { "id": 313, "id1": 146, "id2": 1382 }, "geometry": { "type": "LineString", "coordinates": [ [ 651542.519956652424298, 6861243.91548188123852 ], [ 651543.496154778869823, 6861244.20686169154942 ] ] } },
{ "type": "Feature", "properties": { "id": 314, "id1": 147, "id2": 2131 }, "geometry": { "type": "LineString", "coordinates": [ [ 651529.643563022953458, 6861333.416744501329958 ], [ 651530.542327812407166, 6861332.651465100236237 ] ] } },
{ "type": "Feature", "properties": { "id": 315, "id1": 148, "id2": 1018 }, "geometry": { "type": "LineString", "coordinates": [ [ 651430.869275295990519, 6861316.913360586389899 ], [ 651432.02315725304652, 6861317.058639477007091 ] ] } },
{ "type": "Feature", "properties": { "id": 316, "id1": 149, "id2": 86 }, "geometry": { "type": "LineString", "coordinates": [ [ 651651.948253909824416, 6861737.448755735531449 ], [ 651652.973949819803238, 6861739.329646103084087 ] ] } },
{ "type": "Feature", "properties": { "id": 317, "id1": 150, "id2": 703 }, "geometry": { "type": "LineString", "coordinates": [ [ 651690.800672426004894, 6861657.119912381283939 ], [ 651694.377431628876366, 6861657.54449475184083 ] ] } },
{ "type": "Feature", "properties": { "id": 318, "id1": 307, "id2": 335 }, "geometry": { "type": "LineString", "coordinates": [ [ 649553.480457958998159, 6861115.765388397499919 ], [ 649554.798224168131128, 6861115.801297632977366 ] ] } },
{ "type": "Feature", "properties": { "id": 319, "id1": 151, "id2": 3050 }, "geometry": { "type": "LineString", "coordinates": [ [ 651834.506171451532282, 6861073.680846637114882 ], [ 651831.837736591347493, 6861156.237893791869283 ] ] } },
{ "type": "Feature", "properties": { "id": 320, "id1": 152, "id2": 3198 }, "geometry": { "type": "LineString", "coordinates": [ [ 651825.396012701326981, 6861723.658046321943402 ], [ 651799.018894270993769, 6861716.690825771540403 ] ] } },
{ "type": "Feature", "properties": { "id": 322, "id1": 154, "id2": 2775 }, "geometry": { "type": "LineString", "coordinates": [ [ 651740.727749452693388, 6861739.238975237123668 ], [ 651741.73982731543947, 6861739.318343288265169 ] ] } },
{ "type": "Feature", "properties": { "id": 323, "id1": 155, "id2": 650 }, "geometry": { "type": "LineString", "coordinates": [ [ 651689.646201036521234, 6861823.373826922848821 ], [ 651691.161147064063698, 6861823.562108405865729 ] ] } },
{ "type": "Feature", "properties": { "id": 324, "id1": 156, "id2": 978 }, "geometry": { "type": "LineString", "coordinates": [ [ 651621.885802034521475, 6861899.878601903095841 ], [ 651623.631435313378461, 6861899.575280345976353 ] ] } },
{ "type": "Feature", "properties": { "id": 325, "id1": 157, "id2": 2423 }, "geometry": { "type": "LineString", "coordinates": [ [ 651580.380645129480399, 6861838.135438872501254 ], [ 651581.566894360701554, 6861837.893857677467167 ] ] } },
{ "type": "Feature", "properties": { "id": 326, "id1": 158, "id2": 3538 }, "geometry": { "type": "LineString", "coordinates": [ [ 651486.934030993841588, 6861731.58776964340359 ], [ 651488.065664502908476, 6861731.967050086706877 ] ] } },
{ "type": "Feature", "properties": { "id": 327, "id1": 159, "id2": 2283 }, "geometry": { "type": "LineString", "coordinates": [ [ 651708.654295713407919, 6861610.409605364315212 ], [ 651681.434290136792697, 6861611.235918750055134 ] ] } },
{ "type": "Feature", "properties": { "id": 329, "id1": 160, "id2": 146 }, "geometry": { "type": "LineString", "coordinates": [ [ 651736.813248265185393, 6861571.858925476670265 ], [ 651748.287250026129186, 6861567.723217344842851 ] ] } },
{ "type": "Feature", "properties": { "id": 330, "id1": 309, "id2": 827 }, "geometry": { "type": "LineString", "coordinates": [ [ 649222.17708327260334, 6861411.69234832841903 ], [ 649217.988462200737558, 6861401.419292063452303 ] ] } },
{ "type": "Feature", "properties": { "id": 331, "id1": 161, "id2": 637 }, "geometry": { "type": "LineString", "coordinates": [ [ 651547.932550324941985, 6861622.140633872710168 ], [ 651540.900917196529917, 6861545.823745271191001 ] ] } },
{ "type": "Feature", "properties": { "id": 335, "id1": 162, "id2": 1698 }, "geometry": { "type": "LineString", "coordinates": [ [ 651717.501236826414242, 6861390.202086544595659 ], [ 651715.213559778989293, 6861392.925656357780099 ] ] } },
{ "type": "Feature", "properties": { "id": 336, "id1": 163, "id2": 272 }, "geometry": { "type": "LineString", "coordinates": [ [ 651791.354726476361975, 6861497.261859810911119 ], [ 651771.474987123976462, 6861507.955331523902714 ] ] } },
{ "type": "Feature", "properties": { "id": 337, "id1": 164, "id2": 1228 }, "geometry": { "type": "LineString", "coordinates": [ [ 651840.704810783267021, 6861574.569956727325916 ], [ 651804.268787811859511, 6861572.574877463281155 ] ] } },
{ "type": "Feature", "properties": { "id": 341, "id1": 166, "id2": 2154 }, "geometry": { "type": "LineString", "coordinates": [ [ 651881.155557704158127, 6861638.079419178888202 ], [ 651889.362432200578041, 6861630.433704858645797 ] ] } },
{ "type": "Feature", "properties": { "id": 342, "id1": 167, "id2": 1343 }, "geometry": { "type": "LineString", "coordinates": [ [ 651856.063889611978084, 6861609.342748746275902 ], [ 651862.254813167382963, 6861545.49769298452884 ] ] } },
{ "type": "Feature", "properties": { "id": 344, "id1": 228, "id2": 2795 }, "geometry": { "type": "LineString", "coordinates": [ [ 650929.991163297439925, 6861372.241841266863048 ], [ 650928.357075843494385, 6861374.02615790721029 ] ] } },
{ "type": "Feature", "properties": { "id": 345, "id1": 168, "id2": 2534 }, "geometry": { "type": "LineString", "coordinates": [ [ 651747.884524478577077, 6861444.580359918065369 ], [ 651737.568590605980717, 6861437.121903167106211 ] ] } },
{ "type": "Feature", "properties": { "id": 346, "id1": 169, "id2": 155 }, "geometry": { "type": "LineString", "coordinates": [ [ 651429.804767609457485, 6861255.910283816047013 ], [ 651431.326054598088376, 6861255.340338146314025 ] ] } },
{ "type": "Feature", "properties": { "id": 347, "id1": 170, "id2": 2807 }, "geometry": { "type": "LineString", "coordinates": [ [ 651471.820198678877205, 6861254.878314226865768 ], [ 651473.735538462060504, 6861254.188048441894352 ] ] } },
{ "type": "Feature", "properties": { "id": 348, "id1": 171, "id2": 2872 }, "geometry": { "type": "LineString", "coordinates": [ [ 651732.274004716076888, 6862017.133912738412619 ], [ 651725.079916712129489, 6862020.802309647202492 ] ] } },
{ "type": "Feature", "properties": { "id": 349, "id1": 172, "id2": 969 }, "geometry": { "type": "LineString", "coordinates": [ [ 651760.64221524912864, 6862065.277818963862956 ], [ 651755.627319952705875, 6862072.082813301123679 ] ] } },
{ "type": "Feature", "properties": { "id": 350, "id1": 173, "id2": 691 }, "geometry": { "type": "LineString", "coordinates": [ [ 652003.449865805800073, 6861590.913978402502835 ], [ 652000.766731903888285, 6861592.766575363464653 ] ] } },
{ "type": "Feature", "properties": { "id": 351, "id1": 174, "id2": 3453 }, "geometry": { "type": "LineString", "coordinates": [ [ 651747.570499274646863, 6861259.622947822324932 ], [ 651752.143956962856464, 6861247.668455690145493 ] ] } },
{ "type": "Feature", "properties": { "id": 352, "id1": 175, "id2": 1363 }, "geometry": { "type": "LineString", "coordinates": [ [ 653427.513974948553368, 6862086.327068293467164 ], [ 653429.102319373399951, 6862086.877974295057356 ] ] } },
{ "type": "Feature", "properties": { "id": 353, "id1": 211, "id2": 1557 }, "geometry": { "type": "LineString", "coordinates": [ [ 651016.128601495991461, 6860558.679792580194771 ], [ 651018.321647057076916, 6860559.954001717269421 ] ] } },
{ "type": "Feature", "properties": { "id": 354, "id1": 176, "id2": 2188 }, "geometry": { "type": "LineString", "coordinates": [ [ 651892.317557310336269, 6861953.782824629917741 ], [ 651904.652592150028795, 6861947.285320363007486 ] ] } },
{ "type": "Feature", "properties": { "id": 355, "id1": 177, "id2": 3115 }, "geometry": { "type": "LineString", "coordinates": [ [ 652005.947550783632323, 6861647.434314472600818 ], [ 652006.852981837117113, 6861647.648119121789932 ] ] } },
{ "type": "Feature", "properties": { "id": 356, "id1": 178, "id2": 2540 }, "geometry": { "type": "LineString", "coordinates": [ [ 652035.27785747195594, 6861635.909981532022357 ], [ 652036.161526100011542, 6861636.217239629477262 ] ] } },
{ "type": "Feature", "properties": { "id": 357, "id1": 179, "id2": 340 }, "geometry": { "type": "LineString", "coordinates": [ [ 651793.56359743187204, 6861257.02064885571599 ], [ 651783.450887128594331, 6861234.00695342477411 ] ] } },
{ "type": "Feature", "properties": { "id": 359, "id1": 229, "id2": 2143 }, "geometry": { "type": "LineString", "coordinates": [ [ 652250.258875249419361, 6861880.145048142410815 ], [ 652218.543101068702526, 6861818.51899426523596 ] ] } },
{ "type": "Feature", "properties": { "id": 360, "id1": 180, "id2": 630 }, "geometry": { "type": "LineString", "coordinates": [ [ 651983.025013286620378, 6861513.592710149474442 ], [ 651980.518058036686853, 6861518.358512107282877 ] ] } },
{ "type": "Feature", "properties": { "id": 361, "id1": 181, "id2": 360 }, "geometry": { "type": "LineString", "coordinates": [ [ 651924.395664823241532, 6861540.838974419049919 ], [ 651922.560494664707221, 6861542.20861423574388 ] ] } },
{ "type": "Feature", "properties": { "id": 362, "id1": 182, "id2": 1964 }, "geometry": { "type": "LineString", "coordinates": [ [ 651868.838065113639459, 6861459.629488505423069 ], [ 651881.306152713950723, 6861478.871276687830687 ] ] } },
{ "type": "Feature", "properties": { "id": 363, "id1": 183, "id2": 484 }, "geometry": { "type": "LineString", "coordinates": [ [ 651942.446022792602889, 6861437.209433430805802 ], [ 651947.29604209435638, 6861451.49769850820303 ] ] } },
{ "type": "Feature", "properties": { "id": 364, "id1": 184, "id2": 276 }, "geometry": { "type": "LineString", "coordinates": [ [ 651867.379667314584367, 6861375.823630481027067 ], [ 651936.015514238039032, 6861365.192162880674005 ] ] } },
{ "type": "Feature", "properties": { "id": 366, "id1": 212, "id2": 2558 }, "geometry": { "type": "LineString", "coordinates": [ [ 651156.764417126192711, 6860358.529703634791076 ], [ 651096.253122208989225, 6860414.53231793269515 ] ] } },
{ "type": "Feature", "properties": { "id": 369, "id1": 186, "id2": 3652 }, "geometry": { "type": "LineString", "coordinates": [ [ 651919.121010941220447, 6861289.216894057579339 ], [ 651913.332743858452886, 6861304.658591841347516 ] ] } },
{ "type": "Feature", "properties": { "id": 370, "id1": 187, "id2": 673 }, "geometry": { "type": "LineString", "coordinates": [ [ 651866.221650105435401, 6861289.667470278218389 ], [ 651870.295210240758024, 6861313.790237797424197 ] ] } },
{ "type": "Feature", "properties": { "id": 372, "id1": 188, "id2": 1123 }, "geometry": { "type": "LineString", "coordinates": [ [ 651718.607502060942352, 6861123.13221472967416 ], [ 651726.376691080047749, 6861116.883377935737371 ] ] } },
{ "type": "Feature", "properties": { "id": 373, "id1": 189, "id2": 173 }, "geometry": { "type": "LineString", "coordinates": [ [ 651238.795053844805807, 6861615.852633552625775 ], [ 651241.620346996816806, 6861611.279545661062002 ] ] } },
{ "type": "Feature", "properties": { "id": 374, "id1": 407, "id2": 520 }, "geometry": { "type": "LineString", "coordinates": [ [ 652136.168425918091089, 6861910.691167429089546 ], [ 652109.55735828645993, 6861907.65194244030863 ] ] } },
{ "type": "Feature", "properties": { "id": 378, "id1": 191, "id2": 614 }, "geometry": { "type": "LineString", "coordinates": [ [ 651660.059986246284097, 6860972.472173224203289 ], [ 651657.550837647984736, 6860953.557363901287317 ] ] } },
{ "type": "Feature", "properties": { "id": 381, "id1": 194, "id2": 2453 }, "geometry": { "type": "LineString", "coordinates": [ [ 651714.281298920628615, 6860873.557276931591332 ], [ 651716.489985210588202, 6860874.278538627550006 ] ] } },
{ "type": "Feature", "properties": { "id": 382, "id1": 195, "id2": 157 }, "geometry": { "type": "LineString", "coordinates": [ [ 651736.495698019862175, 6861005.180862431414425 ], [ 651693.032699803821743, 6861050.563657470978796 ] ] } },
{ "type": "Feature", "properties": { "id": 388, "id1": 196, "id2": 1595 }, "geometry": { "type": "LineString", "coordinates": [ [ 651189.71127861761488, 6861576.998325290158391 ], [ 651191.238842881866731, 6861571.006621116772294 ] ] } },
{ "type": "Feature", "properties": { "id": 389, "id1": 198, "id2": 460 }, "geometry": { "type": "LineString", "coordinates": [ [ 649740.945325868786313, 6860551.209551667794585 ], [ 649727.10614412673749, 6860533.897943213582039 ] ] } },
{ "type": "Feature", "properties": { "id": 395, "id1": 199, "id2": 608 }, "geometry": { "type": "LineString", "coordinates": [ [ 650318.858701443066821, 6860544.932858314365149 ], [ 650347.200604561832733, 6860614.433787262067199 ] ] } },
{ "type": "Feature", "properties": { "id": 404, "id1": 213, "id2": 2228 }, "geometry": { "type": "LineString", "coordinates": [ [ 650721.870094247278757, 6860996.753241495229304 ], [ 650764.300714142620564, 6861012.774720501154661 ] ] } },
{ "type": "Feature", "properties": { "id": 407, "id1": 214, "id2": 3482 }, "geometry": { "type": "LineString", "coordinates": [ [ 650864.64855993015226, 6861049.394014799036086 ], [ 650865.363748146803118, 6861049.867071619257331 ] ] } },
{ "type": "Feature", "properties": { "id": 408, "id1": 200, "id2": 414 }, "geometry": { "type": "LineString", "coordinates": [ [ 650543.508158641052432, 6860772.650013939477503 ], [ 650424.830119695048779, 6860813.568183745257556 ] ] } },
{ "type": "Feature", "properties": { "id": 414, "id1": 202, "id2": 1086 }, "geometry": { "type": "LineString", "coordinates": [ [ 650673.071026067598723, 6860662.233356061391532 ], [ 650686.552398463594727, 6860689.679412673227489 ] ] } },
{ "type": "Feature", "properties": { "id": 418, "id1": 203, "id2": 916 }, "geometry": { "type": "LineString", "coordinates": [ [ 650817.630198440747336, 6860824.071112235076725 ], [ 650713.437497503706254, 6860799.192728445865214 ] ] } },
{ "type": "Feature", "properties": { "id": 425, "id1": 215, "id2": 2390 }, "geometry": { "type": "LineString", "coordinates": [ [ 650926.311850701924413, 6861058.318051637150347 ], [ 650928.270290585001931, 6861058.312686779536307 ] ] } },
{ "type": "Feature", "properties": { "id": 426, "id1": 216, "id2": 1426 }, "geometry": { "type": "LineString", "coordinates": [ [ 650912.228630314115435, 6860943.37276354059577 ], [ 650913.19529529614374, 6860943.764936057850718 ] ] } },
{ "type": "Feature", "properties": { "id": 427, "id1": 205, "id2": 313 }, "geometry": { "type": "LineString", "coordinates": [ [ 650813.215971505618654, 6860546.759926037862897 ], [ 650814.157341962913051, 6860627.847483679652214 ] ] } },
{ "type": "Feature", "properties": { "id": 440, "id1": 206, "id2": 2117 }, "geometry": { "type": "LineString", "coordinates": [ [ 650596.1339981603669, 6860434.331906799226999 ], [ 650597.324831101112068, 6860433.546354355290532 ] ] } },
{ "type": "Feature", "properties": { "id": 441, "id1": 207, "id2": 1568 }, "geometry": { "type": "LineString", "coordinates": [ [ 650937.481726625468582, 6860238.773071205243468 ], [ 650947.660966194467619, 6860225.32673810981214 ] ] } },
{ "type": "Feature", "properties": { "id": 443, "id1": 208, "id2": 1732 }, "geometry": { "type": "LineString", "coordinates": [ [ 651067.311986426007934, 6860324.393155773170292 ], [ 650958.55817036703229, 6860390.783488253131509 ] ] } },
{ "type": "Feature", "properties": { "id": 445, "id1": 209, "id2": 533 }, "geometry": { "type": "LineString", "coordinates": [ [ 650856.393429112969898, 6860934.370643015950918 ], [ 650857.387182974722236, 6860934.746506886556745 ] ] } },
{ "type": "Feature", "properties": { "id": 446, "id1": 210, "id2": 2032 }, "geometry": { "type": "LineString", "coordinates": [ [ 651271.030356764211319, 6861543.362943236716092 ], [ 651272.392358174081892, 6861543.624044621363282 ] ] } },
{ "type": "Feature", "properties": { "id": 447, "id1": 226, "id2": 1468 }, "geometry": { "type": "LineString", "coordinates": [ [ 651155.190537171321921, 6861267.164758916944265 ], [ 651156.007401280105114, 6861268.740280421450734 ] ] } },
{ "type": "Feature", "properties": { "id": 448, "id1": 217, "id2": 362 }, "geometry": { "type": "LineString", "coordinates": [ [ 651394.105648789554834, 6861386.280435585416853 ], [ 651395.041326933307573, 6861382.806349945254624 ] ] } },
{ "type": "Feature", "properties": { "id": 449, "id1": 218, "id2": 3331 }, "geometry": { "type": "LineString", "coordinates": [ [ 651424.974728628876619, 6861549.441736381500959 ], [ 651425.536149243591353, 6861546.442716394551098 ] ] } },
{ "type": "Feature", "properties": { "id": 450, "id1": 219, "id2": 2614 }, "geometry": { "type": "LineString", "coordinates": [ [ 651371.595050433068536, 6861574.453301125206053 ], [ 651372.172660224488936, 6861565.265606848523021 ] ] } },
{ "type": "Feature", "properties": { "id": 451, "id1": 220, "id2": 221 }, "geometry": { "type": "LineString", "coordinates": [ [ 651335.446744574699551, 6861570.164906537160277 ], [ 651336.945066587650217, 6861570.454721594229341 ] ] } },
{ "type": "Feature", "properties": { "id": 452, "id1": 221, "id2": 750 }, "geometry": { "type": "LineString", "coordinates": [ [ 651337.65023141016718, 6861526.140325220301747 ], [ 651339.070779107278213, 6861526.31960447691381 ] ] } },
{ "type": "Feature", "properties": { "id": 453, "id1": 222, "id2": 1283 }, "geometry": { "type": "LineString", "coordinates": [ [ 651286.868130879825912, 6861483.184537479653955 ], [ 651286.499643357470632, 6861482.833526900969446 ] ] } },
{ "type": "Feature", "properties": { "id": 455, "id1": 224, "id2": 2475 }, "geometry": { "type": "LineString", "coordinates": [ [ 651308.932948598172516, 6861349.169760508462787 ], [ 651310.25017548922915, 6861351.445953051559627 ] ] } },
{ "type": "Feature", "properties": { "id": 456, "id1": 225, "id2": 2038 }, "geometry": { "type": "LineString", "coordinates": [ [ 651222.535621152841486, 6861304.405125876888633 ], [ 651224.043065898236819, 6861305.166615971364081 ] ] } },
{ "type": "Feature", "properties": { "id": 457, "id1": 230, "id2": 2472 }, "geometry": { "type": "LineString", "coordinates": [ [ 651189.83849072130397, 6861422.427457028068602 ], [ 651190.382447349024005, 6861422.584809202700853 ] ] } },
{ "type": "Feature", "properties": { "id": 458, "id1": 231, "id2": 3181 }, "geometry": { "type": "LineString", "coordinates": [ [ 651135.705247922916897, 6861565.809464251622558 ], [ 651137.543287831242196, 6861564.260618278756738 ] ] } },
{ "type": "Feature", "properties": { "id": 459, "id1": 232, "id2": 68 }, "geometry": { "type": "LineString", "coordinates": [ [ 651033.716081694001332, 6861528.856104609556496 ], [ 651083.444858321570791, 6861527.82726451382041 ] ] } },
{ "type": "Feature", "properties": { "id": 462, "id1": 233, "id2": 2591 }, "geometry": { "type": "LineString", "coordinates": [ [ 650901.627802982460707, 6861535.501504292711616 ], [ 650901.480540090356953, 6861539.34523946326226 ] ] } },
{ "type": "Feature", "properties": { "id": 463, "id1": 234, "id2": 803 }, "geometry": { "type": "LineString", "coordinates": [ [ 650949.475707511184737, 6861518.139874865300953 ], [ 650959.34066521585919, 6861510.87498355191201 ] ] } },
{ "type": "Feature", "properties": { "id": 464, "id1": 235, "id2": 1886 }, "geometry": { "type": "LineString", "coordinates": [ [ 650932.009061862831004, 6861439.747026913799345 ], [ 650936.670525313937105, 6861437.082146965898573 ] ] } },
{ "type": "Feature", "properties": { "id": 466, "id1": 237, "id2": 1541 }, "geometry": { "type": "LineString", "coordinates": [ [ 651003.674824060406536, 6861396.728371985256672 ], [ 651006.364286316442303, 6861401.778261807747185 ] ] } },
{ "type": "Feature", "properties": { "id": 467, "id1": 238, "id2": 227 }, "geometry": { "type": "LineString", "coordinates": [ [ 651076.213583349715918, 6861269.115559632889926 ], [ 651088.473934443667531, 6861280.632589072920382 ] ] } },
{ "type": "Feature", "properties": { "id": 469, "id1": 239, "id2": 1718 }, "geometry": { "type": "LineString", "coordinates": [ [ 650959.176445739925839, 6861291.351162035018206 ], [ 650995.964457517955452, 6861294.692416176199913 ] ] } },
{ "type": "Feature", "properties": { "id": 471, "id1": 240, "id2": 988 }, "geometry": { "type": "LineString", "coordinates": [ [ 650929.012110592448153, 6861187.092903112061322 ], [ 650929.602532663848251, 6861185.353220101445913 ] ] } },
{ "type": "Feature", "properties": { "id": 472, "id1": 241, "id2": 1797 }, "geometry": { "type": "LineString", "coordinates": [ [ 650992.908411536365747, 6861202.028487629257143 ], [ 650994.415761713171378, 6861202.138059116899967 ] ] } },
{ "type": "Feature", "properties": { "id": 473, "id1": 242, "id2": 332 }, "geometry": { "type": "LineString", "coordinates": [ [ 650812.798145397217013, 6861307.981206519529223 ], [ 650872.135846107616089, 6861371.113515235483646 ] ] } },
{ "type": "Feature", "properties": { "id": 477, "id1": 243, "id2": 11 }, "geometry": { "type": "LineString", "coordinates": [ [ 650670.653309697867371, 6861157.519765298813581 ], [ 650657.141138742794283, 6861030.788666539825499 ] ] } },
{ "type": "Feature", "properties": { "id": 484, "id1": 244, "id2": 714 }, "geometry": { "type": "LineString", "coordinates": [ [ 650693.634183374932036, 6860301.409855872392654 ], [ 650768.085040511796251, 6860247.04926008824259 ] ] } },
{ "type": "Feature", "properties": { "id": 487, "id1": 245, "id2": 841 }, "geometry": { "type": "LineString", "coordinates": [ [ 651168.292331094969995, 6861491.826437350362539 ], [ 651170.402807825361378, 6861491.852903078310192 ] ] } },
{ "type": "Feature", "properties": { "id": 488, "id1": 246, "id2": 2122 }, "geometry": { "type": "LineString", "coordinates": [ [ 651303.880955034284852, 6861624.998881557025015 ], [ 651303.926886868197471, 6861615.049418425187469 ] ] } },
{ "type": "Feature", "properties": { "id": 489, "id1": 247, "id2": 2686 }, "geometry": { "type": "LineString", "coordinates": [ [ 651396.762296741595492, 6861491.010168083943427 ], [ 651395.036965790903196, 6861490.992729092948139 ] ] } },
{ "type": "Feature", "properties": { "id": 490, "id1": 248, "id2": 1793 }, "geometry": { "type": "LineString", "coordinates": [ [ 650228.897761562257074, 6860903.501564803533256 ], [ 650231.848980455775745, 6860904.678683963604271 ] ] } },
{ "type": "Feature", "properties": { "id": 491, "id1": 249, "id2": 3122 }, "geometry": { "type": "LineString", "coordinates": [ [ 650129.854538202635013, 6861028.24212627671659 ], [ 650131.432124878629111, 6861027.821037795394659 ] ] } },
{ "type": "Feature", "properties": { "id": 492, "id1": 250, "id2": 3461 }, "geometry": { "type": "LineString", "coordinates": [ [ 650273.46444353600964, 6861137.498157632537186 ], [ 650275.467068969621323, 6861137.97165852971375 ] ] } },
{ "type": "Feature", "properties": { "id": 493, "id1": 251, "id2": 946 }, "geometry": { "type": "LineString", "coordinates": [ [ 650422.157685823040083, 6861018.026209325529635 ], [ 650421.471687867073342, 6861000.025465254671872 ] ] } },
{ "type": "Feature", "properties": { "id": 497, "id1": 253, "id2": 1678 }, "geometry": { "type": "LineString", "coordinates": [ [ 650537.077679030247964, 6861111.127176147885621 ], [ 650564.159283050801605, 6861143.958425399847329 ] ] } },
{ "type": "Feature", "properties": { "id": 499, "id1": 449, "id2": 1684 }, "geometry": { "type": "LineString", "coordinates": [ [ 653511.928809628821909, 6861585.715266596525908 ], [ 653521.013388614286669, 6861618.099497145973146 ] ] } },
{ "type": "Feature", "properties": { "id": 501, "id1": 254, "id2": 1742 }, "geometry": { "type": "LineString", "coordinates": [ [ 650465.300433052703738, 6861284.656320325098932 ], [ 650469.255213949363679, 6861285.600321772508323 ] ] } },
{ "type": "Feature", "properties": { "id": 502, "id1": 255, "id2": 739 }, "geometry": { "type": "LineString", "coordinates": [ [ 650418.210068495711312, 6861247.272050186060369 ], [ 650419.285728203947656, 6861248.073553999885917 ] ] } },
{ "type": "Feature", "properties": { "id": 503, "id1": 256, "id2": 972 }, "geometry": { "type": "LineString", "coordinates": [ [ 650699.927535061258823, 6861598.012204331345856 ], [ 650684.082672479795292, 6861614.390345034189522 ] ] } },
{ "type": "Feature", "properties": { "id": 505, "id1": 257, "id2": 676 }, "geometry": { "type": "LineString", "coordinates": [ [ 650480.414208449423313, 6861566.206518325023353 ], [ 650424.035147431888618, 6861440.422313496470451 ] ] } },
{ "type": "Feature", "properties": { "id": 513, "id1": 258, "id2": 2273 }, "geometry": { "type": "LineString", "coordinates": [ [ 650510.017941437894478, 6861766.702125612646341 ], [ 650601.827083004056476, 6861728.230948030017316 ] ] } },
{ "type": "Feature", "properties": { "id": 516, "id1": 259, "id2": 1264 }, "geometry": { "type": "LineString", "coordinates": [ [ 650021.656320644775406, 6862011.279000448994339 ], [ 650023.412426943192258, 6862011.531228495761752 ] ] } },
{ "type": "Feature", "properties": { "id": 517, "id1": 682, "id2": 998 }, "geometry": { "type": "LineString", "coordinates": [ [ 653884.228109961608425, 6862983.474413469433784 ], [ 653884.247881203424186, 6862978.541170228272676 ] ] } },
{ "type": "Feature", "properties": { "id": 518, "id1": 260, "id2": 349 }, "geometry": { "type": "LineString", "coordinates": [ [ 650021.344875620328821, 6861703.797238867729902 ], [ 649829.063130591646768, 6861751.80058079212904 ] ] } },
{ "type": "Feature", "properties": { "id": 523, "id1": 261, "id2": 737 }, "geometry": { "type": "LineString", "coordinates": [ [ 649774.127286795875989, 6861404.026741343550384 ], [ 649775.925545101636089, 6861405.356350499205291 ] ] } },
{ "type": "Feature", "properties": { "id": 524, "id1": 262, "id2": 2471 }, "geometry": { "type": "LineString", "coordinates": [ [ 649932.210951999062672, 6861431.549512267112732 ], [ 649932.916618642979302, 6861430.770475233905017 ] ] } },
{ "type": "Feature", "properties": { "id": 525, "id1": 263, "id2": 504 }, "geometry": { "type": "LineString", "coordinates": [ [ 651878.108102650963701, 6862378.177608764730394 ], [ 651883.326414227369241, 6862374.859345739707351 ] ] } },
{ "type": "Feature", "properties": { "id": 526, "id1": 264, "id2": 3351 }, "geometry": { "type": "LineString", "coordinates": [ [ 650211.954155860934407, 6861373.130534321069717 ], [ 650213.573291170760058, 6861373.810215600766242 ] ] } },
{ "type": "Feature", "properties": { "id": 527, "id1": 265, "id2": 2399 }, "geometry": { "type": "LineString", "coordinates": [ [ 650045.141697635292076, 6861325.856798175722361 ], [ 650044.295686674653552, 6861324.77822083234787 ] ] } },
{ "type": "Feature", "properties": { "id": 528, "id1": 266, "id2": 3364 }, "geometry": { "type": "LineString", "coordinates": [ [ 650081.782418192946352, 6861205.796901422552764 ], [ 650082.809572469443083, 6861200.374021331779659 ] ] } },
{ "type": "Feature", "properties": { "id": 529, "id1": 280, "id2": 3187 }, "geometry": { "type": "LineString", "coordinates": [ [ 651543.13879542122595, 6861928.981106789782643 ], [ 651539.929602835443802, 6861926.045133241452277 ] ] } },
{ "type": "Feature", "properties": { "id": 530, "id1": 267, "id2": 2441 }, "geometry": { "type": "LineString", "coordinates": [ [ 650006.476693479344249, 6861222.671983807347715 ], [ 650006.556402235059068, 6861223.984807441011071 ] ] } },
{ "type": "Feature", "properties": { "id": 531, "id1": 268, "id2": 1054 }, "geometry": { "type": "LineString", "coordinates": [ [ 649892.538866744958796, 6861164.286331313662231 ], [ 649894.481314001139253, 6861170.89735768456012 ] ] } },
{ "type": "Feature", "properties": { "id": 532, "id1": 269, "id2": 821 }, "geometry": { "type": "LineString", "coordinates": [ [ 650019.551279781851918, 6860958.246113052591681 ], [ 650061.566605580039322, 6860977.486716871149838 ] ] } },
{ "type": "Feature", "properties": { "id": 534, "id1": 270, "id2": 1456 }, "geometry": { "type": "LineString", "coordinates": [ [ 651383.09553975216113, 6861680.623606220819056 ], [ 651384.202589550754055, 6861685.439168649725616 ] ] } },
{ "type": "Feature", "properties": { "id": 535, "id1": 271, "id2": 80 }, "geometry": { "type": "LineString", "coordinates": [ [ 649728.540179136791267, 6860767.19854926597327 ], [ 649472.508694870513864, 6860769.717722894623876 ] ] } },
{ "type": "Feature", "properties": { "id": 537, "id1": 272, "id2": 1106 }, "geometry": { "type": "LineString", "coordinates": [ [ 650610.920899418881163, 6861392.641676454804838 ], [ 650544.750164487049915, 6861344.04873364418745 ] ] } },
{ "type": "Feature", "properties": { "id": 543, "id1": 310, "id2": 170 }, "geometry": { "type": "LineString", "coordinates": [ [ 649318.829684114549309, 6861591.416544360108674 ], [ 649253.218843727721833, 6861521.290878823027015 ] ] } },
{ "type": "Feature", "properties": { "id": 546, "id1": 785, "id2": 1895 }, "geometry": { "type": "LineString", "coordinates": [ [ 652178.774527488742024, 6863559.748161888681352 ], [ 652179.659598715719767, 6863559.262230155989528 ] ] } },
{ "type": "Feature", "properties": { "id": 547, "id1": 273, "id2": 62 }, "geometry": { "type": "LineString", "coordinates": [ [ 650900.08433012443129, 6861610.837582668289542 ], [ 650901.73325953213498, 6861612.313706841319799 ] ] } },
{ "type": "Feature", "properties": { "id": 548, "id1": 274, "id2": 2219 }, "geometry": { "type": "LineString", "coordinates": [ [ 650981.172297745477408, 6861632.194108844734728 ], [ 650970.192220563418232, 6861637.811492388136685 ] ] } },
{ "type": "Feature", "properties": { "id": 549, "id1": 275, "id2": 678 }, "geometry": { "type": "LineString", "coordinates": [ [ 651075.049625452025793, 6861653.946955543011427 ], [ 651046.189729907084256, 6861645.54046303126961 ] ] } },
{ "type": "Feature", "properties": { "id": 551, "id1": 276, "id2": 2036 }, "geometry": { "type": "LineString", "coordinates": [ [ 651178.131391556933522, 6861650.146919911727309 ], [ 651174.052888735197484, 6861654.135280447080731 ] ] } },
{ "type": "Feature", "properties": { "id": 552, "id1": 277, "id2": 1107 }, "geometry": { "type": "LineString", "coordinates": [ [ 651277.32214609766379, 6861710.649045579135418 ], [ 651279.064428406418301, 6861710.946826053783298 ] ] } },
{ "type": "Feature", "properties": { "id": 553, "id1": 278, "id2": 1231 }, "geometry": { "type": "LineString", "coordinates": [ [ 651441.437379281036556, 6861642.84303214866668 ], [ 651440.232639757101424, 6861657.051427343860269 ] ] } },
{ "type": "Feature", "properties": { "id": 554, "id1": 279, "id2": 377 }, "geometry": { "type": "LineString", "coordinates": [ [ 651372.864169353968464, 6861888.411951439455152 ], [ 651387.304596868809313, 6861810.5668232049793 ] ] } },
{ "type": "Feature", "properties": { "id": 556, "id1": 694, "id2": 469 }, "geometry": { "type": "LineString", "coordinates": [ [ 653738.568890116061084, 6862964.624395829625428 ], [ 653740.061234484543093, 6862964.888562018983066 ] ] } },
{ "type": "Feature", "properties": { "id": 557, "id1": 281, "id2": 1167 }, "geometry": { "type": "LineString", "coordinates": [ [ 651481.030723573057912, 6861872.8194943619892 ], [ 651479.508695475757122, 6861869.813107353635132 ] ] } },
{ "type": "Feature", "properties": { "id": 558, "id1": 282, "id2": 645 }, "geometry": { "type": "LineString", "coordinates": [ [ 651317.395033705164678, 6861687.524237527512014 ], [ 651321.871493635699153, 6861686.607811299152672 ] ] } },
{ "type": "Feature", "properties": { "id": 559, "id1": 283, "id2": 2789 }, "geometry": { "type": "LineString", "coordinates": [ [ 651319.276779794017784, 6861772.782368840649724 ], [ 651319.414626131416298, 6861768.610799542628229 ] ] } },
{ "type": "Feature", "properties": { "id": 560, "id1": 284, "id2": 14 }, "geometry": { "type": "LineString", "coordinates": [ [ 650190.810434644226916, 6863059.25292556732893 ], [ 650282.967395425424911, 6863154.333678992465138 ] ] } },
{ "type": "Feature", "properties": { "id": 586, "id1": 285, "id2": 2820 }, "geometry": { "type": "LineString", "coordinates": [ [ 651432.357576756854542, 6862033.853705925866961 ], [ 651434.512168806628324, 6862033.950389355421066 ] ] } },
{ "type": "Feature", "properties": { "id": 587, "id1": 286, "id2": 103 }, "geometry": { "type": "LineString", "coordinates": [ [ 651254.634541981853545, 6862042.947772000916302 ], [ 651261.200542633770965, 6862082.917185717262328 ] ] } },
{ "type": "Feature", "properties": { "id": 589, "id1": 308, "id2": 1325 }, "geometry": { "type": "LineString", "coordinates": [ [ 649387.975925414124504, 6861313.083002335391939 ], [ 649467.52606705785729, 6861473.687860446050763 ] ] } },
{ "type": "Feature", "properties": { "id": 591, "id1": 287, "id2": 2195 }, "geometry": { "type": "LineString", "coordinates": [ [ 651099.982040351722389, 6862079.307527340017259 ], [ 651101.942142891814001, 6862080.138598857447505 ] ] } },
{ "type": "Feature", "properties": { "id": 592, "id1": 288, "id2": 90 }, "geometry": { "type": "LineString", "coordinates": [ [ 651248.064312634174712, 6861910.255602405406535 ], [ 651248.965875042486005, 6861910.096103873103857 ] ] } },
{ "type": "Feature", "properties": { "id": 593, "id1": 289, "id2": 270 }, "geometry": { "type": "LineString", "coordinates": [ [ 651330.445582422660664, 6861839.33512117434293 ], [ 651331.795446270843968, 6861837.446963348425925 ] ] } },
{ "type": "Feature", "properties": { "id": 594, "id1": 290, "id2": 2697 }, "geometry": { "type": "LineString", "coordinates": [ [ 651084.917061615851708, 6861799.708509215153754 ], [ 651093.931496159289964, 6861873.03405565302819 ] ] } },
{ "type": "Feature", "properties": { "id": 598, "id1": 291, "id2": 1626 }, "geometry": { "type": "LineString", "coordinates": [ [ 651189.24637840106152, 6861838.536256778053939 ], [ 651188.666953444015235, 6861838.059141022153199 ] ] } },
{ "type": "Feature", "properties": { "id": 599, "id1": 302, "id2": 2233 }, "geometry": { "type": "LineString", "coordinates": [ [ 650970.991761829471216, 6861704.27053574565798 ], [ 650974.502761592506431, 6861706.334376308135688 ] ] } },
{ "type": "Feature", "properties": { "id": 600, "id1": 292, "id2": 1000 }, "geometry": { "type": "LineString", "coordinates": [ [ 651179.936065266374499, 6861739.24379987642169 ], [ 651258.317493833135813, 6861718.110280712135136 ] ] } },
{ "type": "Feature", "properties": { "id": 603, "id1": 294, "id2": 1553 }, "geometry": { "type": "LineString", "coordinates": [ [ 651291.494559020502493, 6861808.067509201355278 ], [ 651292.880495130782947, 6861806.90443527046591 ] ] } },
{ "type": "Feature", "properties": { "id": 604, "id1": 295, "id2": 1085 }, "geometry": { "type": "LineString", "coordinates": [ [ 651270.21071219840087, 6861779.461373063735664 ], [ 651270.37797526596114, 6861778.049269777722657 ] ] } },
{ "type": "Feature", "properties": { "id": 605, "id1": 296, "id2": 3639 }, "geometry": { "type": "LineString", "coordinates": [ [ 649626.656500969314948, 6861150.296902297995985 ], [ 649627.949424856458791, 6861150.407262179069221 ] ] } },
{ "type": "Feature", "properties": { "id": 606, "id1": 297, "id2": 1590 }, "geometry": { "type": "LineString", "coordinates": [ [ 649710.936574361170642, 6861179.351155095733702 ], [ 649712.731709342449903, 6861179.395415673963726 ] ] } },
{ "type": "Feature", "properties": { "id": 607, "id1": 298, "id2": 1235 }, "geometry": { "type": "LineString", "coordinates": [ [ 649614.783217498217709, 6861346.343842574395239 ], [ 649590.96394908009097, 6861482.100076688453555 ] ] } },
{ "type": "Feature", "properties": { "id": 613, "id1": 299, "id2": 1637 }, "geometry": { "type": "LineString", "coordinates": [ [ 650971.804745671339333, 6861866.570895483717322 ], [ 650988.067253951914608, 6861882.140802386216819 ] ] } },
{ "type": "Feature", "properties": { "id": 616, "id1": 301, "id2": 1687 }, "geometry": { "type": "LineString", "coordinates": [ [ 650862.552401675377041, 6861691.702571528963745 ], [ 650864.949486955883913, 6861693.789900425821543 ] ] } },
{ "type": "Feature", "properties": { "id": 617, "id1": 303, "id2": 3535 }, "geometry": { "type": "LineString", "coordinates": [ [ 649540.267521681496873, 6860887.839724900200963 ], [ 649541.627715250942856, 6860886.408548993058503 ] ] } },
{ "type": "Feature", "properties": { "id": 618, "id1": 311, "id2": 1398 }, "geometry": { "type": "LineString", "coordinates": [ [ 649236.948650865931995, 6861715.946255667135119 ], [ 649251.345954563003033, 6861722.548225287348032 ] ] } },
{ "type": "Feature", "properties": { "id": 619, "id1": 312, "id2": 3234 }, "geometry": { "type": "LineString", "coordinates": [ [ 649172.832898658467457, 6861873.388209795579314 ], [ 649176.273554971092381, 6861874.459953574463725 ] ] } },
{ "type": "Feature", "properties": { "id": 620, "id1": 313, "id2": 2161 }, "geometry": { "type": "LineString", "coordinates": [ [ 649304.109394258353859, 6862022.31113700568676 ], [ 649299.817589051905088, 6862017.44794356264174 ] ] } },
{ "type": "Feature", "properties": { "id": 621, "id1": 314, "id2": 301 }, "geometry": { "type": "LineString", "coordinates": [ [ 649509.064704067190178, 6861973.739565453492105 ], [ 649232.840190145885572, 6861834.688560283742845 ] ] } },
{ "type": "Feature", "properties": { "id": 625, "id1": 315, "id2": 3629 }, "geometry": { "type": "LineString", "coordinates": [ [ 649833.536456688307226, 6862087.51826212182641 ], [ 649833.313916444778442, 6862087.806066162884235 ] ] } },
{ "type": "Feature", "properties": { "id": 626, "id1": 316, "id2": 384 }, "geometry": { "type": "LineString", "coordinates": [ [ 648719.004588714335114, 6862662.790943469852209 ], [ 648549.608466359670274, 6862573.631407517008483 ] ] } },
{ "type": "Feature", "properties": { "id": 628, "id1": 317, "id2": 818 }, "geometry": { "type": "LineString", "coordinates": [ [ 649837.47863363684155, 6862311.082989157177508 ], [ 649741.274551794398576, 6862263.44257374573499 ] ] } },
{ "type": "Feature", "properties": { "id": 630, "id1": 318, "id2": 430 }, "geometry": { "type": "LineString", "coordinates": [ [ 649853.418912167311646, 6862476.420302415266633 ], [ 649853.767500784248114, 6862477.36077792942524 ] ] } },
{ "type": "Feature", "properties": { "id": 631, "id1": 328, "id2": 2521 }, "geometry": { "type": "LineString", "coordinates": [ [ 649251.124562166747637, 6862315.055606446228921 ], [ 649254.074545746203512, 6862315.039611046202481 ] ] } },
{ "type": "Feature", "properties": { "id": 632, "id1": 728, "id2": 2867 }, "geometry": { "type": "LineString", "coordinates": [ [ 652158.831435899017379, 6863292.115383018739522 ], [ 652160.873866347363219, 6863291.935201675631106 ] ] } },
{ "type": "Feature", "properties": { "id": 633, "id1": 319, "id2": 1889 }, "geometry": { "type": "LineString", "coordinates": [ [ 649898.14081790135242, 6862627.848591628484428 ], [ 649903.171906328760087, 6862635.045258726924658 ] ] } },
{ "type": "Feature", "properties": { "id": 634, "id1": 320, "id2": 1369 }, "geometry": { "type": "LineString", "coordinates": [ [ 649343.785530364490114, 6862629.345359580591321 ], [ 649343.694690349278972, 6862636.474180604331195 ] ] } },
{ "type": "Feature", "properties": { "id": 635, "id1": 321, "id2": 172 }, "geometry": { "type": "LineString", "coordinates": [ [ 649422.772581363213249, 6862636.759441448375583 ], [ 649450.519944961532019, 6862635.983751374296844 ] ] } },
{ "type": "Feature", "properties": { "id": 637, "id1": 322, "id2": 97 }, "geometry": { "type": "LineString", "coordinates": [ [ 649267.656857025343925, 6862609.018717818893492 ], [ 649294.45611760020256, 6862599.798964184708893 ] ] } },
{ "type": "Feature", "properties": { "id": 640, "id1": 323, "id2": 1361 }, "geometry": { "type": "LineString", "coordinates": [ [ 649260.61076512595173, 6862493.737446364015341 ], [ 649262.043922148644924, 6862494.942086832597852 ] ] } },
{ "type": "Feature", "properties": { "id": 642, "id1": 325, "id2": 3000 }, "geometry": { "type": "LineString", "coordinates": [ [ 649433.371163662406616, 6862502.662299772724509 ], [ 649439.933575957198627, 6862498.21394288726151 ] ] } },
{ "type": "Feature", "properties": { "id": 643, "id1": 326, "id2": 2912 }, "geometry": { "type": "LineString", "coordinates": [ [ 649370.290935149998404, 6862494.845701250247657 ], [ 649364.262059775646776, 6862503.624367988668382 ] ] } },
{ "type": "Feature", "properties": { "id": 644, "id1": 327, "id2": 1405 }, "geometry": { "type": "LineString", "coordinates": [ [ 649384.513037198339589, 6862333.763278502970934 ], [ 649427.001257239491679, 6862331.297856935299933 ] ] } },
{ "type": "Feature", "properties": { "id": 646, "id1": 768, "id2": 2509 }, "geometry": { "type": "LineString", "coordinates": [ [ 652199.636922896374017, 6862765.58623952511698 ], [ 652197.425689004361629, 6862769.019038581289351 ] ] } },
{ "type": "Feature", "properties": { "id": 647, "id1": 329, "id2": 2108 }, "geometry": { "type": "LineString", "coordinates": [ [ 649121.565317721106112, 6862294.714098867960274 ], [ 649122.845013097161427, 6862295.363270808942616 ] ] } },
{ "type": "Feature", "properties": { "id": 648, "id1": 330, "id2": 29 }, "geometry": { "type": "LineString", "coordinates": [ [ 649103.06717787636444, 6862051.856936121359468 ], [ 649018.46759658458177, 6862092.017176403664052 ] ] } },
{ "type": "Feature", "properties": { "id": 659, "id1": 331, "id2": 206 }, "geometry": { "type": "LineString", "coordinates": [ [ 648883.703494555898942, 6862195.241948114708066 ], [ 648830.944098106003366, 6862102.416003870777786 ] ] } },
{ "type": "Feature", "properties": { "id": 663, "id1": 332, "id2": 31 }, "geometry": { "type": "LineString", "coordinates": [ [ 648078.343819227418862, 6861914.617146907374263 ], [ 648198.681303226621822, 6861793.603429527021945 ] ] } },
{ "type": "Feature", "properties": { "id": 666, "id1": 333, "id2": 70 }, "geometry": { "type": "LineString", "coordinates": [ [ 648673.194083096110262, 6862386.210234941914678 ], [ 648775.810716747422703, 6862544.027967963367701 ] ] } },
{ "type": "Feature", "properties": { "id": 676, "id1": 334, "id2": 1727 }, "geometry": { "type": "LineString", "coordinates": [ [ 648998.499118133680895, 6862462.467286528088152 ], [ 648991.216489214450121, 6862466.581281313672662 ] ] } },
{ "type": "Feature", "properties": { "id": 679, "id1": 335, "id2": 411 }, "geometry": { "type": "LineString", "coordinates": [ [ 648846.109093762235716, 6862679.639750436879694 ], [ 648938.029776122653857, 6862670.317121405154467 ] ] } },
{ "type": "Feature", "properties": { "id": 683, "id1": 337, "id2": 654 }, "geometry": { "type": "LineString", "coordinates": [ [ 649083.739079230232164, 6862594.614232615567744 ], [ 649095.183115756488405, 6862599.44240948650986 ] ] } },
{ "type": "Feature", "properties": { "id": 684, "id1": 338, "id2": 467 }, "geometry": { "type": "LineString", "coordinates": [ [ 648906.944195026531816, 6862601.693592762574553 ], [ 648924.723765438422561, 6862607.121174523606896 ] ] } },
{ "type": "Feature", "properties": { "id": 685, "id1": 339, "id2": 159 }, "geometry": { "type": "LineString", "coordinates": [ [ 648735.781278511509299, 6862592.383164715021849 ], [ 648774.194601526018232, 6862599.405223838984966 ] ] } },
{ "type": "Feature", "properties": { "id": 689, "id1": 342, "id2": 163 }, "geometry": { "type": "LineString", "coordinates": [ [ 648008.936256065615453, 6861736.696527199819684 ], [ 647943.788915576529689, 6861790.474150718189776 ] ] } },
{ "type": "Feature", "properties": { "id": 691, "id1": 343, "id2": 860 }, "geometry": { "type": "LineString", "coordinates": [ [ 648451.667465455597267, 6861581.027404215186834 ], [ 648407.566631484311074, 6861549.462189177982509 ] ] } },
{ "type": "Feature", "properties": { "id": 693, "id1": 344, "id2": 314 }, "geometry": { "type": "LineString", "coordinates": [ [ 648228.276509550167248, 6861592.829431479796767 ], [ 648179.809740204247646, 6861636.974567470140755 ] ] } },
{ "type": "Feature", "properties": { "id": 699, "id1": 345, "id2": 811 }, "geometry": { "type": "LineString", "coordinates": [ [ 648338.2337548781652, 6861741.392386632040143 ], [ 648390.859387588687241, 6861716.276365083642304 ] ] } },
{ "type": "Feature", "properties": { "id": 702, "id1": 346, "id2": 185 }, "geometry": { "type": "LineString", "coordinates": [ [ 648271.99398194544483, 6861384.278037040494382 ], [ 648261.41634383937344, 6861398.45375170186162 ] ] } },
{ "type": "Feature", "properties": { "id": 707, "id1": 347, "id2": 246 }, "geometry": { "type": "LineString", "coordinates": [ [ 648494.7757412615465, 6861421.172296175733209 ], [ 648456.304366620373912, 6861438.955468463711441 ] ] } },
{ "type": "Feature", "properties": { "id": 716, "id1": 348, "id2": 3585 }, "geometry": { "type": "LineString", "coordinates": [ [ 648689.886055698036216, 6861364.389855266548693 ], [ 648657.874673563521355, 6861332.97478648647666 ] ] } },
{ "type": "Feature", "properties": { "id": 719, "id1": 349, "id2": 3081 }, "geometry": { "type": "LineString", "coordinates": [ [ 648707.331234762794338, 6861251.884585785679519 ], [ 648788.469974486622959, 6861271.955497873947024 ] ] } },
{ "type": "Feature", "properties": { "id": 721, "id1": 350, "id2": 21 }, "geometry": { "type": "LineString", "coordinates": [ [ 648646.294429835746996, 6861859.668229669332504 ], [ 648645.405658712377772, 6861561.343106538057327 ] ] } },
{ "type": "Feature", "properties": { "id": 769, "id1": 351, "id2": 45 }, "geometry": { "type": "LineString", "coordinates": [ [ 649027.791419034590945, 6861165.917064467445016 ], [ 649089.02639275114052, 6861012.665337380021811 ] ] } },
{ "type": "Feature", "properties": { "id": 774, "id1": 352, "id2": 2429 }, "geometry": { "type": "LineString", "coordinates": [ [ 649227.998775792890228, 6861116.88655243627727 ], [ 649209.82058434758801, 6861183.955706660635769 ] ] } },
{ "type": "Feature", "properties": { "id": 778, "id1": 353, "id2": 1454 }, "geometry": { "type": "LineString", "coordinates": [ [ 649307.639084728783928, 6860967.57666068058461 ], [ 649306.663999460171908, 6860989.549433661624789 ] ] } },
{ "type": "Feature", "properties": { "id": 790, "id1": 354, "id2": 110 }, "geometry": { "type": "LineString", "coordinates": [ [ 649418.507125578471459, 6860842.011265923269093 ], [ 649444.075533283641562, 6860801.459157831035554 ] ] } },
{ "type": "Feature", "properties": { "id": 792, "id1": 355, "id2": 604 }, "geometry": { "type": "LineString", "coordinates": [ [ 649134.437870784429833, 6862666.451273717917502 ], [ 649157.049748194403946, 6862667.930331155657768 ] ] } },
{ "type": "Feature", "properties": { "id": 797, "id1": 356, "id2": 281 }, "geometry": { "type": "LineString", "coordinates": [ [ 649453.6813506889157, 6861556.246287387795746 ], [ 649460.475037444848567, 6861562.776505430229008 ] ] } },
{ "type": "Feature", "properties": { "id": 798, "id1": 357, "id2": 137 }, "geometry": { "type": "LineString", "coordinates": [ [ 650500.684402277693152, 6862175.215719638392329 ], [ 650394.796526873484254, 6862287.680179430171847 ] ] } },
{ "type": "Feature", "properties": { "id": 801, "id1": 358, "id2": 2613 }, "geometry": { "type": "LineString", "coordinates": [ [ 650591.710824958863668, 6861995.810394280590117 ], [ 650548.355734868091531, 6862000.110570793040097 ] ] } },
{ "type": "Feature", "properties": { "id": 803, "id1": 359, "id2": 1754 }, "geometry": { "type": "LineString", "coordinates": [ [ 652609.977715343120508, 6861637.224028955213726 ], [ 652560.272492572898045, 6861667.740281900390983 ] ] } },
{ "type": "Feature", "properties": { "id": 805, "id1": 360, "id2": 904 }, "geometry": { "type": "LineString", "coordinates": [ [ 650605.579604745958932, 6861864.04669110942632 ], [ 650525.828184024547227, 6861982.690764815546572 ] ] } },
{ "type": "Feature", "properties": { "id": 811, "id1": 361, "id2": 3598 }, "geometry": { "type": "LineString", "coordinates": [ [ 650853.000926405657083, 6862207.608835566788912 ], [ 650852.171107723843306, 6862208.580857747234404 ] ] } },
{ "type": "Feature", "properties": { "id": 812, "id1": 362, "id2": 1486 }, "geometry": { "type": "LineString", "coordinates": [ [ 650960.116865065996535, 6862158.737854016013443 ], [ 650960.730078968103044, 6862158.23306976724416 ] ] } },
{ "type": "Feature", "properties": { "id": 813, "id1": 363, "id2": 1538 }, "geometry": { "type": "LineString", "coordinates": [ [ 650740.402436913456768, 6862183.580596772022545 ], [ 650741.529023052891716, 6862184.556573754176497 ] ] } },
{ "type": "Feature", "properties": { "id": 814, "id1": 364, "id2": 1337 }, "geometry": { "type": "LineString", "coordinates": [ [ 650884.42014780594036, 6862108.425325674004853 ], [ 650884.595430810120888, 6862109.837977977469563 ] ] } },
{ "type": "Feature", "properties": { "id": 815, "id1": 365, "id2": 3614 }, "geometry": { "type": "LineString", "coordinates": [ [ 650768.62250369193498, 6862246.639365167357028 ], [ 650770.519421105738729, 6862245.497082987800241 ] ] } },
{ "type": "Feature", "properties": { "id": 816, "id1": 366, "id2": 1080 }, "geometry": { "type": "LineString", "coordinates": [ [ 650084.373010684270412, 6862559.789408773183823 ], [ 650089.236389419180341, 6862558.431503768078983 ] ] } },
{ "type": "Feature", "properties": { "id": 817, "id1": 367, "id2": 240 }, "geometry": { "type": "LineString", "coordinates": [ [ 650099.245197105454281, 6862218.98461593221873 ], [ 650087.515703405835666, 6862325.647598448209465 ] ] } },
{ "type": "Feature", "properties": { "id": 828, "id1": 368, "id2": 1245 }, "geometry": { "type": "LineString", "coordinates": [ [ 650181.018625704920851, 6862379.665290037170053 ], [ 650306.740402714814991, 6862259.179235625080764 ] ] } },
{ "type": "Feature", "properties": { "id": 833, "id1": 396, "id2": 1004 }, "geometry": { "type": "LineString", "coordinates": [ [ 652152.470651539857499, 6861725.82598877325654 ], [ 652174.533989433781244, 6861693.430182756856084 ] ] } },
{ "type": "Feature", "properties": { "id": 835, "id1": 370, "id2": 393 }, "geometry": { "type": "LineString", "coordinates": [ [ 650276.34013152285479, 6862459.602379165589809 ], [ 650153.175919606583193, 6862507.802126640453935 ] ] } },
{ "type": "Feature", "properties": { "id": 838, "id1": 371, "id2": 1522 }, "geometry": { "type": "LineString", "coordinates": [ [ 650276.27504308137577, 6862563.463735871016979 ], [ 650093.507905247621238, 6862615.416029244661331 ] ] } },
{ "type": "Feature", "properties": { "id": 843, "id1": 372, "id2": 909 }, "geometry": { "type": "LineString", "coordinates": [ [ 650528.611820956226438, 6862444.715545961633325 ], [ 650623.810101502807811, 6862404.032706318423152 ] ] } },
{ "type": "Feature", "properties": { "id": 844, "id1": 373, "id2": 3424 }, "geometry": { "type": "LineString", "coordinates": [ [ 650485.849937912775204, 6862350.309493559412658 ], [ 650487.1940896861488, 6862350.335170309990644 ] ] } },
{ "type": "Feature", "properties": { "id": 845, "id1": 374, "id2": 754 }, "geometry": { "type": "LineString", "coordinates": [ [ 650627.547302133170888, 6862240.899614570662379 ], [ 650628.68347600614652, 6862242.291349864564836 ] ] } },
{ "type": "Feature", "properties": { "id": 846, "id1": 375, "id2": 3141 }, "geometry": { "type": "LineString", "coordinates": [ [ 650648.917648275615647, 6862301.686755832284689 ], [ 650651.309485819190741, 6862300.877436383627355 ] ] } },
{ "type": "Feature", "properties": { "id": 848, "id1": 377, "id2": 2141 }, "geometry": { "type": "LineString", "coordinates": [ [ 650943.769619958940893, 6862247.959983611479402 ], [ 650945.361698580207303, 6862248.481797291897237 ] ] } },
{ "type": "Feature", "properties": { "id": 849, "id1": 378, "id2": 75 }, "geometry": { "type": "LineString", "coordinates": [ [ 650800.865626988583244, 6862317.791264528408647 ], [ 650804.653230852680281, 6862317.253664089366794 ] ] } },
{ "type": "Feature", "properties": { "id": 850, "id1": 379, "id2": 3540 }, "geometry": { "type": "LineString", "coordinates": [ [ 652598.126644542091526, 6861562.403291713446379 ], [ 652614.425139002851211, 6861546.90812376793474 ] ] } },
{ "type": "Feature", "properties": { "id": 852, "id1": 394, "id2": 3479 }, "geometry": { "type": "LineString", "coordinates": [ [ 652368.644494712236337, 6861757.510517090559006 ], [ 652370.343906361958943, 6861758.688297938555479 ] ] } },
{ "type": "Feature", "properties": { "id": 853, "id1": 397, "id2": 2637 }, "geometry": { "type": "LineString", "coordinates": [ [ 652377.020768721704371, 6861665.690108437091112 ], [ 652377.516091279801913, 6861666.792833547107875 ] ] } },
{ "type": "Feature", "properties": { "id": 854, "id1": 380, "id2": 2201 }, "geometry": { "type": "LineString", "coordinates": [ [ 650765.122614140622318, 6862005.936009460128844 ], [ 650744.933670506929047, 6861995.384722840972245 ] ] } },
{ "type": "Feature", "properties": { "id": 857, "id1": 381, "id2": 3012 }, "geometry": { "type": "LineString", "coordinates": [ [ 650842.62673375220038, 6861872.381028464995325 ], [ 650844.02082426159177, 6861872.758009636774659 ] ] } },
{ "type": "Feature", "properties": { "id": 858, "id1": 382, "id2": 3272 }, "geometry": { "type": "LineString", "coordinates": [ [ 650778.696250399458222, 6861749.76852566190064 ], [ 650775.58886186289601, 6861742.904015492647886 ] ] } },
{ "type": "Feature", "properties": { "id": 859, "id1": 383, "id2": 747 }, "geometry": { "type": "LineString", "coordinates": [ [ 650365.008220408810303, 6862051.70030268561095 ], [ 650515.792954142089002, 6861994.303770998492837 ] ] } },
{ "type": "Feature", "properties": { "id": 863, "id1": 384, "id2": 3672 }, "geometry": { "type": "LineString", "coordinates": [ [ 652973.280775120598264, 6861438.178917501121759 ], [ 652974.54549555061385, 6861438.387056577019393 ] ] } },
{ "type": "Feature", "properties": { "id": 864, "id1": 395, "id2": 453 }, "geometry": { "type": "LineString", "coordinates": [ [ 652385.053852658253163, 6861794.488455825485289 ], [ 652385.539326450554654, 6861795.381807231344283 ] ] } },
{ "type": "Feature", "properties": { "id": 865, "id1": 786, "id2": 2437 }, "geometry": { "type": "LineString", "coordinates": [ [ 652205.022878679214045, 6863552.1587735414505 ], [ 652206.669245779165067, 6863552.337387992069125 ] ] } },
{ "type": "Feature", "properties": { "id": 866, "id1": 386, "id2": 2094 }, "geometry": { "type": "LineString", "coordinates": [ [ 652952.654821147443727, 6861358.628539566881955 ], [ 652937.966825166135095, 6861372.896072311326861 ] ] } },
{ "type": "Feature", "properties": { "id": 868, "id1": 387, "id2": 3480 }, "geometry": { "type": "LineString", "coordinates": [ [ 652815.299033595714718, 6861433.126470089890063 ], [ 652819.065405266126618, 6861433.362693259492517 ] ] } },
{ "type": "Feature", "properties": { "id": 869, "id1": 388, "id2": 2326 }, "geometry": { "type": "LineString", "coordinates": [ [ 652733.321556504117325, 6861478.612229630351067 ], [ 652734.713960395893082, 6861478.959342987276614 ] ] } },
{ "type": "Feature", "properties": { "id": 870, "id1": 389, "id2": 1670 }, "geometry": { "type": "LineString", "coordinates": [ [ 652670.551386700943112, 6861508.1234389282763 ], [ 652671.925019877147861, 6861508.703961963765323 ] ] } },
{ "type": "Feature", "properties": { "id": 871, "id1": 390, "id2": 738 }, "geometry": { "type": "LineString", "coordinates": [ [ 652737.850074751535431, 6861569.107692192308605 ], [ 652739.336556372232735, 6861569.779910268262029 ] ] } },
{ "type": "Feature", "properties": { "id": 872, "id1": 391, "id2": 435 }, "geometry": { "type": "LineString", "coordinates": [ [ 652857.372279166127555, 6861504.695393415167928 ], [ 652861.262408248265274, 6861504.819512216374278 ] ] } },
{ "type": "Feature", "properties": { "id": 874, "id1": 393, "id2": 2790 }, "geometry": { "type": "LineString", "coordinates": [ [ 652346.800105733214878, 6861594.994256678037345 ], [ 652329.394833700731397, 6861596.580783978104591 ] ] } },
{ "type": "Feature", "properties": { "id": 875, "id1": 398, "id2": 312 }, "geometry": { "type": "LineString", "coordinates": [ [ 652156.314499646076001, 6861629.814652670174837 ], [ 652092.37316635530442, 6861610.078987132757902 ] ] } },
{ "type": "Feature", "properties": { "id": 879, "id1": 400, "id2": 1620 }, "geometry": { "type": "LineString", "coordinates": [ [ 652058.982393669895828, 6861756.741586265154183 ], [ 652045.391461143852212, 6861800.56350292917341 ] ] } },
{ "type": "Feature", "properties": { "id": 882, "id1": 403, "id2": 2430 }, "geometry": { "type": "LineString", "coordinates": [ [ 652053.885544775752351, 6861921.44241635967046 ], [ 652073.297864665160887, 6861935.493087956681848 ] ] } },
{ "type": "Feature", "properties": { "id": 885, "id1": 406, "id2": 535 }, "geometry": { "type": "LineString", "coordinates": [ [ 652139.877627055393532, 6861880.144847167655826 ], [ 652125.660140047431923, 6861887.551868066191673 ] ] } },
{ "type": "Feature", "properties": { "id": 894, "id1": 416, "id2": 2489 }, "geometry": { "type": "LineString", "coordinates": [ [ 652300.360043837456033, 6861723.89218960609287 ], [ 652313.423492682049982, 6861717.976088381372392 ] ] } },
{ "type": "Feature", "properties": { "id": 895, "id1": 417, "id2": 3172 }, "geometry": { "type": "LineString", "coordinates": [ [ 652335.854268168448471, 6861841.872522247955203 ], [ 652323.935841950238682, 6861821.646600927226245 ] ] } },
{ "type": "Feature", "properties": { "id": 901, "id1": 424, "id2": 2402 }, "geometry": { "type": "LineString", "coordinates": [ [ 652426.064737310516648, 6861671.60034098289907 ], [ 652426.700024940655567, 6861667.439012717455626 ] ] } },
{ "type": "Feature", "properties": { "id": 902, "id1": 425, "id2": 1542 }, "geometry": { "type": "LineString", "coordinates": [ [ 652939.260173337417655, 6861866.727952032350004 ], [ 652940.64221343502868, 6861866.301794773899019 ] ] } },
{ "type": "Feature", "properties": { "id": 903, "id1": 426, "id2": 3183 }, "geometry": { "type": "LineString", "coordinates": [ [ 652850.748472078703344, 6861800.409138224087656 ], [ 652849.569919945672154, 6861803.371222001500428 ] ] } },
{ "type": "Feature", "properties": { "id": 904, "id1": 430, "id2": 1796 }, "geometry": { "type": "LineString", "coordinates": [ [ 652722.147780183120631, 6861840.150687078945339 ], [ 652734.54287985607516, 6861827.200483854860067 ] ] } },
{ "type": "Feature", "properties": { "id": 906, "id1": 432, "id2": 1444 }, "geometry": { "type": "LineString", "coordinates": [ [ 652481.727689868188463, 6861929.971155031584203 ], [ 652489.750655742478557, 6862010.655547707341611 ] ] } },
{ "type": "Feature", "properties": { "id": 910, "id1": 436, "id2": 356 }, "geometry": { "type": "LineString", "coordinates": [ [ 652600.48196161526721, 6861989.048331284895539 ], [ 652629.245662691188045, 6862002.976217715069652 ] ] } },
{ "type": "Feature", "properties": { "id": 911, "id1": 437, "id2": 3323 }, "geometry": { "type": "LineString", "coordinates": [ [ 650009.378679983085021, 6860760.14980348944664 ], [ 650010.177339051151648, 6860763.241995767690241 ] ] } },
{ "type": "Feature", "properties": { "id": 912, "id1": 438, "id2": 2255 }, "geometry": { "type": "LineString", "coordinates": [ [ 652560.347467271494679, 6861881.377912642434239 ], [ 652563.288423738791607, 6861899.862102708779275 ] ] } },
{ "type": "Feature", "properties": { "id": 913, "id1": 439, "id2": 310 }, "geometry": { "type": "LineString", "coordinates": [ [ 652522.550871715182438, 6861905.750314085744321 ], [ 652518.473396611749195, 6861907.929388486780226 ] ] } },
{ "type": "Feature", "properties": { "id": 914, "id1": 440, "id2": 1788 }, "geometry": { "type": "LineString", "coordinates": [ [ 652561.424463828559965, 6861931.180998067371547 ], [ 652599.756348579307087, 6861940.708850712515414 ] ] } },
{ "type": "Feature", "properties": { "id": 916, "id1": 441, "id2": 2130 }, "geometry": { "type": "LineString", "coordinates": [ [ 652647.807288181036711, 6861822.357051146216691 ], [ 652618.822699166368693, 6861842.761253881268203 ] ] } },
{ "type": "Feature", "properties": { "id": 918, "id1": 443, "id2": 3260 }, "geometry": { "type": "LineString", "coordinates": [ [ 652652.682555874809623, 6861895.914720514789224 ], [ 652653.990854461793788, 6861899.557380286045372 ] ] } },
{ "type": "Feature", "properties": { "id": 919, "id1": 444, "id2": 2152 }, "geometry": { "type": "LineString", "coordinates": [ [ 652769.097649670788087, 6861905.722453232854605 ], [ 652787.289745378773659, 6861897.420036362484097 ] ] } },
{ "type": "Feature", "properties": { "id": 922, "id1": 446, "id2": 197 }, "geometry": { "type": "LineString", "coordinates": [ [ 653441.623251526267268, 6861250.474513513967395 ], [ 653506.308450735057704, 6861317.162649241276085 ] ] } },
{ "type": "Feature", "properties": { "id": 929, "id1": 447, "id2": 1297 }, "geometry": { "type": "LineString", "coordinates": [ [ 653379.782840329804458, 6861433.125649142079055 ], [ 653402.020112031139433, 6861399.784488986246288 ] ] } },
{ "type": "Feature", "properties": { "id": 932, "id1": 448, "id2": 607 }, "geometry": { "type": "LineString", "coordinates": [ [ 653571.655340591212735, 6861569.951191137544811 ], [ 653541.979464465402998, 6861526.7101941825822 ] ] } },
{ "type": "Feature", "properties": { "id": 936, "id1": 787, "id2": 3042 }, "geometry": { "type": "LineString", "coordinates": [ [ 652274.577695038518868, 6863533.537789241410792 ], [ 652274.876563733560033, 6863530.415183305740356 ] ] } },
{ "type": "Feature", "properties": { "id": 937, "id1": 450, "id2": 2539 }, "geometry": { "type": "LineString", "coordinates": [ [ 653437.083968828432262, 6861608.720583562739193 ], [ 653438.227149349753745, 6861612.493172656744719 ] ] } },
{ "type": "Feature", "properties": { "id": 938, "id1": 451, "id2": 1087 }, "geometry": { "type": "LineString", "coordinates": [ [ 653360.400467404280789, 6861646.310128707438707 ], [ 653361.865129316225648, 6861647.71438857447356 ] ] } },
{ "type": "Feature", "properties": { "id": 939, "id1": 452, "id2": 2715 }, "geometry": { "type": "LineString", "coordinates": [ [ 653267.127437468618155, 6861698.782604064792395 ], [ 653332.411100376746617, 6861722.543493675999343 ] ] } },
{ "type": "Feature", "properties": { "id": 942, "id1": 453, "id2": 1156 }, "geometry": { "type": "LineString", "coordinates": [ [ 653200.248492836952209, 6861604.157050356268883 ], [ 653201.19240650406573, 6861606.205196880735457 ] ] } },
{ "type": "Feature", "properties": { "id": 943, "id1": 454, "id2": 1345 }, "geometry": { "type": "LineString", "coordinates": [ [ 653274.280835062614642, 6861548.207435645163059 ], [ 653275.70496850006748, 6861549.45171182602644 ] ] } },
{ "type": "Feature", "properties": { "id": 944, "id1": 455, "id2": 930 }, "geometry": { "type": "LineString", "coordinates": [ [ 653171.465866951737553, 6861537.319991827942431 ], [ 653172.871172811719589, 6861537.599862704053521 ] ] } },
{ "type": "Feature", "properties": { "id": 945, "id1": 456, "id2": 2654 }, "geometry": { "type": "LineString", "coordinates": [ [ 653109.374433085089549, 6861802.086199609562755 ], [ 653112.8557230316801, 6861801.835862742736936 ] ] } },
{ "type": "Feature", "properties": { "id": 947, "id1": 458, "id2": 337 }, "geometry": { "type": "LineString", "coordinates": [ [ 653000.628204959677532, 6861837.947728414088488 ], [ 653002.0678781963652, 6861837.991350284777582 ] ] } },
{ "type": "Feature", "properties": { "id": 948, "id1": 459, "id2": 3076 }, "geometry": { "type": "LineString", "coordinates": [ [ 652943.562665974488482, 6861716.418485076166689 ], [ 652945.698105122079141, 6861717.290658453479409 ] ] } },
{ "type": "Feature", "properties": { "id": 949, "id1": 460, "id2": 3162 }, "geometry": { "type": "LineString", "coordinates": [ [ 652932.880098312278278, 6861659.129628601484001 ], [ 652939.019683333579451, 6861662.842889629304409 ] ] } },
{ "type": "Feature", "properties": { "id": 950, "id1": 461, "id2": 3517 }, "geometry": { "type": "LineString", "coordinates": [ [ 652993.45170922903344, 6861738.807324535213411 ], [ 652996.002755618072115, 6861740.04562143329531 ] ] } },
{ "type": "Feature", "properties": { "id": 951, "id1": 462, "id2": 330 }, "geometry": { "type": "LineString", "coordinates": [ [ 653017.302561599644832, 6861614.431414998136461 ], [ 653054.807009248994291, 6861591.462791104800999 ] ] } },
{ "type": "Feature", "properties": { "id": 953, "id1": 463, "id2": 1778 }, "geometry": { "type": "LineString", "coordinates": [ [ 653112.993597190943547, 6861668.949827624484897 ], [ 653115.066919532837346, 6861671.116553883999586 ] ] } },
{ "type": "Feature", "properties": { "id": 954, "id1": 464, "id2": 474 }, "geometry": { "type": "LineString", "coordinates": [ [ 653211.387470452697016, 6861226.388265104033053 ], [ 653231.617351229768246, 6861257.162469292059541 ] ] } },
{ "type": "Feature", "properties": { "id": 959, "id1": 769, "id2": 668 }, "geometry": { "type": "LineString", "coordinates": [ [ 652254.886453018290922, 6862745.715717284940183 ], [ 652256.149396305088885, 6862747.36979145091027 ] ] } },
{ "type": "Feature", "properties": { "id": 960, "id1": 465, "id2": 3649 }, "geometry": { "type": "LineString", "coordinates": [ [ 653054.246752010891214, 6861704.512266045436263 ], [ 653055.348669939790852, 6861705.148031213320792 ] ] } },
{ "type": "Feature", "properties": { "id": 961, "id1": 466, "id2": 832 }, "geometry": { "type": "LineString", "coordinates": [ [ 655832.054421771201305, 6861182.600755571387708 ], [ 655867.677446887595579, 6861212.646260396577418 ] ] } },
{ "type": "Feature", "properties": { "id": 963, "id1": 467, "id2": 2846 }, "geometry": { "type": "LineString", "coordinates": [ [ 655775.357512972899713, 6861309.817149988375604 ], [ 655776.289770347531885, 6861311.090968096628785 ] ] } },
{ "type": "Feature", "properties": { "id": 964, "id1": 468, "id2": 767 }, "geometry": { "type": "LineString", "coordinates": [ [ 655659.432038027676754, 6861237.353234081529081 ], [ 655660.708654736401513, 6861238.017057543620467 ] ] } },
{ "type": "Feature", "properties": { "id": 965, "id1": 469, "id2": 944 }, "geometry": { "type": "LineString", "coordinates": [ [ 655656.347826818702742, 6861317.168034136295319 ], [ 655658.178555843536742, 6861318.4506332334131 ] ] } },
{ "type": "Feature", "properties": { "id": 966, "id1": 470, "id2": 2535 }, "geometry": { "type": "LineString", "coordinates": [ [ 653719.743518181960098, 6861336.535001848824322 ], [ 653721.476762411068194, 6861334.317362597212195 ] ] } },
{ "type": "Feature", "properties": { "id": 967, "id1": 471, "id2": 19 }, "geometry": { "type": "LineString", "coordinates": [ [ 655486.445796740939841, 6861255.753593284636736 ], [ 655347.821119467611425, 6861273.932857361622155 ] ] } },
{ "type": "Feature", "properties": { "id": 974, "id1": 472, "id2": 1653 }, "geometry": { "type": "LineString", "coordinates": [ [ 655132.063882848713547, 6861277.494976250454783 ], [ 654955.757530675153248, 6861302.252629771828651 ] ] } },
{ "type": "Feature", "properties": { "id": 978, "id1": 473, "id2": 1523 }, "geometry": { "type": "LineString", "coordinates": [ [ 654758.467557752272114, 6861324.629663846455514 ], [ 654747.769581256201491, 6861323.450671726837754 ] ] } },
{ "type": "Feature", "properties": { "id": 979, "id1": 479, "id2": 2296 }, "geometry": { "type": "LineString", "coordinates": [ [ 653947.611821082304232, 6861631.929609053768218 ], [ 653948.336520286626182, 6861632.1303904755041 ] ] } },
{ "type": "Feature", "properties": { "id": 980, "id1": 474, "id2": 324 }, "geometry": { "type": "LineString", "coordinates": [ [ 654892.846209931536578, 6861545.02608251105994 ], [ 654772.285875582601875, 6861600.276676090434194 ] ] } },
{ "type": "Feature", "properties": { "id": 993, "id1": 475, "id2": 436 }, "geometry": { "type": "LineString", "coordinates": [ [ 654518.794821515446529, 6861485.127815570682287 ], [ 654501.159182238858193, 6861385.833869900554419 ] ] } },
{ "type": "Feature", "properties": { "id": 999, "id1": 478, "id2": 4 }, "geometry": { "type": "LineString", "coordinates": [ [ 654278.390433968510479, 6861535.656235180795193 ], [ 654169.144051812007092, 6861549.888150407932699 ] ] } },
{ "type": "Feature", "properties": { "id": 1006, "id1": 497, "id2": 910 }, "geometry": { "type": "LineString", "coordinates": [ [ 654156.198342938092537, 6860318.509818208403885 ], [ 654240.429578321170993, 6860404.172932142391801 ] ] } },
{ "type": "Feature", "properties": { "id": 1009, "id1": 476, "id2": 706 }, "geometry": { "type": "LineString", "coordinates": [ [ 655409.99605312733911, 6861603.00759731978178 ], [ 655486.828539162757806, 6861402.902636729180813 ] ] } },
{ "type": "Feature", "properties": { "id": 1024, "id1": 477, "id2": 1135 }, "geometry": { "type": "LineString", "coordinates": [ [ 655555.545742309303023, 6861810.173639407381415 ], [ 655528.95657308108639, 6861908.207887394353747 ] ] } },
{ "type": "Feature", "properties": { "id": 1028, "id1": 480, "id2": 1580 }, "geometry": { "type": "LineString", "coordinates": [ [ 653813.088507747743279, 6861762.316353037953377 ], [ 653812.822591698844917, 6861764.727135548368096 ] ] } },
{ "type": "Feature", "properties": { "id": 1029, "id1": 482, "id2": 2456 }, "geometry": { "type": "LineString", "coordinates": [ [ 653738.524609266896732, 6861899.154378090985119 ], [ 653739.962708352017216, 6861899.644741095602512 ] ] } },
{ "type": "Feature", "properties": { "id": 1030, "id1": 483, "id2": 1816 }, "geometry": { "type": "LineString", "coordinates": [ [ 653706.602306067477912, 6861859.89213992189616 ], [ 653708.155147144803777, 6861860.381794974207878 ] ] } },
{ "type": "Feature", "properties": { "id": 1031, "id1": 484, "id2": 2196 }, "geometry": { "type": "LineString", "coordinates": [ [ 655123.633968762005679, 6860079.385259727016091 ], [ 655116.679794543655589, 6860085.92184666916728 ] ] } },
{ "type": "Feature", "properties": { "id": 1032, "id1": 485, "id2": 1244 }, "geometry": { "type": "LineString", "coordinates": [ [ 653717.785361147252843, 6861127.309386868029833 ], [ 653732.096203686553054, 6861081.563392568379641 ] ] } },
{ "type": "Feature", "properties": { "id": 1036, "id1": 486, "id2": 286 }, "geometry": { "type": "LineString", "coordinates": [ [ 653613.771101206773892, 6860953.250587092712522 ], [ 653620.286205629818141, 6860946.209906590171158 ] ] } },
{ "type": "Feature", "properties": { "id": 1037, "id1": 487, "id2": 58 }, "geometry": { "type": "LineString", "coordinates": [ [ 653708.728652153164148, 6860842.850544621236622 ], [ 653771.856704006087966, 6860836.711694398894906 ] ] } },
{ "type": "Feature", "properties": { "id": 1039, "id1": 488, "id2": 2794 }, "geometry": { "type": "LineString", "coordinates": [ [ 653710.891008717590012, 6860742.933492849580944 ], [ 653711.041070410516113, 6860742.500879427418113 ] ] } },
{ "type": "Feature", "properties": { "id": 1040, "id1": 489, "id2": 142 }, "geometry": { "type": "LineString", "coordinates": [ [ 654080.815394032862969, 6860912.525375539436936 ], [ 654088.438594855368137, 6860992.46497761644423 ] ] } },
{ "type": "Feature", "properties": { "id": 1058, "id1": 502, "id2": 249 }, "geometry": { "type": "LineString", "coordinates": [ [ 655004.994754997082055, 6860175.830406323075294 ], [ 654614.056934118387289, 6860352.112864197231829 ] ] } },
{ "type": "Feature", "properties": { "id": 1061, "id1": 490, "id2": 100 }, "geometry": { "type": "LineString", "coordinates": [ [ 654335.584533151355572, 6860856.500702545046806 ], [ 654328.228237893315963, 6860860.409956580027938 ] ] } },
{ "type": "Feature", "properties": { "id": 1069, "id1": 491, "id2": 162 }, "geometry": { "type": "LineString", "coordinates": [ [ 655099.322604556800798, 6860296.115862051025033 ], [ 655054.932727260980755, 6860299.094626705162227 ] ] } },
{ "type": "Feature", "properties": { "id": 1077, "id1": 492, "id2": 3460 }, "geometry": { "type": "LineString", "coordinates": [ [ 649465.912527940003201, 6863535.599297117441893 ], [ 649467.548496006289497, 6863537.050500116311014 ] ] } },
{ "type": "Feature", "properties": { "id": 1078, "id1": 493, "id2": 545 }, "geometry": { "type": "LineString", "coordinates": [ [ 654318.890661457902752, 6860654.835380445234478 ], [ 654557.247013311716728, 6860719.214244555681944 ] ] } },
{ "type": "Feature", "properties": { "id": 1090, "id1": 494, "id2": 236 }, "geometry": { "type": "LineString", "coordinates": [ [ 653822.862291778088547, 6860702.634896377101541 ], [ 653825.081537703983486, 6860812.886302212253213 ] ] } },
{ "type": "Feature", "properties": { "id": 1093, "id1": 495, "id2": 1161 }, "geometry": { "type": "LineString", "coordinates": [ [ 653921.258810471976176, 6860605.517274342477322 ], [ 654020.491452753078192, 6860462.535064051859081 ] ] } },
{ "type": "Feature", "properties": { "id": 1095, "id1": 496, "id2": 266 }, "geometry": { "type": "LineString", "coordinates": [ [ 654044.5379668060923, 6860455.275978339836001 ], [ 653946.157068639993668, 6860398.508596338331699 ] ] } },
{ "type": "Feature", "properties": { "id": 1097, "id1": 498, "id2": 2658 }, "geometry": { "type": "LineString", "coordinates": [ [ 654237.627600784995593, 6860215.956385769881308 ], [ 654223.628170939162374, 6860235.335446091368794 ] ] } },
{ "type": "Feature", "properties": { "id": 1098, "id1": 499, "id2": 1441 }, "geometry": { "type": "LineString", "coordinates": [ [ 651025.914605528698303, 6862618.870539041236043 ], [ 651146.537838845630176, 6862585.089267258532345 ] ] } },
{ "type": "Feature", "properties": { "id": 1109, "id1": 503, "id2": 149 }, "geometry": { "type": "LineString", "coordinates": [ [ 655204.996350237401202, 6860454.421873460523784 ], [ 655249.458852846408263, 6860219.388739670626819 ] ] } },
{ "type": "Feature", "properties": { "id": 1118, "id1": 504, "id2": 376 }, "geometry": { "type": "LineString", "coordinates": [ [ 655397.526841201470234, 6860303.736601673066616 ], [ 655382.491154560237192, 6860371.170720843598247 ] ] } },
{ "type": "Feature", "properties": { "id": 1125, "id1": 505, "id2": 1375 }, "geometry": { "type": "LineString", "coordinates": [ [ 655568.437203767243773, 6860187.578033548779786 ], [ 655609.223552452516742, 6860169.123326251283288 ] ] } },
{ "type": "Feature", "properties": { "id": 1127, "id1": 506, "id2": 517 }, "geometry": { "type": "LineString", "coordinates": [ [ 655394.664115811930969, 6860139.960690384730697 ], [ 655407.487573825172149, 6860133.476623754017055 ] ] } },
{ "type": "Feature", "properties": { "id": 1130, "id1": 507, "id2": 720 }, "geometry": { "type": "LineString", "coordinates": [ [ 655837.042924997513182, 6860184.211253240704536 ], [ 655888.326091076130979, 6860168.216499650850892 ] ] } },
{ "type": "Feature", "properties": { "id": 1132, "id1": 508, "id2": 765 }, "geometry": { "type": "LineString", "coordinates": [ [ 655890.267946372739971, 6860540.491467976942658 ], [ 655620.088328928803094, 6860769.389009273611009 ] ] } },
{ "type": "Feature", "properties": { "id": 1140, "id1": 529, "id2": 2605 }, "geometry": { "type": "LineString", "coordinates": [ [ 653337.922706500859931, 6862513.898435892537236 ], [ 653339.217467395588756, 6862514.34259173180908 ] ] } },
{ "type": "Feature", "properties": { "id": 1141, "id1": 509, "id2": 966 }, "geometry": { "type": "LineString", "coordinates": [ [ 655896.607265087193809, 6860866.176863057538867 ], [ 655912.995224114740267, 6860858.847541034221649 ] ] } },
{ "type": "Feature", "properties": { "id": 1145, "id1": 510, "id2": 679 }, "geometry": { "type": "LineString", "coordinates": [ [ 655674.016408759634942, 6860875.089759552851319 ], [ 655712.387961042462848, 6860864.166222331114113 ] ] } },
{ "type": "Feature", "properties": { "id": 1147, "id1": 511, "id2": 1335 }, "geometry": { "type": "LineString", "coordinates": [ [ 655520.281921419431455, 6861010.084858438000083 ], [ 655472.761922942707315, 6861103.540155767463148 ] ] } },
{ "type": "Feature", "properties": { "id": 1150, "id1": 512, "id2": 717 }, "geometry": { "type": "LineString", "coordinates": [ [ 654984.633836580673233, 6860693.615720222704113 ], [ 655074.963158517261036, 6860809.515389905311167 ] ] } },
{ "type": "Feature", "properties": { "id": 1155, "id1": 513, "id2": 1071 }, "geometry": { "type": "LineString", "coordinates": [ [ 654129.654465694446117, 6861342.932029731571674 ], [ 654135.95112878526561, 6861274.604129702784121 ] ] } },
{ "type": "Feature", "properties": { "id": 1160, "id1": 514, "id2": 671 }, "geometry": { "type": "LineString", "coordinates": [ [ 654050.293204352608882, 6861404.527968394570053 ], [ 654050.921007596189156, 6861406.638538363389671 ] ] } },
{ "type": "Feature", "properties": { "id": 1161, "id1": 515, "id2": 1330 }, "geometry": { "type": "LineString", "coordinates": [ [ 653350.941768130869605, 6862430.646440278738737 ], [ 653352.435933763976209, 6862430.973504616878927 ] ] } },
{ "type": "Feature", "properties": { "id": 1162, "id1": 530, "id2": 3217 }, "geometry": { "type": "LineString", "coordinates": [ [ 653259.56618352746591, 6862459.224235340021551 ], [ 653260.850052498630248, 6862460.02765429764986 ] ] } },
{ "type": "Feature", "properties": { "id": 1163, "id1": 516, "id2": 256 }, "geometry": { "type": "LineString", "coordinates": [ [ 654677.48263542924542, 6861033.802193341776729 ], [ 654461.195698511088267, 6861091.48184906039387 ] ] } },
{ "type": "Feature", "properties": { "id": 1178, "id1": 517, "id2": 369 }, "geometry": { "type": "LineString", "coordinates": [ [ 654374.537751017836854, 6861022.967923342250288 ], [ 654373.728926257579587, 6861025.490825338289142 ] ] } },
{ "type": "Feature", "properties": { "id": 1179, "id1": 518, "id2": 328 }, "geometry": { "type": "LineString", "coordinates": [ [ 654296.762925766175613, 6861100.469854971393943 ], [ 654298.361729601281695, 6861101.629885262809694 ] ] } },
{ "type": "Feature", "properties": { "id": 1180, "id1": 519, "id2": 2991 }, "geometry": { "type": "LineString", "coordinates": [ [ 654387.560902741272002, 6861279.668663825839758 ], [ 654435.21789212373551, 6861334.556491385214031 ] ] } },
{ "type": "Feature", "properties": { "id": 1182, "id1": 520, "id2": 823 }, "geometry": { "type": "LineString", "coordinates": [ [ 653987.433198557933792, 6861453.478317683562636 ], [ 653944.431629773462191, 6861493.490998915396631 ] ] } },
{ "type": "Feature", "properties": { "id": 1184, "id1": 522, "id2": 69 }, "geometry": { "type": "LineString", "coordinates": [ [ 653772.428244257345796, 6861541.057327685877681 ], [ 653865.889667925308459, 6861400.996463503688574 ] ] } },
{ "type": "Feature", "properties": { "id": 1191, "id1": 524, "id2": 380 }, "geometry": { "type": "LineString", "coordinates": [ [ 654249.227335803443566, 6861257.980949023738503 ], [ 654168.730615002685227, 6861239.117874688468874 ] ] } },
{ "type": "Feature", "properties": { "id": 1201, "id1": 525, "id2": 67 }, "geometry": { "type": "LineString", "coordinates": [ [ 653936.934876730432734, 6861078.400529699400067 ], [ 654019.512647054158151, 6861117.587409962899983 ] ] } },
{ "type": "Feature", "properties": { "id": 1210, "id1": 526, "id2": 627 }, "geometry": { "type": "LineString", "coordinates": [ [ 653321.593947109417059, 6862109.750254588201642 ], [ 653323.090609114035033, 6862110.805025050416589 ] ] } },
{ "type": "Feature", "properties": { "id": 1211, "id1": 527, "id2": 829 }, "geometry": { "type": "LineString", "coordinates": [ [ 654804.73346362344455, 6860295.100573829375207 ], [ 654846.585278760292567, 6860436.531233431771398 ] ] } },
{ "type": "Feature", "properties": { "id": 1217, "id1": 528, "id2": 2433 }, "geometry": { "type": "LineString", "coordinates": [ [ 653356.827634923509322, 6862580.810286274179816 ], [ 653358.18926108640153, 6862581.04230456892401 ] ] } },
{ "type": "Feature", "properties": { "id": 1218, "id1": 531, "id2": 315 }, "geometry": { "type": "LineString", "coordinates": [ [ 653297.007217091973871, 6862303.443466167896986 ], [ 653297.847721789265051, 6862303.84206853620708 ] ] } },
{ "type": "Feature", "properties": { "id": 1219, "id1": 532, "id2": 2815 }, "geometry": { "type": "LineString", "coordinates": [ [ 653176.593063515960239, 6862389.17539800144732 ], [ 653184.483004034729674, 6862391.973757990635931 ] ] } },
{ "type": "Feature", "properties": { "id": 1220, "id1": 533, "id2": 2056 }, "geometry": { "type": "LineString", "coordinates": [ [ 653120.05795213021338, 6862317.073948092758656 ], [ 653121.091911120107397, 6862317.433869852684438 ] ] } },
{ "type": "Feature", "properties": { "id": 1221, "id1": 534, "id2": 685 }, "geometry": { "type": "LineString", "coordinates": [ [ 653247.072802209178917, 6862161.134194630198181 ], [ 653248.113762121181935, 6862161.425231361761689 ] ] } },
{ "type": "Feature", "properties": { "id": 1222, "id1": 535, "id2": 1521 }, "geometry": { "type": "LineString", "coordinates": [ [ 653219.748246640432626, 6861917.017217670567334 ], [ 653221.176144622615539, 6861916.728715432807803 ] ] } },
{ "type": "Feature", "properties": { "id": 1223, "id1": 536, "id2": 2739 }, "geometry": { "type": "LineString", "coordinates": [ [ 653266.205048899748363, 6861898.842223678715527 ], [ 653267.704048726358451, 6861899.421734474599361 ] ] } },
{ "type": "Feature", "properties": { "id": 1224, "id1": 537, "id2": 633 }, "geometry": { "type": "LineString", "coordinates": [ [ 653283.356854135170579, 6861888.03860523737967 ], [ 653284.240853377035819, 6861888.519742282107472 ] ] } },
{ "type": "Feature", "properties": { "id": 1225, "id1": 538, "id2": 793 }, "geometry": { "type": "LineString", "coordinates": [ [ 653203.176164849079214, 6861869.159182829782367 ], [ 653204.766204045619816, 6861869.479972465895116 ] ] } },
{ "type": "Feature", "properties": { "id": 1226, "id1": 539, "id2": 948 }, "geometry": { "type": "LineString", "coordinates": [ [ 653249.562406577169895, 6861844.347545699216425 ], [ 653249.498225065879524, 6861845.314874218776822 ] ] } },
{ "type": "Feature", "properties": { "id": 1227, "id1": 540, "id2": 3677 }, "geometry": { "type": "LineString", "coordinates": [ [ 653345.429897776106372, 6861858.990801197476685 ], [ 653440.737736419308931, 6861825.669762395322323 ] ] } },
{ "type": "Feature", "properties": { "id": 1228, "id1": 541, "id2": 1714 }, "geometry": { "type": "LineString", "coordinates": [ [ 653653.684089104062878, 6861768.814084816724062 ], [ 653655.065949075855315, 6861769.826059311628342 ] ] } },
{ "type": "Feature", "properties": { "id": 1229, "id1": 542, "id2": 2710 }, "geometry": { "type": "LineString", "coordinates": [ [ 653610.18338127550669, 6861840.742371781729162 ], [ 653611.824938617413864, 6861840.702233937568963 ] ] } },
{ "type": "Feature", "properties": { "id": 1230, "id1": 543, "id2": 2536 }, "geometry": { "type": "LineString", "coordinates": [ [ 653606.71913873613812, 6862031.90786889474839 ], [ 653608.218940735794604, 6862031.725719500333071 ] ] } },
{ "type": "Feature", "properties": { "id": 1231, "id1": 544, "id2": 920 }, "geometry": { "type": "LineString", "coordinates": [ [ 653417.721236862940714, 6862031.758397038094699 ], [ 653470.816985220531933, 6862016.899330508895218 ] ] } },
{ "type": "Feature", "properties": { "id": 1232, "id1": 546, "id2": 619 }, "geometry": { "type": "LineString", "coordinates": [ [ 653435.818518896936439, 6862146.711391424760222 ], [ 653437.01602743496187, 6862147.231775236316025 ] ] } },
{ "type": "Feature", "properties": { "id": 1233, "id1": 547, "id2": 3471 }, "geometry": { "type": "LineString", "coordinates": [ [ 653540.936156687443145, 6862117.292601882480085 ], [ 653542.173156460514292, 6862117.860074078664184 ] ] } },
{ "type": "Feature", "properties": { "id": 1234, "id1": 548, "id2": 3207 }, "geometry": { "type": "LineString", "coordinates": [ [ 653591.915759929572232, 6862192.609252218157053 ], [ 653593.258919169311412, 6862192.218618517741561 ] ] } },
{ "type": "Feature", "properties": { "id": 1235, "id1": 549, "id2": 1781 }, "geometry": { "type": "LineString", "coordinates": [ [ 653489.192723021726124, 6862289.529263345524669 ], [ 653485.438105582841672, 6862297.287211320362985 ] ] } },
{ "type": "Feature", "properties": { "id": 1237, "id1": 551, "id2": 1589 }, "geometry": { "type": "LineString", "coordinates": [ [ 653414.054311923449859, 6862233.560364762321115 ], [ 653414.24286682147067, 6862233.88433694653213 ] ] } },
{ "type": "Feature", "properties": { "id": 1238, "id1": 552, "id2": 3343 }, "geometry": { "type": "LineString", "coordinates": [ [ 653556.577669626334682, 6862366.62497319187969 ], [ 653557.866706990986131, 6862365.89360726531595 ] ] } },
{ "type": "Feature", "properties": { "id": 1239, "id1": 553, "id2": 3451 }, "geometry": { "type": "LineString", "coordinates": [ [ 653471.232108984258957, 6862474.762736854143441 ], [ 653472.735505755059421, 6862475.62540886644274 ] ] } },
{ "type": "Feature", "properties": { "id": 1240, "id1": 554, "id2": 2513 }, "geometry": { "type": "LineString", "coordinates": [ [ 653470.831923296558671, 6862659.876056854613125 ], [ 653472.066185894887894, 6862660.196203922852874 ] ] } },
{ "type": "Feature", "properties": { "id": 1241, "id1": 555, "id2": 2372 }, "geometry": { "type": "LineString", "coordinates": [ [ 653400.123499179491773, 6862596.36634571198374 ], [ 653401.347659202059731, 6862596.252034841105342 ] ] } },
{ "type": "Feature", "properties": { "id": 1242, "id1": 556, "id2": 344 }, "geometry": { "type": "LineString", "coordinates": [ [ 650808.555976110394113, 6863256.875078813172877 ], [ 650809.069621276576072, 6863258.063526336103678 ] ] } },
{ "type": "Feature", "properties": { "id": 1243, "id1": 557, "id2": 1394 }, "geometry": { "type": "LineString", "coordinates": [ [ 653490.187019858043641, 6862580.183930992148817 ], [ 653473.756260756286792, 6862557.150462070479989 ] ] } },
{ "type": "Feature", "properties": { "id": 1247, "id1": 559, "id2": 665 }, "geometry": { "type": "LineString", "coordinates": [ [ 653277.654464383027516, 6861983.358768591657281 ], [ 653279.648755458067171, 6861984.629756667651236 ] ] } },
{ "type": "Feature", "properties": { "id": 1248, "id1": 560, "id2": 128 }, "geometry": { "type": "LineString", "coordinates": [ [ 653174.972432291484438, 6862192.400754989124835 ], [ 653176.811817749170586, 6862192.778849952854216 ] ] } },
{ "type": "Feature", "properties": { "id": 1249, "id1": 561, "id2": 964 }, "geometry": { "type": "LineString", "coordinates": [ [ 653058.67061950895004, 6862242.386936888098717 ], [ 653060.727546325302683, 6862242.756555433385074 ] ] } },
{ "type": "Feature", "properties": { "id": 1250, "id1": 770, "id2": 3497 }, "geometry": { "type": "LineString", "coordinates": [ [ 652269.702567917644046, 6862798.837510379031301 ], [ 652271.676738719688728, 6862797.793907983228564 ] ] } },
{ "type": "Feature", "properties": { "id": 1251, "id1": 562, "id2": 838 }, "geometry": { "type": "LineString", "coordinates": [ [ 653330.268668175907806, 6862390.354266314767301 ], [ 653331.619526507682167, 6862390.619516408070922 ] ] } },
{ "type": "Feature", "properties": { "id": 1252, "id1": 563, "id2": 2227 }, "geometry": { "type": "LineString", "coordinates": [ [ 651345.476937196450308, 6862716.796575699001551 ], [ 651343.248762659844942, 6862707.364007360301912 ] ] } },
{ "type": "Feature", "properties": { "id": 1254, "id1": 565, "id2": 402 }, "geometry": { "type": "LineString", "coordinates": [ [ 652501.077470042160712, 6862380.004102715291083 ], [ 652524.88578565523494, 6862367.796678829938173 ] ] } },
{ "type": "Feature", "properties": { "id": 1255, "id1": 566, "id2": 35 }, "geometry": { "type": "LineString", "coordinates": [ [ 652549.881342481938191, 6862391.891704552806914 ], [ 652568.633082254207693, 6862378.875924337655306 ] ] } },
{ "type": "Feature", "properties": { "id": 1256, "id1": 567, "id2": 3205 }, "geometry": { "type": "LineString", "coordinates": [ [ 652582.365780695574358, 6862460.201398103497922 ], [ 652599.509057605988346, 6862453.550049624405801 ] ] } },
{ "type": "Feature", "properties": { "id": 1257, "id1": 568, "id2": 3087 }, "geometry": { "type": "LineString", "coordinates": [ [ 652668.604829084593803, 6862583.747775631956756 ], [ 652618.90394954092335, 6862499.709289190359414 ] ] } },
{ "type": "Feature", "properties": { "id": 1260, "id1": 569, "id2": 3238 }, "geometry": { "type": "LineString", "coordinates": [ [ 652739.365230839001015, 6862697.91981552541256 ], [ 652743.828893062775023, 6862696.418510528281331 ] ] } },
{ "type": "Feature", "properties": { "id": 1261, "id1": 570, "id2": 2548 }, "geometry": { "type": "LineString", "coordinates": [ [ 652766.436472050496377, 6862752.391086624003947 ], [ 652769.582010058802553, 6862751.117496613413095 ] ] } },
{ "type": "Feature", "properties": { "id": 1262, "id1": 571, "id2": 129 }, "geometry": { "type": "LineString", "coordinates": [ [ 652589.681525319232605, 6862829.131918681785464 ], [ 652590.638672942644916, 6862829.736399489454925 ] ] } },
{ "type": "Feature", "properties": { "id": 1263, "id1": 572, "id2": 826 }, "geometry": { "type": "LineString", "coordinates": [ [ 652573.647000482305884, 6862769.93676998000592 ], [ 652570.989879777189344, 6862771.844059528782964 ] ] } },
{ "type": "Feature", "properties": { "id": 1264, "id1": 573, "id2": 810 }, "geometry": { "type": "LineString", "coordinates": [ [ 652548.017219738918357, 6862702.585713794454932 ], [ 652525.544709766283631, 6862649.861847940832376 ] ] } },
{ "type": "Feature", "properties": { "id": 1269, "id1": 577, "id2": 1053 }, "geometry": { "type": "LineString", "coordinates": [ [ 652481.762490827939473, 6862548.692053108476102 ], [ 652469.028672770597041, 6862486.00440036598593 ] ] } },
{ "type": "Feature", "properties": { "id": 1271, "id1": 581, "id2": 912 }, "geometry": { "type": "LineString", "coordinates": [ [ 652374.763688614126295, 6862301.186206082813442 ], [ 652376.589594026561826, 6862301.344530258327723 ] ] } },
{ "type": "Feature", "properties": { "id": 1272, "id1": 582, "id2": 641 }, "geometry": { "type": "LineString", "coordinates": [ [ 652453.017251832294278, 6862310.151432882063091 ], [ 652454.028262619976886, 6862328.754582964815199 ] ] } },
{ "type": "Feature", "properties": { "id": 1276, "id1": 585, "id2": 1677 }, "geometry": { "type": "LineString", "coordinates": [ [ 652516.921825055615045, 6862266.021504815667868 ], [ 652516.258660075138323, 6862269.859146665781736 ] ] } },
{ "type": "Feature", "properties": { "id": 1278, "id1": 587, "id2": 1437 }, "geometry": { "type": "LineString", "coordinates": [ [ 652465.896661953534931, 6862168.150712845847011 ], [ 652472.944565409328789, 6862169.81213360466063 ] ] } },
{ "type": "Feature", "properties": { "id": 1279, "id1": 589, "id2": 431 }, "geometry": { "type": "LineString", "coordinates": [ [ 652355.48381341539789, 6862088.339719461277127 ], [ 652364.712240362190641, 6862105.530692350119352 ] ] } },
{ "type": "Feature", "properties": { "id": 1280, "id1": 590, "id2": 2718 }, "geometry": { "type": "LineString", "coordinates": [ [ 652344.987252175807953, 6862144.454501666128635 ], [ 652335.399308865657076, 6862143.224315576255322 ] ] } },
{ "type": "Feature", "properties": { "id": 1281, "id1": 788, "id2": 2774 }, "geometry": { "type": "LineString", "coordinates": [ [ 652198.49318709212821, 6863484.54904543235898 ], [ 652199.639242751058191, 6863484.368527335114777 ] ] } },
{ "type": "Feature", "properties": { "id": 1282, "id1": 591, "id2": 795 }, "geometry": { "type": "LineString", "coordinates": [ [ 652386.614259532187134, 6862206.699644501321018 ], [ 652385.588417161605321, 6862211.691294765099883 ] ] } },
{ "type": "Feature", "properties": { "id": 1283, "id1": 592, "id2": 917 }, "geometry": { "type": "LineString", "coordinates": [ [ 652336.447541706147604, 6862267.149724574759603 ], [ 652338.687595863477327, 6862267.389588344842196 ] ] } },
{ "type": "Feature", "properties": { "id": 1284, "id1": 593, "id2": 2474 }, "geometry": { "type": "LineString", "coordinates": [ [ 652317.976623770897277, 6862222.117890791967511 ], [ 652318.34911234700121, 6862218.936688367277384 ] ] } },
{ "type": "Feature", "properties": { "id": 1285, "id1": 594, "id2": 1922 }, "geometry": { "type": "LineString", "coordinates": [ [ 652295.819207740365528, 6862156.380581026896834 ], [ 652291.655874213553034, 6862148.725134640932083 ] ] } },
{ "type": "Feature", "properties": { "id": 1286, "id1": 596, "id2": 743 }, "geometry": { "type": "LineString", "coordinates": [ [ 652160.998844300745986, 6862143.394617217592895 ], [ 652166.407055223360658, 6862113.68565421178937 ] ] } },
{ "type": "Feature", "properties": { "id": 1289, "id1": 599, "id2": 3084 }, "geometry": { "type": "LineString", "coordinates": [ [ 652200.23178178363014, 6862085.180293370038271 ], [ 652213.367677026428282, 6862093.062244787812233 ] ] } },
{ "type": "Feature", "properties": { "id": 1290, "id1": 600, "id2": 2427 }, "geometry": { "type": "LineString", "coordinates": [ [ 652308.056348960381001, 6862022.80686594452709 ], [ 652263.599188915337436, 6862070.069025288335979 ] ] } },
{ "type": "Feature", "properties": { "id": 1293, "id1": 602, "id2": 2886 }, "geometry": { "type": "LineString", "coordinates": [ [ 652341.685133607708849, 6862043.70036040712148 ], [ 652325.518649903940968, 6862039.418596789240837 ] ] } },
{ "type": "Feature", "properties": { "id": 1294, "id1": 603, "id2": 2342 }, "geometry": { "type": "LineString", "coordinates": [ [ 652421.976535164401866, 6862089.930117649957538 ], [ 652417.895371812977828, 6862042.139389262534678 ] ] } },
{ "type": "Feature", "properties": { "id": 1295, "id1": 604, "id2": 2445 }, "geometry": { "type": "LineString", "coordinates": [ [ 652536.346492200042121, 6862134.840573533438146 ], [ 652553.418014997965656, 6862129.817853955551982 ] ] } },
{ "type": "Feature", "properties": { "id": 1296, "id1": 605, "id2": 294 }, "geometry": { "type": "LineString", "coordinates": [ [ 653097.819498561439104, 6862470.545073158107698 ], [ 653102.501069831312634, 6862473.713317869231105 ] ] } },
{ "type": "Feature", "properties": { "id": 1297, "id1": 606, "id2": 3506 }, "geometry": { "type": "LineString", "coordinates": [ [ 652998.915233733714558, 6862579.347586197778583 ], [ 652999.907493336359039, 6862583.788973185233772 ] ] } },
{ "type": "Feature", "properties": { "id": 1298, "id1": 608, "id2": 46 }, "geometry": { "type": "LineString", "coordinates": [ [ 653061.356726043391973, 6862572.666091390885413 ], [ 653064.489231937564909, 6862575.005180634558201 ] ] } },
{ "type": "Feature", "properties": { "id": 1299, "id1": 609, "id2": 2468 }, "geometry": { "type": "LineString", "coordinates": [ [ 653149.903665207442828, 6862558.247738158330321 ], [ 653150.379365038708784, 6862558.732798197306693 ] ] } },
{ "type": "Feature", "properties": { "id": 1300, "id1": 610, "id2": 428 }, "geometry": { "type": "LineString", "coordinates": [ [ 653212.867773534730077, 6862532.710080650635064 ], [ 653212.401820878498256, 6862533.354694053530693 ] ] } },
{ "type": "Feature", "properties": { "id": 1301, "id1": 611, "id2": 3373 }, "geometry": { "type": "LineString", "coordinates": [ [ 653287.908641965128481, 6862564.780538366176188 ], [ 653285.641848117229529, 6862564.319530279375613 ] ] } },
{ "type": "Feature", "properties": { "id": 1302, "id1": 612, "id2": 3587 }, "geometry": { "type": "LineString", "coordinates": [ [ 653317.525572402402759, 6862611.715585985220969 ], [ 653319.508689767681062, 6862610.645559418946505 ] ] } },
{ "type": "Feature", "properties": { "id": 1303, "id1": 613, "id2": 2555 }, "geometry": { "type": "LineString", "coordinates": [ [ 653217.001380366971716, 6862650.953930023126304 ], [ 653218.203371823416092, 6862650.620549923740327 ] ] } },
{ "type": "Feature", "properties": { "id": 1304, "id1": 614, "id2": 3121 }, "geometry": { "type": "LineString", "coordinates": [ [ 653150.289526874898002, 6862688.547077258117497 ], [ 653153.690674240817316, 6862688.886349447071552 ] ] } },
{ "type": "Feature", "properties": { "id": 1305, "id1": 615, "id2": 878 }, "geometry": { "type": "LineString", "coordinates": [ [ 653097.86577427550219, 6862735.067345913499594 ], [ 653100.397255133721046, 6862734.351021597161889 ] ] } },
{ "type": "Feature", "properties": { "id": 1306, "id1": 616, "id2": 2232 }, "geometry": { "type": "LineString", "coordinates": [ [ 653003.737947266432457, 6862780.788776852190495 ], [ 653005.341040746541694, 6862783.022975486703217 ] ] } },
{ "type": "Feature", "properties": { "id": 1307, "id1": 617, "id2": 194 }, "geometry": { "type": "LineString", "coordinates": [ [ 653046.608642645645887, 6862848.775038409978151 ], [ 653049.738306603743695, 6862850.004133039154112 ] ] } },
{ "type": "Feature", "properties": { "id": 1308, "id1": 618, "id2": 2231 }, "geometry": { "type": "LineString", "coordinates": [ [ 652923.885259613045491, 6862665.121422440744936 ], [ 652920.793211327167228, 6862663.973798231221735 ] ] } },
{ "type": "Feature", "properties": { "id": 1309, "id1": 619, "id2": 308 }, "geometry": { "type": "LineString", "coordinates": [ [ 652747.022864577360451, 6862441.44977539870888 ], [ 652763.18755491450429, 6862390.415964609012008 ] ] } },
{ "type": "Feature", "properties": { "id": 1312, "id1": 620, "id2": 3255 }, "geometry": { "type": "LineString", "coordinates": [ [ 652837.122173280920833, 6862547.433338311500847 ], [ 652835.044623656896874, 6862548.43593827355653 ] ] } },
{ "type": "Feature", "properties": { "id": 1313, "id1": 621, "id2": 2170 }, "geometry": { "type": "LineString", "coordinates": [ [ 652684.603916747262701, 6862348.007484830915928 ], [ 652683.162171463714913, 6862350.879935830831528 ] ] } },
{ "type": "Feature", "properties": { "id": 1314, "id1": 622, "id2": 2213 }, "geometry": { "type": "LineString", "coordinates": [ [ 652660.520171391544864, 6862297.985105836763978 ], [ 652652.919388998299837, 6862301.598319798707962 ] ] } },
{ "type": "Feature", "properties": { "id": 1315, "id1": 623, "id2": 2778 }, "geometry": { "type": "LineString", "coordinates": [ [ 652779.082564554992132, 6862264.920002494007349 ], [ 652777.23493680160027, 6862264.088757877238095 ] ] } },
{ "type": "Feature", "properties": { "id": 1316, "id1": 624, "id2": 1940 }, "geometry": { "type": "LineString", "coordinates": [ [ 652837.618913396727294, 6862224.473074504174292 ], [ 652838.720116132521071, 6862226.232210741378367 ] ] } },
{ "type": "Feature", "properties": { "id": 1317, "id1": 625, "id2": 888 }, "geometry": { "type": "LineString", "coordinates": [ [ 652870.713833622285165, 6862195.900468430481851 ], [ 652872.362841546186246, 6862195.913311885669827 ] ] } },
{ "type": "Feature", "properties": { "id": 1318, "id1": 626, "id2": 2986 }, "geometry": { "type": "LineString", "coordinates": [ [ 652841.574870086507872, 6862333.431473842822015 ], [ 652854.037841159384698, 6862321.21506371255964 ] ] } },
{ "type": "Feature", "properties": { "id": 1320, "id1": 628, "id2": 1046 }, "geometry": { "type": "LineString", "coordinates": [ [ 653124.420402771909721, 6862890.382368196733296 ], [ 653027.965610551764257, 6862929.881268989294767 ] ] } },
{ "type": "Feature", "properties": { "id": 1323, "id1": 629, "id2": 3167 }, "geometry": { "type": "LineString", "coordinates": [ [ 653269.156105809146538, 6862624.438438335433602 ], [ 653270.818879992468283, 6862622.399443948641419 ] ] } },
{ "type": "Feature", "properties": { "id": 1324, "id1": 630, "id2": 2480 }, "geometry": { "type": "LineString", "coordinates": [ [ 652949.651795091922395, 6862406.182933191768825 ], [ 652948.842875522677787, 6862405.858964625746012 ] ] } },
{ "type": "Feature", "properties": { "id": 1325, "id1": 631, "id2": 2059 }, "geometry": { "type": "LineString", "coordinates": [ [ 652966.989679375081323, 6862035.534033325500786 ], [ 652968.976544800912961, 6862035.989371496252716 ] ] } },
{ "type": "Feature", "properties": { "id": 1326, "id1": 632, "id2": 729 }, "geometry": { "type": "LineString", "coordinates": [ [ 652800.513115711975843, 6862110.357982664369047 ], [ 652800.746362288482487, 6862109.809180129319429 ] ] } },
{ "type": "Feature", "properties": { "id": 1327, "id1": 633, "id2": 1544 }, "geometry": { "type": "LineString", "coordinates": [ [ 652743.728916621766984, 6862143.466865517199039 ], [ 652747.570642141858116, 6862144.062928340397775 ] ] } },
{ "type": "Feature", "properties": { "id": 1328, "id1": 634, "id2": 2724 }, "geometry": { "type": "LineString", "coordinates": [ [ 652691.438591875485145, 6862165.558662160299718 ], [ 652692.47973754548002, 6862167.110573043115437 ] ] } },
{ "type": "Feature", "properties": { "id": 1329, "id1": 635, "id2": 180 }, "geometry": { "type": "LineString", "coordinates": [ [ 652604.994011809118092, 6862213.149962774477899 ], [ 652600.712602873099968, 6862217.854937519878149 ] ] } },
{ "type": "Feature", "properties": { "id": 1330, "id1": 636, "id2": 2176 }, "geometry": { "type": "LineString", "coordinates": [ [ 652667.84458570193965, 6862230.915309468284249 ], [ 652664.58087624842301, 6862233.266434128396213 ] ] } },
{ "type": "Feature", "properties": { "id": 1336, "id1": 640, "id2": 1409 }, "geometry": { "type": "LineString", "coordinates": [ [ 652754.057878236752003, 6861999.471110766753554 ], [ 652762.72237007971853, 6862034.320166919380426 ] ] } },
{ "type": "Feature", "properties": { "id": 1338, "id1": 642, "id2": 390 }, "geometry": { "type": "LineString", "coordinates": [ [ 653033.767786194803193, 6861914.525291870348155 ], [ 653011.999854524736293, 6861936.112784716300666 ] ] } },
{ "type": "Feature", "properties": { "id": 1340, "id1": 643, "id2": 1938 }, "geometry": { "type": "LineString", "coordinates": [ [ 652924.546954481163993, 6861947.766964773647487 ], [ 652935.229001544648781, 6861966.088692147284746 ] ] } },
{ "type": "Feature", "properties": { "id": 1342, "id1": 644, "id2": 409 }, "geometry": { "type": "LineString", "coordinates": [ [ 653031.467225034721196, 6862102.097410715185106 ], [ 652939.610737205948681, 6862201.366674098186195 ] ] } },
{ "type": "Feature", "properties": { "id": 1347, "id1": 645, "id2": 95 }, "geometry": { "type": "LineString", "coordinates": [ [ 652643.797070316853933, 6863336.593695373274386 ], [ 652647.964868757175282, 6863334.978151380084455 ] ] } },
{ "type": "Feature", "properties": { "id": 1348, "id1": 646, "id2": 437 }, "geometry": { "type": "LineString", "coordinates": [ [ 652858.243662818451412, 6861967.496676663868129 ], [ 652848.708214730489999, 6861946.048524132929742 ] ] } },
{ "type": "Feature", "properties": { "id": 1350, "id1": 647, "id2": 538 }, "geometry": { "type": "LineString", "coordinates": [ [ 652810.34232111251913, 6861990.44444558955729 ], [ 652821.03919581824448, 6862012.1205167286098 ] ] } },
{ "type": "Feature", "properties": { "id": 1352, "id1": 648, "id2": 2628 }, "geometry": { "type": "LineString", "coordinates": [ [ 652892.271334409946576, 6862082.985646953806281 ], [ 652895.359547211672179, 6862083.250079444609582 ] ] } },
{ "type": "Feature", "properties": { "id": 1353, "id1": 649, "id2": 1463 }, "geometry": { "type": "LineString", "coordinates": [ [ 653157.395861254073679, 6861984.89603360183537 ], [ 653101.360215794062242, 6861955.413203282281756 ] ] } },
{ "type": "Feature", "properties": { "id": 1357, "id1": 650, "id2": 1885 }, "geometry": { "type": "LineString", "coordinates": [ [ 653680.911886733374558, 6863275.438757461495697 ], [ 653685.996634013601579, 6863263.676716317422688 ] ] } },
{ "type": "Feature", "properties": { "id": 1358, "id1": 651, "id2": 2650 }, "geometry": { "type": "LineString", "coordinates": [ [ 653768.297850423608907, 6863223.092474564909935 ], [ 653765.651648022932932, 6863226.616761710494757 ] ] } },
{ "type": "Feature", "properties": { "id": 1359, "id1": 652, "id2": 2717 }, "geometry": { "type": "LineString", "coordinates": [ [ 653767.106994781643152, 6863108.573714491911232 ], [ 653789.300242676050402, 6863061.479233245365322 ] ] } },
{ "type": "Feature", "properties": { "id": 1361, "id1": 653, "id2": 926 }, "geometry": { "type": "LineString", "coordinates": [ [ 653691.050086410599761, 6863069.502380644902587 ], [ 653696.312557771452703, 6863059.654812654480338 ] ] } },
{ "type": "Feature", "properties": { "id": 1362, "id1": 654, "id2": 114 }, "geometry": { "type": "LineString", "coordinates": [ [ 653642.166151541867293, 6863055.473190194927156 ], [ 653643.329271489055827, 6863055.490401324816048 ] ] } },
{ "type": "Feature", "properties": { "id": 1363, "id1": 655, "id2": 2974 }, "geometry": { "type": "LineString", "coordinates": [ [ 651644.254174367291853, 6861092.242191369645298 ], [ 651640.420154566410929, 6861144.104301823303103 ] ] } },
{ "type": "Feature", "properties": { "id": 1364, "id1": 656, "id2": 1027 }, "geometry": { "type": "LineString", "coordinates": [ [ 653570.258042814093642, 6863238.270398679189384 ], [ 653569.063013643492013, 6863248.76054938044399 ] ] } },
{ "type": "Feature", "properties": { "id": 1366, "id1": 789, "id2": 3327 }, "geometry": { "type": "LineString", "coordinates": [ [ 652269.672719715745188, 6863476.595061273314059 ], [ 652270.979013182921335, 6863476.562852388247848 ] ] } },
{ "type": "Feature", "properties": { "id": 1367, "id1": 657, "id2": 790 }, "geometry": { "type": "LineString", "coordinates": [ [ 653502.992463757051155, 6863176.654848767444491 ], [ 653467.822623231564648, 6863234.358337724581361 ] ] } },
{ "type": "Feature", "properties": { "id": 1369, "id1": 658, "id2": 1275 }, "geometry": { "type": "LineString", "coordinates": [ [ 653458.806817481876351, 6863120.07724919822067 ], [ 653467.489581946399994, 6863177.837044348008931 ] ] } },
{ "type": "Feature", "properties": { "id": 1373, "id1": 660, "id2": 1532 }, "geometry": { "type": "LineString", "coordinates": [ [ 653235.764781529200263, 6863081.257794318720698 ], [ 653239.453677352750674, 6863076.244827260263264 ] ] } },
{ "type": "Feature", "properties": { "id": 1374, "id1": 661, "id2": 1149 }, "geometry": { "type": "LineString", "coordinates": [ [ 653243.670972669264302, 6862984.513139840215445 ], [ 653244.351351327029988, 6862984.810977408662438 ] ] } },
{ "type": "Feature", "properties": { "id": 1375, "id1": 662, "id2": 2049 }, "geometry": { "type": "LineString", "coordinates": [ [ 653319.116911101504229, 6862915.164647862315178 ], [ 653311.584681599168107, 6862864.391615277156234 ] ] } },
{ "type": "Feature", "properties": { "id": 1377, "id1": 663, "id2": 1563 }, "geometry": { "type": "LineString", "coordinates": [ [ 653261.520582521450706, 6862962.98175232950598 ], [ 653262.836150479968637, 6862962.971774132922292 ] ] } },
{ "type": "Feature", "properties": { "id": 1378, "id1": 664, "id2": 749 }, "geometry": { "type": "LineString", "coordinates": [ [ 653263.612858328502625, 6862892.998905423097312 ], [ 653241.046963233617134, 6862901.691334202885628 ] ] } },
{ "type": "Feature", "properties": { "id": 1384, "id1": 666, "id2": 1552 }, "geometry": { "type": "LineString", "coordinates": [ [ 653204.91318861534819, 6862802.624557628296316 ], [ 653210.089387215091847, 6862808.045340972952545 ] ] } },
{ "type": "Feature", "properties": { "id": 1385, "id1": 667, "id2": 1994 }, "geometry": { "type": "LineString", "coordinates": [ [ 653240.299840376712382, 6862776.863505752757192 ], [ 653244.910916296183132, 6862781.206964009441435 ] ] } },
{ "type": "Feature", "properties": { "id": 1386, "id1": 668, "id2": 1281 }, "geometry": { "type": "LineString", "coordinates": [ [ 653352.915994522627443, 6862655.463661751709878 ], [ 653358.876848191255704, 6862661.098573212511837 ] ] } },
{ "type": "Feature", "properties": { "id": 1387, "id1": 669, "id2": 1621 }, "geometry": { "type": "LineString", "coordinates": [ [ 653299.085016719298437, 6862756.471392651088536 ], [ 653304.401482519810088, 6862761.904117885045707 ] ] } },
{ "type": "Feature", "properties": { "id": 1388, "id1": 670, "id2": 963 }, "geometry": { "type": "LineString", "coordinates": [ [ 653365.055361494189128, 6862842.285131555050611 ], [ 653366.438755013281479, 6862843.341542636975646 ] ] } },
{ "type": "Feature", "properties": { "id": 1389, "id1": 671, "id2": 2839 }, "geometry": { "type": "LineString", "coordinates": [ [ 653371.123363606981002, 6862746.846148333512247 ], [ 653372.951617770129815, 6862749.723456474021077 ] ] } },
{ "type": "Feature", "properties": { "id": 1390, "id1": 672, "id2": 410 }, "geometry": { "type": "LineString", "coordinates": [ [ 653331.371692657936364, 6862701.544326699338853 ], [ 653335.382622566539794, 6862705.395490649156272 ] ] } },
{ "type": "Feature", "properties": { "id": 1391, "id1": 673, "id2": 3064 }, "geometry": { "type": "LineString", "coordinates": [ [ 653424.104245241847821, 6862907.663613212294877 ], [ 653425.579097680747509, 6862906.313260610215366 ] ] } },
{ "type": "Feature", "properties": { "id": 1392, "id1": 674, "id2": 123 }, "geometry": { "type": "LineString", "coordinates": [ [ 653447.181753175333142, 6862767.9181392127648 ], [ 653448.370019044843502, 6862768.479395263828337 ] ] } },
{ "type": "Feature", "properties": { "id": 1393, "id1": 675, "id2": 2825 }, "geometry": { "type": "LineString", "coordinates": [ [ 653523.960650585009716, 6862883.13809503801167 ], [ 653523.968671083566733, 6862887.112582674250007 ] ] } },
{ "type": "Feature", "properties": { "id": 1394, "id1": 676, "id2": 2574 }, "geometry": { "type": "LineString", "coordinates": [ [ 653601.228593938052654, 6862911.21734384726733 ], [ 653599.326478368253447, 6862907.044362687505782 ] ] } },
{ "type": "Feature", "properties": { "id": 1396, "id1": 677, "id2": 3291 }, "geometry": { "type": "LineString", "coordinates": [ [ 653634.212393959984183, 6862797.885001354850829 ], [ 653636.219989412697032, 6862798.632444123737514 ] ] } },
{ "type": "Feature", "properties": { "id": 1397, "id1": 678, "id2": 1740 }, "geometry": { "type": "LineString", "coordinates": [ [ 653686.980644343537278, 6862946.42195940669626 ], [ 653688.950462759239599, 6862958.585315957665443 ] ] } },
{ "type": "Feature", "properties": { "id": 1398, "id1": 679, "id2": 643 }, "geometry": { "type": "LineString", "coordinates": [ [ 653780.153932585846633, 6862872.718591152690351 ], [ 653780.368594444589689, 6862878.797172274440527 ] ] } },
{ "type": "Feature", "properties": { "id": 1400, "id1": 680, "id2": 85 }, "geometry": { "type": "LineString", "coordinates": [ [ 653823.538346957415342, 6862993.796028088778257 ], [ 653822.672389065031894, 6862999.386380700394511 ] ] } },
{ "type": "Feature", "properties": { "id": 1401, "id1": 681, "id2": 2563 }, "geometry": { "type": "LineString", "coordinates": [ [ 653863.291818406898528, 6862915.264855595305562 ], [ 653863.984395794104785, 6862915.639791825786233 ] ] } },
{ "type": "Feature", "properties": { "id": 1402, "id1": 790, "id2": 136 }, "geometry": { "type": "LineString", "coordinates": [ [ 652229.026309481239878, 6863481.046213930472732 ], [ 652229.299298737780191, 6863479.091510456055403 ] ] } },
{ "type": "Feature", "properties": { "id": 1403, "id1": 683, "id2": 329 }, "geometry": { "type": "LineString", "coordinates": [ [ 654102.345467232400551, 6863071.835373606532812 ], [ 654015.73295067215804, 6863070.925698595121503 ] ] } },
{ "type": "Feature", "properties": { "id": 1415, "id1": 684, "id2": 81 }, "geometry": { "type": "LineString", "coordinates": [ [ 654460.617922322708182, 6863198.549656354822218 ], [ 654564.204202180029824, 6863236.665671621449292 ] ] } },
{ "type": "Feature", "properties": { "id": 1419, "id1": 685, "id2": 3606 }, "geometry": { "type": "LineString", "coordinates": [ [ 651838.331860132748261, 6862392.450688841752708 ], [ 651822.227611911250278, 6862371.136758771724999 ] ] } },
{ "type": "Feature", "properties": { "id": 1420, "id1": 686, "id2": 354 }, "geometry": { "type": "LineString", "coordinates": [ [ 654193.625847844057716, 6863365.984924430958927 ], [ 654229.596392634673975, 6863304.02771551720798 ] ] } },
{ "type": "Feature", "properties": { "id": 1422, "id1": 687, "id2": 76 }, "geometry": { "type": "LineString", "coordinates": [ [ 654185.340693469392136, 6863590.661800691857934 ], [ 654296.515351160080172, 6863581.884242462925613 ] ] } },
{ "type": "Feature", "properties": { "id": 1428, "id1": 813, "id2": 378 }, "geometry": { "type": "LineString", "coordinates": [ [ 653487.179179405211471, 6864649.256257221102715 ], [ 653489.448193007847294, 6864648.929756562225521 ] ] } },
{ "type": "Feature", "properties": { "id": 1429, "id1": 688, "id2": 3 }, "geometry": { "type": "LineString", "coordinates": [ [ 653912.397052345331758, 6863415.690521920099854 ], [ 653904.054552760440856, 6863484.294903043657541 ] ] } },
{ "type": "Feature", "properties": { "id": 1437, "id1": 689, "id2": 742 }, "geometry": { "type": "LineString", "coordinates": [ [ 652692.048466822016053, 6862991.652160122990608 ], [ 652692.933200500556268, 6862972.440784161910415 ] ] } },
{ "type": "Feature", "properties": { "id": 1442, "id1": 690, "id2": 2770 }, "geometry": { "type": "LineString", "coordinates": [ [ 652702.22703041578643, 6863017.863961383700371 ], [ 652639.886275589698926, 6863022.76724826078862 ] ] } },
{ "type": "Feature", "properties": { "id": 1443, "id1": 691, "id2": 1284 }, "geometry": { "type": "LineString", "coordinates": [ [ 653968.386591587332077, 6863238.457373254932463 ], [ 653898.377941669663414, 6863224.772604385390878 ] ] } },
{ "type": "Feature", "properties": { "id": 1445, "id1": 692, "id2": 2996 }, "geometry": { "type": "LineString", "coordinates": [ [ 653727.92596864211373, 6862847.322980021126568 ], [ 653727.567071903380565, 6862834.537851105444133 ] ] } },
{ "type": "Feature", "properties": { "id": 1446, "id1": 693, "id2": 500 }, "geometry": { "type": "LineString", "coordinates": [ [ 653563.404735041083768, 6863024.319268872961402 ], [ 653578.566346795880236, 6863062.84753951523453 ] ] } },
{ "type": "Feature", "properties": { "id": 1450, "id1": 695, "id2": 433 }, "geometry": { "type": "LineString", "coordinates": [ [ 653355.187836480559781, 6863092.810013672336936 ], [ 653346.698173238080926, 6863209.409490389749408 ] ] } },
{ "type": "Feature", "properties": { "id": 1453, "id1": 696, "id2": 108 }, "geometry": { "type": "LineString", "coordinates": [ [ 654366.751482547726482, 6863431.347379447892308 ], [ 654236.840356082539074, 6863451.118882747367024 ] ] } },
{ "type": "Feature", "properties": { "id": 1461, "id1": 698, "id2": 3443 }, "geometry": { "type": "LineString", "coordinates": [ [ 652737.485710722859949, 6863002.932193799875677 ], [ 652739.798827596474439, 6863018.188445406034589 ] ] } },
{ "type": "Feature", "properties": { "id": 1462, "id1": 699, "id2": 2043 }, "geometry": { "type": "LineString", "coordinates": [ [ 652635.302392624784261, 6862942.145262270234525 ], [ 652649.774270002846606, 6862935.754739894531667 ] ] } },
{ "type": "Feature", "properties": { "id": 1464, "id1": 700, "id2": 937 }, "geometry": { "type": "LineString", "coordinates": [ [ 652611.806592622189783, 6862888.531298073008657 ], [ 652612.823455021949485, 6862889.045849081128836 ] ] } },
{ "type": "Feature", "properties": { "id": 1465, "id1": 701, "id2": 3326 }, "geometry": { "type": "LineString", "coordinates": [ [ 652789.603853182052262, 6862809.663697346113622 ], [ 652795.044559376430698, 6862807.562756602652371 ] ] } },
{ "type": "Feature", "properties": { "id": 1466, "id1": 702, "id2": 1249 }, "geometry": { "type": "LineString", "coordinates": [ [ 652932.02510852587875, 6862883.79252399597317 ], [ 652930.642492792569101, 6862876.512408961541951 ] ] } },
{ "type": "Feature", "properties": { "id": 1467, "id1": 703, "id2": 1669 }, "geometry": { "type": "LineString", "coordinates": [ [ 652839.822822901536711, 6863040.603696326725185 ], [ 652850.283867938793264, 6863071.987390577793121 ] ] } },
{ "type": "Feature", "properties": { "id": 1469, "id1": 779, "id2": 1116 }, "geometry": { "type": "LineString", "coordinates": [ [ 652370.926465233205818, 6863385.55582483112812 ], [ 652374.346381746116094, 6863386.683023485355079 ] ] } },
{ "type": "Feature", "properties": { "id": 1470, "id1": 704, "id2": 3296 }, "geometry": { "type": "LineString", "coordinates": [ [ 652958.593841851688921, 6863005.61963011790067 ], [ 652961.634146452066489, 6863004.21177585516125 ] ] } },
{ "type": "Feature", "properties": { "id": 1471, "id1": 705, "id2": 1659 }, "geometry": { "type": "LineString", "coordinates": [ [ 652883.567617749562487, 6863142.891075777821243 ], [ 652884.41961789294146, 6863143.083325799554586 ] ] } },
{ "type": "Feature", "properties": { "id": 1472, "id1": 706, "id2": 1096 }, "geometry": { "type": "LineString", "coordinates": [ [ 652341.897775306599215, 6863514.374200684949756 ], [ 652344.531890061451122, 6863515.487358546815813 ] ] } },
{ "type": "Feature", "properties": { "id": 1473, "id1": 707, "id2": 649 }, "geometry": { "type": "LineString", "coordinates": [ [ 652960.723895592032932, 6863107.598088646307588 ], [ 652980.580352132325061, 6863065.375882374122739 ] ] } },
{ "type": "Feature", "properties": { "id": 1475, "id1": 708, "id2": 12 }, "geometry": { "type": "LineString", "coordinates": [ [ 653065.075207516318187, 6863073.571509133093059 ], [ 653061.318809950840659, 6863064.166316408663988 ] ] } },
{ "type": "Feature", "properties": { "id": 1477, "id1": 709, "id2": 766 }, "geometry": { "type": "LineString", "coordinates": [ [ 653060.45827581861522, 6863172.384540962986648 ], [ 653042.121847656206228, 6863180.262723888270557 ] ] } },
{ "type": "Feature", "properties": { "id": 1480, "id1": 710, "id2": 2404 }, "geometry": { "type": "LineString", "coordinates": [ [ 653050.669476535520516, 6863297.069203997962177 ], [ 653285.469896107912064, 6863236.905153769999743 ] ] } },
{ "type": "Feature", "properties": { "id": 1483, "id1": 711, "id2": 557 }, "geometry": { "type": "LineString", "coordinates": [ [ 652936.661889019887894, 6863269.79982038307935 ], [ 653076.794312677695416, 6863232.794159808196127 ] ] } },
{ "type": "Feature", "properties": { "id": 1485, "id1": 780, "id2": 1842 }, "geometry": { "type": "LineString", "coordinates": [ [ 652461.087032034061849, 6863421.264390697702765 ], [ 652462.331228036200628, 6863421.674315080977976 ] ] } },
{ "type": "Feature", "properties": { "id": 1486, "id1": 712, "id2": 195 }, "geometry": { "type": "LineString", "coordinates": [ [ 652824.022120547364466, 6863238.591283441521227 ], [ 652825.382211420335807, 6863239.209531077183783 ] ] } },
{ "type": "Feature", "properties": { "id": 1487, "id1": 713, "id2": 2286 }, "geometry": { "type": "LineString", "coordinates": [ [ 652533.216869073337875, 6863349.469890836626291 ], [ 652525.384322498575784, 6863351.924109710380435 ] ] } },
{ "type": "Feature", "properties": { "id": 1490, "id1": 715, "id2": 482 }, "geometry": { "type": "LineString", "coordinates": [ [ 652842.379610405769199, 6863190.747754641808569 ], [ 652819.680813060840592, 6863138.157928729429841 ] ] } },
{ "type": "Feature", "properties": { "id": 1492, "id1": 717, "id2": 2160 }, "geometry": { "type": "LineString", "coordinates": [ [ 652757.309978481614962, 6863067.647485073655844 ], [ 652770.563921980326995, 6863049.090611358173192 ] ] } },
{ "type": "Feature", "properties": { "id": 1494, "id1": 720, "id2": 27 }, "geometry": { "type": "LineString", "coordinates": [ [ 652819.181382858543657, 6862907.685800266452134 ], [ 652865.694629764417186, 6862940.040195317938924 ] ] } },
{ "type": "Feature", "properties": { "id": 1496, "id1": 721, "id2": 603 }, "geometry": { "type": "LineString", "coordinates": [ [ 652609.889519366668537, 6863423.852350777946413 ], [ 652671.984714139485732, 6863404.204033511690795 ] ] } },
{ "type": "Feature", "properties": { "id": 1498, "id1": 781, "id2": 3423 }, "geometry": { "type": "LineString", "coordinates": [ [ 652459.518877313355915, 6863465.762841191142797 ], [ 652457.572685202467255, 6863464.496688455343246 ] ] } },
{ "type": "Feature", "properties": { "id": 1499, "id1": 722, "id2": 804 }, "geometry": { "type": "LineString", "coordinates": [ [ 652591.47908675938379, 6863394.943389073014259 ], [ 652662.442361169843934, 6863374.858226019889116 ] ] } },
{ "type": "Feature", "properties": { "id": 1501, "id1": 723, "id2": 1291 }, "geometry": { "type": "LineString", "coordinates": [ [ 652488.749496856005862, 6863246.55628081317991 ], [ 652495.111778869642876, 6863263.741203249432147 ] ] } },
{ "type": "Feature", "properties": { "id": 1503, "id1": 724, "id2": 1634 }, "geometry": { "type": "LineString", "coordinates": [ [ 652505.748252041754313, 6862982.804993140511215 ], [ 652571.817383098648861, 6863047.494785100221634 ] ] } },
{ "type": "Feature", "properties": { "id": 1506, "id1": 725, "id2": 280 }, "geometry": { "type": "LineString", "coordinates": [ [ 652376.108790106489323, 6862941.006159396842122 ], [ 652365.82120133691933, 6862940.885390969924629 ] ] } },
{ "type": "Feature", "properties": { "id": 1508, "id1": 726, "id2": 9 }, "geometry": { "type": "LineString", "coordinates": [ [ 652481.930410186294466, 6862900.444204829633236 ], [ 652409.370311310980469, 6862891.584608112461865 ] ] } },
{ "type": "Feature", "properties": { "id": 1510, "id1": 727, "id2": 1114 }, "geometry": { "type": "LineString", "coordinates": [ [ 652446.333095557754859, 6862809.62941153999418 ], [ 652455.35287367075216, 6862814.300254514440894 ] ] } },
{ "type": "Feature", "properties": { "id": 1511, "id1": 729, "id2": 852 }, "geometry": { "type": "LineString", "coordinates": [ [ 652577.500698294490576, 6863196.579030213877559 ], [ 652497.505229538073763, 6863159.873243334703147 ] ] } },
{ "type": "Feature", "properties": { "id": 1516, "id1": 730, "id2": 6 }, "geometry": { "type": "LineString", "coordinates": [ [ 652462.867227214737795, 6863069.494035441428423 ], [ 652411.983863652101718, 6863080.961064121685922 ] ] } },
{ "type": "Feature", "properties": { "id": 1523, "id1": 731, "id2": 2477 }, "geometry": { "type": "LineString", "coordinates": [ [ 652455.753299455856904, 6863057.775246666744351 ], [ 652456.629877313040197, 6863051.972866415977478 ] ] } },
{ "type": "Feature", "properties": { "id": 1526, "id1": 734, "id2": 3498 }, "geometry": { "type": "LineString", "coordinates": [ [ 652365.357137071317993, 6862493.373047928325832 ], [ 652368.132691397680901, 6862497.144591651856899 ] ] } },
{ "type": "Feature", "properties": { "id": 1527, "id1": 782, "id2": 20 }, "geometry": { "type": "LineString", "coordinates": [ [ 652939.055130436783656, 6864161.578158366493881 ], [ 652965.545584280975163, 6864156.657657929696143 ] ] } },
{ "type": "Feature", "properties": { "id": 1530, "id1": 735, "id2": 1049 }, "geometry": { "type": "LineString", "coordinates": [ [ 652357.839851763565093, 6862845.022568061947823 ], [ 652337.654545155935921, 6862883.423574986867607 ] ] } },
{ "type": "Feature", "properties": { "id": 1534, "id1": 738, "id2": 2690 }, "geometry": { "type": "LineString", "coordinates": [ [ 652233.201252608327195, 6862245.82805591635406 ], [ 652225.512819693074562, 6862251.034927197732031 ] ] } },
{ "type": "Feature", "properties": { "id": 1535, "id1": 739, "id2": 107 }, "geometry": { "type": "LineString", "coordinates": [ [ 652287.098571081296541, 6862257.253020119853318 ], [ 652292.872883714619093, 6862283.649478898383677 ] ] } },
{ "type": "Feature", "properties": { "id": 1538, "id1": 740, "id2": 1746 }, "geometry": { "type": "LineString", "coordinates": [ [ 652252.42737850046251, 6862299.074570305645466 ], [ 652244.142738287919201, 6862303.67105351574719 ] ] } },
{ "type": "Feature", "properties": { "id": 1539, "id1": 783, "id2": 1763 }, "geometry": { "type": "LineString", "coordinates": [ [ 652350.256109888548963, 6863480.190522744320333 ], [ 652353.145018152543344, 6863480.879223631694913 ] ] } },
{ "type": "Feature", "properties": { "id": 1540, "id1": 743, "id2": 583 }, "geometry": { "type": "LineString", "coordinates": [ [ 652318.505070094950497, 6862606.539931056089699 ], [ 652246.34880770125892, 6862526.686118762940168 ] ] } },
{ "type": "Feature", "properties": { "id": 1545, "id1": 744, "id2": 2244 }, "geometry": { "type": "LineString", "coordinates": [ [ 652321.521668537054211, 6862744.392644110135734 ], [ 652317.200327932136133, 6862727.245771802030504 ] ] } },
{ "type": "Feature", "properties": { "id": 1547, "id1": 745, "id2": 302 }, "geometry": { "type": "LineString", "coordinates": [ [ 652248.925477407523431, 6862444.581329312175512 ], [ 652220.692533390945755, 6862460.536166990175843 ] ] } },
{ "type": "Feature", "properties": { "id": 1550, "id1": 746, "id2": 3433 }, "geometry": { "type": "LineString", "coordinates": [ [ 652214.879999994765967, 6862395.423111418262124 ], [ 652199.204037251183763, 6862401.430837868712842 ] ] } },
{ "type": "Feature", "properties": { "id": 1551, "id1": 747, "id2": 2785 }, "geometry": { "type": "LineString", "coordinates": [ [ 652270.645097204251215, 6862377.995968244038522 ], [ 652268.515823912573978, 6862377.779155367985368 ] ] } },
{ "type": "Feature", "properties": { "id": 1552, "id1": 784, "id2": 3341 }, "geometry": { "type": "LineString", "coordinates": [ [ 652236.181269904132932, 6863544.544595598243177 ], [ 652234.596096509834751, 6863543.776780945248902 ] ] } },
{ "type": "Feature", "properties": { "id": 1553, "id1": 748, "id2": 476 }, "geometry": { "type": "LineString", "coordinates": [ [ 652187.086047240183689, 6862324.278196892701089 ], [ 652171.523742639808916, 6862325.519577567465603 ] ] } },
{ "type": "Feature", "properties": { "id": 1554, "id1": 749, "id2": 1853 }, "geometry": { "type": "LineString", "coordinates": [ [ 652152.407676915870979, 6862217.608946313150227 ], [ 652138.654212784837, 6862222.85434933938086 ] ] } },
{ "type": "Feature", "properties": { "id": 1555, "id1": 752, "id2": 263 }, "geometry": { "type": "LineString", "coordinates": [ [ 652403.373966628336348, 6862605.025717060081661 ], [ 652393.015622655162588, 6862571.924805172719061 ] ] } },
{ "type": "Feature", "properties": { "id": 1557, "id1": 753, "id2": 2559 }, "geometry": { "type": "LineString", "coordinates": [ [ 652318.286820707260631, 6862361.340789418667555 ], [ 652319.712998200906441, 6862362.817937499843538 ] ] } },
{ "type": "Feature", "properties": { "id": 1558, "id1": 755, "id2": 626 }, "geometry": { "type": "LineString", "coordinates": [ [ 651082.83146922767628, 6861404.8187296371907 ], [ 651079.948971883626655, 6861409.325717827305198 ] ] } },
{ "type": "Feature", "properties": { "id": 1559, "id1": 765, "id2": 2731 }, "geometry": { "type": "LineString", "coordinates": [ [ 652220.418520862003788, 6862701.807938342913985 ], [ 652244.01996825565584, 6862696.539775761775672 ] ] } },
{ "type": "Feature", "properties": { "id": 1561, "id1": 756, "id2": 2413 }, "geometry": { "type": "LineString", "coordinates": [ [ 652439.880209548049606, 6862710.826528104022145 ], [ 652431.799657017574646, 6862682.966067866422236 ] ] } },
{ "type": "Feature", "properties": { "id": 1562, "id1": 757, "id2": 198 }, "geometry": { "type": "LineString", "coordinates": [ [ 652167.842188118956983, 6863063.897844127379358 ], [ 652168.839713233755901, 6863064.551813586615026 ] ] } },
{ "type": "Feature", "properties": { "id": 1563, "id1": 758, "id2": 1203 }, "geometry": { "type": "LineString", "coordinates": [ [ 652149.889256556867622, 6863001.374683978036046 ], [ 652148.945923715247773, 6863003.701090609654784 ] ] } },
{ "type": "Feature", "properties": { "id": 1564, "id1": 759, "id2": 3447 }, "geometry": { "type": "LineString", "coordinates": [ [ 652143.176523775327951, 6862958.918321431614459 ], [ 652138.741115663666278, 6862960.150936968624592 ] ] } },
{ "type": "Feature", "properties": { "id": 1565, "id1": 760, "id2": 1870 }, "geometry": { "type": "LineString", "coordinates": [ [ 652106.95514520118013, 6862906.179455420002341 ], [ 652114.428156900336035, 6862923.645112034864724 ] ] } },
{ "type": "Feature", "properties": { "id": 1567, "id1": 761, "id2": 861 }, "geometry": { "type": "LineString", "coordinates": [ [ 652101.664727849769406, 6862823.149569123052061 ], [ 652087.593585052178241, 6862833.508941344916821 ] ] } },
{ "type": "Feature", "properties": { "id": 1569, "id1": 762, "id2": 2728 }, "geometry": { "type": "LineString", "coordinates": [ [ 652167.447001590277068, 6862808.376492353156209 ], [ 652203.553398549789563, 6862830.964793391525745 ] ] } },
{ "type": "Feature", "properties": { "id": 1573, "id1": 763, "id2": 3383 }, "geometry": { "type": "LineString", "coordinates": [ [ 652120.284493368235417, 6862742.724610581994057 ], [ 652113.305431037093513, 6862754.021399298682809 ] ] } },
{ "type": "Feature", "properties": { "id": 1576, "id1": 767, "id2": 2097 }, "geometry": { "type": "LineString", "coordinates": [ [ 652212.179202470928431, 6862805.220953326672316 ], [ 652214.397294685360976, 6862809.463192324154079 ] ] } },
{ "type": "Feature", "properties": { "id": 1577, "id1": 771, "id2": 190 }, "geometry": { "type": "LineString", "coordinates": [ [ 652227.816120537696406, 6862883.736669954843819 ], [ 652299.235156084643677, 6862843.935808178968728 ] ] } },
{ "type": "Feature", "properties": { "id": 1579, "id1": 772, "id2": 115 }, "geometry": { "type": "LineString", "coordinates": [ [ 652270.204919399344362, 6862955.624733925797045 ], [ 652271.03414902894292, 6862955.509846369735897 ] ] } },
{ "type": "Feature", "properties": { "id": 1580, "id1": 773, "id2": 2105 }, "geometry": { "type": "LineString", "coordinates": [ [ 652355.375482667819597, 6863419.878683650866151 ], [ 652357.648604172165506, 6863420.721076926216483 ] ] } },
{ "type": "Feature", "properties": { "id": 1581, "id1": 774, "id2": 1569 }, "geometry": { "type": "LineString", "coordinates": [ [ 652286.667963887564838, 6863031.792242207564414 ], [ 652288.721373450942338, 6863031.929042400792241 ] ] } },
{ "type": "Feature", "properties": { "id": 1582, "id1": 775, "id2": 638 }, "geometry": { "type": "LineString", "coordinates": [ [ 652312.490927767124958, 6863107.242745556868613 ], [ 652315.555639113415964, 6863107.380936063826084 ] ] } },
{ "type": "Feature", "properties": { "id": 1583, "id1": 776, "id2": 1952 }, "geometry": { "type": "LineString", "coordinates": [ [ 652185.743621418485418, 6863144.817049541510642 ], [ 652186.867309196968563, 6863145.238500393927097 ] ] } },
{ "type": "Feature", "properties": { "id": 1584, "id1": 777, "id2": 1464 }, "geometry": { "type": "LineString", "coordinates": [ [ 652305.654486563522369, 6863211.940293884836137 ], [ 652307.141382417874411, 6863163.692958681844175 ] ] } },
{ "type": "Feature", "properties": { "id": 1588, "id1": 778, "id2": 2236 }, "geometry": { "type": "LineString", "coordinates": [ [ 652326.59579047805164, 6863344.351003491319716 ], [ 652330.386436497210525, 6863347.483609809540212 ] ] } },
{ "type": "Feature", "properties": { "id": 1589, "id1": 791, "id2": 3651 }, "geometry": { "type": "LineString", "coordinates": [ [ 652172.754955268930644, 6863487.292710471898317 ], [ 652173.979703353601508, 6863488.069095874205232 ] ] } },
{ "type": "Feature", "properties": { "id": 1590, "id1": 792, "id2": 1624 }, "geometry": { "type": "LineString", "coordinates": [ [ 652228.534249842399731, 6863415.14467625785619 ], [ 652227.578179595642723, 6863414.975246737711132 ] ] } },
{ "type": "Feature", "properties": { "id": 1591, "id1": 793, "id2": 1183 }, "geometry": { "type": "LineString", "coordinates": [ [ 652211.035024240612984, 6863355.356955608353019 ], [ 652213.494417721754871, 6863355.744219772517681 ] ] } },
{ "type": "Feature", "properties": { "id": 1592, "id1": 794, "id2": 225 }, "geometry": { "type": "LineString", "coordinates": [ [ 652218.948323341784999, 6863286.26985636446625 ], [ 652218.408832494984381, 6863287.855057455599308 ] ] } },
{ "type": "Feature", "properties": { "id": 1593, "id1": 795, "id2": 497 }, "geometry": { "type": "LineString", "coordinates": [ [ 652163.88173714093864, 6863247.821717849932611 ], [ 652157.034591899253428, 6863211.799261985346675 ] ] } },
{ "type": "Feature", "properties": { "id": 1595, "id1": 796, "id2": 3276 }, "geometry": { "type": "LineString", "coordinates": [ [ 652384.363281273050234, 6863466.964814987033606 ], [ 652385.62769198382739, 6863467.189997120760381 ] ] } },
{ "type": "Feature", "properties": { "id": 1596, "id1": 797, "id2": 3434 }, "geometry": { "type": "LineString", "coordinates": [ [ 652406.321377225103788, 6863342.286067676730454 ], [ 652411.686121797072701, 6863349.018056053668261 ] ] } },
{ "type": "Feature", "properties": { "id": 1597, "id1": 798, "id2": 3601 }, "geometry": { "type": "LineString", "coordinates": [ [ 652332.270265434286557, 6863296.32436749432236 ], [ 652337.131797776324674, 6863296.721430928446352 ] ] } },
{ "type": "Feature", "properties": { "id": 1598, "id1": 799, "id2": 2070 }, "geometry": { "type": "LineString", "coordinates": [ [ 652286.891786494292319, 6863320.903284825384617 ], [ 652289.241189782391302, 6863321.68118907045573 ] ] } },
{ "type": "Feature", "properties": { "id": 1599, "id1": 812, "id2": 2106 }, "geometry": { "type": "LineString", "coordinates": [ [ 653309.932004662463441, 6864670.209630893543363 ], [ 653308.970607201801613, 6864668.335379077121615 ] ] } },
{ "type": "Feature", "properties": { "id": 1600, "id1": 800, "id2": 1594 }, "geometry": { "type": "LineString", "coordinates": [ [ 652746.055984688107856, 6863916.824515151791275 ], [ 652730.20851582637988, 6863887.685362150892615 ] ] } },
{ "type": "Feature", "properties": { "id": 1602, "id1": 801, "id2": 2805 }, "geometry": { "type": "LineString", "coordinates": [ [ 652938.586465381202288, 6864105.798454070463777 ], [ 652943.089545074501075, 6864104.03682061098516 ] ] } },
{ "type": "Feature", "properties": { "id": 1603, "id1": 802, "id2": 1559 }, "geometry": { "type": "LineString", "coordinates": [ [ 652811.286829859483987, 6864080.726235182024539 ], [ 652868.396596970036626, 6864074.328055007383227 ] ] } },
{ "type": "Feature", "properties": { "id": 1610, "id1": 803, "id2": 264 }, "geometry": { "type": "LineString", "coordinates": [ [ 653488.840840228251182, 6864545.288218084722757 ], [ 653489.567388397175819, 6864545.41748779732734 ] ] } },
{ "type": "Feature", "properties": { "id": 1611, "id1": 804, "id2": 109 }, "geometry": { "type": "LineString", "coordinates": [ [ 652823.618929864605889, 6864184.620144671760499 ], [ 652808.178753289277665, 6864150.388970501720905 ] ] } },
{ "type": "Feature", "properties": { "id": 1613, "id1": 805, "id2": 30 }, "geometry": { "type": "LineString", "coordinates": [ [ 652995.609363008639775, 6864433.740865550003946 ], [ 652855.01939782127738, 6864353.657132076099515 ] ] } },
{ "type": "Feature", "properties": { "id": 1619, "id1": 806, "id2": 877 }, "geometry": { "type": "LineString", "coordinates": [ [ 653111.079549846006557, 6865058.511122639290988 ], [ 653155.261679819668643, 6865036.673839470371604 ] ] } },
{ "type": "Feature", "properties": { "id": 1622, "id1": 807, "id2": 2305 }, "geometry": { "type": "LineString", "coordinates": [ [ 653046.060528574744239, 6864815.702786834910512 ], [ 653042.439041844918393, 6865026.32021034322679 ] ] } },
{ "type": "Feature", "properties": { "id": 1627, "id1": 808, "id2": 446 }, "geometry": { "type": "LineString", "coordinates": [ [ 653119.424770787823945, 6864703.641393560916185 ], [ 653119.855103088077158, 6864699.410045526921749 ] ] } },
{ "type": "Feature", "properties": { "id": 1628, "id1": 809, "id2": 2597 }, "geometry": { "type": "LineString", "coordinates": [ [ 653233.134105905774049, 6864779.437746544368565 ], [ 653236.299138378584757, 6864772.472209258936346 ] ] } },
{ "type": "Feature", "properties": { "id": 1629, "id1": 810, "id2": 449 }, "geometry": { "type": "LineString", "coordinates": [ [ 653262.843270257581025, 6864981.310304188169539 ], [ 653206.950791040202603, 6864924.202462224289775 ] ] } },
{ "type": "Feature", "properties": { "id": 1633, "id1": 811, "id2": 2458 }, "geometry": { "type": "LineString", "coordinates": [ [ 653437.552369358949363, 6864772.909022654406726 ], [ 653438.901732287602499, 6864773.405191191472113 ] ] } },
{ "type": "Feature", "properties": { "id": 1634, "id1": 814, "id2": 756 }, "geometry": { "type": "LineString", "coordinates": [ [ 653531.283679550280795, 6865030.439069652929902 ], [ 653479.048614285653457, 6865051.5283691752702 ] ] } },
{ "type": "Feature", "properties": { "id": 1636, "id1": 815, "id2": 235 }, "geometry": { "type": "LineString", "coordinates": [ [ 653400.962217597523704, 6864881.268583389930427 ], [ 653316.846442198147997, 6864786.848872508853674 ] ] } },
{ "type": "Feature", "properties": { "id": 1639, "id1": 816, "id2": 182 }, "geometry": { "type": "LineString", "coordinates": [ [ 652858.439388940576464, 6863902.282412140630186 ], [ 652929.482294755754992, 6864038.124539829790592 ] ] } },
{ "type": "Feature", "properties": { "id": 1644, "id1": 817, "id2": 781 }, "geometry": { "type": "LineString", "coordinates": [ [ 652680.616074954392388, 6863626.394008584320545 ], [ 652658.635611742734909, 6863715.427431705407798 ] ] } },
{ "type": "Feature", "properties": { "id": 1647, "id1": 818, "id2": 1063 }, "geometry": { "type": "LineString", "coordinates": [ [ 653444.738330112188123, 6864466.931456532329321 ], [ 653445.240017634816468, 6864467.297730520367622 ] ] } },
{ "type": "Feature", "properties": { "id": 1648, "id1": 819, "id2": 443 }, "geometry": { "type": "LineString", "coordinates": [ [ 653372.440354191814549, 6864572.85899421479553 ], [ 653374.181575690163299, 6864573.707138664089143 ] ] } },
{ "type": "Feature", "properties": { "id": 1649, "id1": 837, "id2": 2985 }, "geometry": { "type": "LineString", "coordinates": [ [ 653385.790066372370347, 6863581.709730224683881 ], [ 653387.947350811562501, 6863611.012390636838973 ] ] } },
{ "type": "Feature", "properties": { "id": 1652, "id1": 850, "id2": 2870 }, "geometry": { "type": "LineString", "coordinates": [ [ 653748.096448633586988, 6864607.713164706714451 ], [ 653749.423152656527236, 6864610.038836383260787 ] ] } },
{ "type": "Feature", "properties": { "id": 1653, "id1": 820, "id2": 167 }, "geometry": { "type": "LineString", "coordinates": [ [ 653477.575649716891348, 6864125.067278759554029 ], [ 653515.629755768342875, 6864169.41041857842356 ] ] } },
{ "type": "Feature", "properties": { "id": 1655, "id1": 821, "id2": 2765 }, "geometry": { "type": "LineString", "coordinates": [ [ 653298.089418143150397, 6864417.413107824511826 ], [ 653303.855248317704536, 6864417.528035723604262 ] ] } },
{ "type": "Feature", "properties": { "id": 1656, "id1": 822, "id2": 3024 }, "geometry": { "type": "LineString", "coordinates": [ [ 653401.997508670203388, 6864338.32940280251205 ], [ 653402.994888020679355, 6864337.799990754574537 ] ] } },
{ "type": "Feature", "properties": { "id": 1657, "id1": 823, "id2": 1118 }, "geometry": { "type": "LineString", "coordinates": [ [ 653032.887209431850351, 6863910.847674296237528 ], [ 653096.848073706147261, 6863943.690730397589505 ] ] } },
{ "type": "Feature", "properties": { "id": 1658, "id1": 824, "id2": 57 }, "geometry": { "type": "LineString", "coordinates": [ [ 653109.652349307201803, 6863962.758467200212181 ], [ 652933.843132924404927, 6863899.393743648193777 ] ] } },
{ "type": "Feature", "properties": { "id": 1663, "id1": 825, "id2": 3645 }, "geometry": { "type": "LineString", "coordinates": [ [ 653367.394456889946014, 6863923.064043134450912 ], [ 653368.308848729357123, 6863923.918176364153624 ] ] } },
{ "type": "Feature", "properties": { "id": 1664, "id1": 826, "id2": 462 }, "geometry": { "type": "LineString", "coordinates": [ [ 653028.202532072551548, 6863816.232462253421545 ], [ 653075.805687731364742, 6863817.339182229712605 ] ] } },
{ "type": "Feature", "properties": { "id": 1668, "id1": 827, "id2": 1111 }, "geometry": { "type": "LineString", "coordinates": [ [ 653332.440743057755753, 6863340.473911426961422 ], [ 653266.746264586457983, 6863342.946422282606363 ] ] } },
{ "type": "Feature", "properties": { "id": 1670, "id1": 828, "id2": 1771 }, "geometry": { "type": "LineString", "coordinates": [ [ 653309.733924287138507, 6863841.515152243897319 ], [ 653312.822030144627206, 6863841.72186195012182 ] ] } },
{ "type": "Feature", "properties": { "id": 1671, "id1": 829, "id2": 3248 }, "geometry": { "type": "LineString", "coordinates": [ [ 653331.324685196974315, 6863795.025010623969138 ], [ 653332.393798235105351, 6863795.562971933744848 ] ] } },
{ "type": "Feature", "properties": { "id": 1672, "id1": 838, "id2": 2593 }, "geometry": { "type": "LineString", "coordinates": [ [ 653451.089151391992345, 6863388.384537282399833 ], [ 653474.485693075810559, 6863399.122913062572479 ] ] } },
{ "type": "Feature", "properties": { "id": 1674, "id1": 859, "id2": 3159 }, "geometry": { "type": "LineString", "coordinates": [ [ 651974.503313215915114, 6862299.404992866329849 ], [ 651980.624223652179353, 6862299.435686519369483 ] ] } },
{ "type": "Feature", "properties": { "id": 1675, "id1": 830, "id2": 238 }, "geometry": { "type": "LineString", "coordinates": [ [ 653188.965098384302109, 6863765.409791994839907 ], [ 653140.001705772127025, 6863734.5996811138466 ] ] } },
{ "type": "Feature", "properties": { "id": 1678, "id1": 831, "id2": 101 }, "geometry": { "type": "LineString", "coordinates": [ [ 652923.6755429005716, 6863522.60444063320756 ], [ 652897.131317277555354, 6863535.644716051407158 ] ] } },
{ "type": "Feature", "properties": { "id": 1681, "id1": 832, "id2": 675 }, "geometry": { "type": "LineString", "coordinates": [ [ 652889.744530279189348, 6863403.542388388887048 ], [ 652884.009893533890136, 6863406.31386299803853 ] ] } },
{ "type": "Feature", "properties": { "id": 1682, "id1": 833, "id2": 2547 }, "geometry": { "type": "LineString", "coordinates": [ [ 653142.280152698978782, 6863397.210874740965664 ], [ 653143.051120315562002, 6863398.561016642488539 ] ] } },
{ "type": "Feature", "properties": { "id": 1683, "id1": 834, "id2": 540 }, "geometry": { "type": "LineString", "coordinates": [ [ 653209.211916012456641, 6863479.568418138660491 ], [ 653238.058710068464279, 6863413.960633739829063 ] ] } },
{ "type": "Feature", "properties": { "id": 1688, "id1": 835, "id2": 2324 }, "geometry": { "type": "LineString", "coordinates": [ [ 653288.874277504743077, 6863727.051293816417456 ], [ 653290.648289898759685, 6863727.179557681083679 ] ] } },
{ "type": "Feature", "properties": { "id": 1689, "id1": 836, "id2": 132 }, "geometry": { "type": "LineString", "coordinates": [ [ 653259.682575949816965, 6863553.461019949056208 ], [ 653244.745257244328968, 6863575.635800255462527 ] ] } },
{ "type": "Feature", "properties": { "id": 1691, "id1": 839, "id2": 461 }, "geometry": { "type": "LineString", "coordinates": [ [ 653669.341442589997314, 6863864.837432200089097 ], [ 653824.765796157182194, 6863793.673635794781148 ] ] } },
{ "type": "Feature", "properties": { "id": 1699, "id1": 840, "id2": 2865 }, "geometry": { "type": "LineString", "coordinates": [ [ 653474.79486870218534, 6863706.965001166798174 ], [ 653522.052777337958105, 6863694.288141599856317 ] ] } },
{ "type": "Feature", "properties": { "id": 1700, "id1": 841, "id2": 3061 }, "geometry": { "type": "LineString", "coordinates": [ [ 653447.322769459453411, 6863827.084851562045515 ], [ 653448.229799476335756, 6863826.622261077165604 ] ] } },
{ "type": "Feature", "properties": { "id": 1701, "id1": 842, "id2": 2285 }, "geometry": { "type": "LineString", "coordinates": [ [ 653615.71970400668215, 6863550.895884998142719 ], [ 653616.883711173664778, 6863548.557250280864537 ] ] } },
{ "type": "Feature", "properties": { "id": 1702, "id1": 843, "id2": 508 }, "geometry": { "type": "LineString", "coordinates": [ [ 653834.508610719698481, 6863585.046221745200455 ], [ 653911.772099407040514, 6863590.94516128115356 ] ] } },
{ "type": "Feature", "properties": { "id": 1706, "id1": 844, "id2": 1302 }, "geometry": { "type": "LineString", "coordinates": [ [ 654111.272215916658752, 6863730.848633823916316 ], [ 654103.124507950036786, 6863717.788790767081082 ] ] } },
{ "type": "Feature", "properties": { "id": 1708, "id1": 845, "id2": 296 }, "geometry": { "type": "LineString", "coordinates": [ [ 653953.854372456436977, 6863910.711361515335739 ], [ 653943.921552557265386, 6863889.6412861533463 ] ] } },
{ "type": "Feature", "properties": { "id": 1717, "id1": 846, "id2": 1108 }, "geometry": { "type": "LineString", "coordinates": [ [ 653928.180589035036974, 6864109.575752953067422 ], [ 653913.690678597195074, 6864120.154706427827477 ] ] } },
{ "type": "Feature", "properties": { "id": 1719, "id1": 847, "id2": 2150 }, "geometry": { "type": "LineString", "coordinates": [ [ 653762.087972989189439, 6864153.652859604917467 ], [ 653759.703610443742946, 6864152.49747696518898 ] ] } },
{ "type": "Feature", "properties": { "id": 1720, "id1": 848, "id2": 1401 }, "geometry": { "type": "LineString", "coordinates": [ [ 653851.768101644003764, 6864266.487737454473972 ], [ 653862.821267668507062, 6864252.074859266169369 ] ] } },
{ "type": "Feature", "properties": { "id": 1723, "id1": 849, "id2": 419 }, "geometry": { "type": "LineString", "coordinates": [ [ 653767.169155839364976, 6864250.730084982700646 ], [ 653764.172929418971762, 6864250.390541932545602 ] ] } },
{ "type": "Feature", "properties": { "id": 1724, "id1": 851, "id2": 1319 }, "geometry": { "type": "LineString", "coordinates": [ [ 653579.619031435460784, 6864768.114486550912261 ], [ 653580.940861668437719, 6864768.195076296105981 ] ] } },
{ "type": "Feature", "properties": { "id": 1725, "id1": 852, "id2": 710 }, "geometry": { "type": "LineString", "coordinates": [ [ 653657.694984613335691, 6864931.367413563653827 ], [ 653659.682549715274945, 6864930.834991425275803 ] ] } },
{ "type": "Feature", "properties": { "id": 1726, "id1": 853, "id2": 989 }, "geometry": { "type": "LineString", "coordinates": [ [ 653649.187844585045241, 6864385.159650912508368 ], [ 653646.277188446023501, 6864320.722621875815094 ] ] } },
{ "type": "Feature", "properties": { "id": 1729, "id1": 854, "id2": 119 }, "geometry": { "type": "LineString", "coordinates": [ [ 653187.187080339761451, 6864195.072154463268816 ], [ 653240.477994494372979, 6864324.682441614568233 ] ] } },
{ "type": "Feature", "properties": { "id": 1739, "id1": 855, "id2": 1968 }, "geometry": { "type": "LineString", "coordinates": [ [ 653010.86593411420472, 6863668.034474922344089 ], [ 653131.587501801201142, 6863628.274198042228818 ] ] } },
{ "type": "Feature", "properties": { "id": 1749, "id1": 857, "id2": 1287 }, "geometry": { "type": "LineString", "coordinates": [ [ 652053.584861403214745, 6862231.923280171118677 ], [ 652067.38346766482573, 6862270.87554579321295 ] ] } },
{ "type": "Feature", "properties": { "id": 1751, "id1": 858, "id2": 879 }, "geometry": { "type": "LineString", "coordinates": [ [ 651940.507764039328322, 6862261.54210514947772 ], [ 651944.256654996657744, 6862259.155549116432667 ] ] } },
{ "type": "Feature", "properties": { "id": 1752, "id1": 860, "id2": 3398 }, "geometry": { "type": "LineString", "coordinates": [ [ 651897.180348403984681, 6862295.740828230977058 ], [ 651902.769096450181678, 6862297.919081741012633 ] ] } },
{ "type": "Feature", "properties": { "id": 1753, "id1": 861, "id2": 64 }, "geometry": { "type": "LineString", "coordinates": [ [ 651836.187440953450277, 6862322.589380615390837 ], [ 651838.114843733143061, 6862302.303798355162144 ] ] } },
{ "type": "Feature", "properties": { "id": 1756, "id1": 862, "id2": 1949 }, "geometry": { "type": "LineString", "coordinates": [ [ 651778.995709250797518, 6862420.990789231844246 ], [ 651775.537185091641732, 6862416.932701437734067 ] ] } },
{ "type": "Feature", "properties": { "id": 1757, "id1": 863, "id2": 3671 }, "geometry": { "type": "LineString", "coordinates": [ [ 651697.927740127663128, 6862418.621454521082342 ], [ 651685.512025878182612, 6862397.207118350081146 ] ] } },
{ "type": "Feature", "properties": { "id": 1758, "id1": 864, "id2": 1179 }, "geometry": { "type": "LineString", "coordinates": [ [ 651632.772341149509884, 6862411.115288070403039 ], [ 651622.57227135647554, 6862407.752580914646387 ] ] } },
{ "type": "Feature", "properties": { "id": 1759, "id1": 865, "id2": 3054 }, "geometry": { "type": "LineString", "coordinates": [ [ 651637.638945958344266, 6862322.611804792657495 ], [ 651641.878759134910069, 6862320.80691884085536 ] ] } },
{ "type": "Feature", "properties": { "id": 1761, "id1": 867, "id2": 3505 }, "geometry": { "type": "LineString", "coordinates": [ [ 651738.394041570136324, 6862284.220746903680265 ], [ 651751.649495034827851, 6862339.688749575987458 ] ] } },
{ "type": "Feature", "properties": { "id": 1764, "id1": 869, "id2": 297 }, "geometry": { "type": "LineString", "coordinates": [ [ 651868.920502941473387, 6862233.47483220603317 ], [ 651869.752518185065128, 6862232.197310636751354 ] ] } },
{ "type": "Feature", "properties": { "id": 1765, "id1": 870, "id2": 2498 }, "geometry": { "type": "LineString", "coordinates": [ [ 651992.785033597960137, 6862183.20656521152705 ], [ 652032.304123489535414, 6862171.177820422686636 ] ] } },
{ "type": "Feature", "properties": { "id": 1768, "id1": 873, "id2": 1531 }, "geometry": { "type": "LineString", "coordinates": [ [ 651978.86389099562075, 6862241.999953661113977 ], [ 651983.393906896701083, 6862246.16073907725513 ] ] } },
{ "type": "Feature", "properties": { "id": 1769, "id1": 874, "id2": 3297 }, "geometry": { "type": "LineString", "coordinates": [ [ 651786.024361536838114, 6862731.352783433161676 ], [ 651787.262454962241463, 6862732.119135921820998 ] ] } },
{ "type": "Feature", "properties": { "id": 1770, "id1": 875, "id2": 3307 }, "geometry": { "type": "LineString", "coordinates": [ [ 651843.509384272852913, 6862732.427683776244521 ], [ 651987.774600871489383, 6862669.503253297880292 ] ] } },
{ "type": "Feature", "properties": { "id": 1772, "id1": 877, "id2": 1314 }, "geometry": { "type": "LineString", "coordinates": [ [ 652130.395386035204865, 6862385.197765609249473 ], [ 652131.431645017000847, 6862382.445613507181406 ] ] } },
{ "type": "Feature", "properties": { "id": 1773, "id1": 878, "id2": 1073 }, "geometry": { "type": "LineString", "coordinates": [ [ 651738.900178277515806, 6862770.274304226972163 ], [ 651761.552191285183653, 6862788.665481833741069 ] ] } },
{ "type": "Feature", "properties": { "id": 1774, "id1": 879, "id2": 1012 }, "geometry": { "type": "LineString", "coordinates": [ [ 651654.61759894026909, 6862780.585827986709774 ], [ 651694.149758028099313, 6862818.869400409050286 ] ] } },
{ "type": "Feature", "properties": { "id": 1777, "id1": 880, "id2": 2138 }, "geometry": { "type": "LineString", "coordinates": [ [ 651808.644956634379923, 6862894.79905662778765 ], [ 651835.657992983353324, 6862922.615405131131411 ] ] } },
{ "type": "Feature", "properties": { "id": 1779, "id1": 881, "id2": 3564 }, "geometry": { "type": "LineString", "coordinates": [ [ 651625.325914743007161, 6862857.335945229046047 ], [ 651633.774309015716426, 6862868.401241320185363 ] ] } },
{ "type": "Feature", "properties": { "id": 1780, "id1": 882, "id2": 2987 }, "geometry": { "type": "LineString", "coordinates": [ [ 651629.052271270775236, 6863016.383319452404976 ], [ 651630.844281313125975, 6863016.904399768449366 ] ] } },
{ "type": "Feature", "properties": { "id": 1781, "id1": 883, "id2": 401 }, "geometry": { "type": "LineString", "coordinates": [ [ 651606.324816063046455, 6863058.648153160698712 ], [ 651607.92311180755496, 6863059.085868342779577 ] ] } },
{ "type": "Feature", "properties": { "id": 1782, "id1": 884, "id2": 3611 }, "geometry": { "type": "LineString", "coordinates": [ [ 651564.17065236880444, 6863000.816691377200186 ], [ 651540.226766212494113, 6862954.622658226639032 ] ] } },
{ "type": "Feature", "properties": { "id": 1783, "id1": 885, "id2": 874 }, "geometry": { "type": "LineString", "coordinates": [ [ 651536.762980709783733, 6862851.741401390172541 ], [ 651512.195608157315291, 6862795.665708835236728 ] ] } },
{ "type": "Feature", "properties": { "id": 1785, "id1": 886, "id2": 3675 }, "geometry": { "type": "LineString", "coordinates": [ [ 651494.68336370808538, 6862721.55194163043052 ], [ 651490.845139112556353, 6862726.081993285566568 ] ] } },
{ "type": "Feature", "properties": { "id": 1786, "id1": 887, "id2": 1395 }, "geometry": { "type": "LineString", "coordinates": [ [ 651556.353727485984564, 6862685.966526151634753 ], [ 651558.015344950254075, 6862685.998953202739358 ] ] } },
{ "type": "Feature", "properties": { "id": 1787, "id1": 888, "id2": 451 }, "geometry": { "type": "LineString", "coordinates": [ [ 651651.212649968103506, 6862670.023576431907713 ], [ 651641.240651322295889, 6862673.661773870699108 ] ] } },
{ "type": "Feature", "properties": { "id": 1788, "id1": 889, "id2": 2940 }, "geometry": { "type": "LineString", "coordinates": [ [ 651718.930478107300587, 6862714.391853572800756 ], [ 651732.18974085606169, 6862705.785107211209834 ] ] } },
{ "type": "Feature", "properties": { "id": 1789, "id1": 890, "id2": 2587 }, "geometry": { "type": "LineString", "coordinates": [ [ 651728.582507921033539, 6862632.317548539489508 ], [ 651722.928866734495386, 6862632.069091331213713 ] ] } },
{ "type": "Feature", "properties": { "id": 1790, "id1": 891, "id2": 2087 }, "geometry": { "type": "LineString", "coordinates": [ [ 651790.018186888541095, 6862618.379186714068055 ], [ 651788.562858293182217, 6862612.183716228231788 ] ] } },
{ "type": "Feature", "properties": { "id": 1793, "id1": 894, "id2": 2902 }, "geometry": { "type": "LineString", "coordinates": [ [ 651382.25251871754881, 6863637.318711197003722 ], [ 651383.730195455020294, 6863638.078734200447798 ] ] } },
{ "type": "Feature", "properties": { "id": 1794, "id1": 895, "id2": 1349 }, "geometry": { "type": "LineString", "coordinates": [ [ 651983.75010815972928, 6862339.502693932503462 ], [ 651995.359212509240024, 6862322.607767669484019 ] ] } },
{ "type": "Feature", "properties": { "id": 1795, "id1": 896, "id2": 387 }, "geometry": { "type": "LineString", "coordinates": [ [ 652033.782892444403842, 6862354.210300339385867 ], [ 652032.211717972299084, 6862353.767684759572148 ] ] } },
{ "type": "Feature", "properties": { "id": 1796, "id1": 897, "id2": 1478 }, "geometry": { "type": "LineString", "coordinates": [ [ 652055.127795138978399, 6862383.209328835830092 ], [ 652051.974836354725994, 6862380.878680724650621 ] ] } },
{ "type": "Feature", "properties": { "id": 1798, "id1": 898, "id2": 1564 }, "geometry": { "type": "LineString", "coordinates": [ [ 651992.794950148672797, 6862412.800633564591408 ], [ 651992.485478774877265, 6862415.613036026246846 ] ] } },
{ "type": "Feature", "properties": { "id": 1800, "id1": 900, "id2": 2814 }, "geometry": { "type": "LineString", "coordinates": [ [ 651931.320757806650363, 6862454.56090978346765 ], [ 651937.908229350461625, 6862456.214068624190986 ] ] } },
{ "type": "Feature", "properties": { "id": 1802, "id1": 901, "id2": 367 }, "geometry": { "type": "LineString", "coordinates": [ [ 651875.468158182920888, 6862483.179349578917027 ], [ 651876.918752714293078, 6862487.800741549581289 ] ] } },
{ "type": "Feature", "properties": { "id": 1803, "id1": 902, "id2": 674 }, "geometry": { "type": "LineString", "coordinates": [ [ 652065.142349988338538, 6862312.043635622598231 ], [ 652084.483932098839432, 6862321.830765274353325 ] ] } },
{ "type": "Feature", "properties": { "id": 1806, "id1": 903, "id2": 3462 }, "geometry": { "type": "LineString", "coordinates": [ [ 651805.967446668306366, 6862507.92734114639461 ], [ 651807.449257209547795, 6862510.267696219496429 ] ] } },
{ "type": "Feature", "properties": { "id": 1807, "id1": 904, "id2": 1427 }, "geometry": { "type": "LineString", "coordinates": [ [ 651699.392179640009999, 6862493.269273246638477 ], [ 651718.20580569410231, 6862509.765843668952584 ] ] } },
{ "type": "Feature", "properties": { "id": 1809, "id1": 905, "id2": 1728 }, "geometry": { "type": "LineString", "coordinates": [ [ 651645.600385065190494, 6862485.21732032764703 ], [ 651660.895469778799452, 6862530.506920172832906 ] ] } },
{ "type": "Feature", "properties": { "id": 1811, "id1": 906, "id2": 1804 }, "geometry": { "type": "LineString", "coordinates": [ [ 651707.202670321566984, 6862559.259061609394848 ], [ 651709.392112931236625, 6862559.677132871933281 ] ] } },
{ "type": "Feature", "properties": { "id": 1812, "id1": 907, "id2": 3320 }, "geometry": { "type": "LineString", "coordinates": [ [ 651631.326143826707266, 6862580.157645083963871 ], [ 651620.026200701016933, 6862579.134527845308185 ] ] } },
{ "type": "Feature", "properties": { "id": 1816, "id1": 910, "id2": 3231 }, "geometry": { "type": "LineString", "coordinates": [ [ 652449.101511163637042, 6863699.009225874207914 ], [ 652450.803047546418384, 6863699.438045776449144 ] ] } },
{ "type": "Feature", "properties": { "id": 1817, "id1": 911, "id2": 3473 }, "geometry": { "type": "LineString", "coordinates": [ [ 651554.58810807869304, 6862599.611201133579016 ], [ 651563.569023617077619, 6862608.886643951758742 ] ] } },
{ "type": "Feature", "properties": { "id": 1818, "id1": 912, "id2": 1392 }, "geometry": { "type": "LineString", "coordinates": [ [ 651498.450160165433772, 6862608.581210798583925 ], [ 651449.341357685043477, 6862657.356352519243956 ] ] } },
{ "type": "Feature", "properties": { "id": 1819, "id1": 913, "id2": 732 }, "geometry": { "type": "LineString", "coordinates": [ [ 651453.041695670923218, 6862625.391515398398042 ], [ 651357.636520513449796, 6862500.288550307974219 ] ] } },
{ "type": "Feature", "properties": { "id": 1825, "id1": 916, "id2": 1414 }, "geometry": { "type": "LineString", "coordinates": [ [ 652125.554830929730088, 6862346.142856111750007 ], [ 652126.446703342255205, 6862345.849578912369907 ] ] } },
{ "type": "Feature", "properties": { "id": 1826, "id1": 917, "id2": 1242 }, "geometry": { "type": "LineString", "coordinates": [ [ 652118.2343836146174, 6862458.575453625060618 ], [ 652123.320305844885297, 6862458.230213847011328 ] ] } },
{ "type": "Feature", "properties": { "id": 1827, "id1": 919, "id2": 381 }, "geometry": { "type": "LineString", "coordinates": [ [ 652040.607174667879008, 6862522.758735210634768 ], [ 652076.385750207351521, 6862519.207860176451504 ] ] } },
{ "type": "Feature", "properties": { "id": 1831, "id1": 1023, "id2": 1724 }, "geometry": { "type": "LineString", "coordinates": [ [ 651060.323854491580278, 6863260.281133851967752 ], [ 651059.679059045738541, 6863261.170066018588841 ] ] } },
{ "type": "Feature", "properties": { "id": 1835, "id1": 926, "id2": 1044 }, "geometry": { "type": "LineString", "coordinates": [ [ 652203.420142409857363, 6862661.908945708535612 ], [ 652229.456565207336098, 6862649.970057046972215 ] ] } },
{ "type": "Feature", "properties": { "id": 1837, "id1": 927, "id2": 845 }, "geometry": { "type": "LineString", "coordinates": [ [ 652174.275757652008906, 6862624.63751932233572 ], [ 652214.51909301429987, 6862611.073381711728871 ] ] } },
{ "type": "Feature", "properties": { "id": 1839, "id1": 928, "id2": 625 }, "geometry": { "type": "LineString", "coordinates": [ [ 652152.358902981854044, 6862567.432041647844017 ], [ 652202.252907230518758, 6862582.930627897381783 ] ] } },
{ "type": "Feature", "properties": { "id": 1842, "id1": 935, "id2": 334 }, "geometry": { "type": "LineString", "coordinates": [ [ 652002.241185429156758, 6863121.09548897575587 ], [ 652008.084926366456784, 6863117.54507133923471 ] ] } },
{ "type": "Feature", "properties": { "id": 1843, "id1": 929, "id2": 1303 }, "geometry": { "type": "LineString", "coordinates": [ [ 652114.821037770598195, 6862418.655686122365296 ], [ 652083.791415904997848, 6862419.595096585340798 ] ] } },
{ "type": "Feature", "properties": { "id": 1845, "id1": 930, "id2": 424 }, "geometry": { "type": "LineString", "coordinates": [ [ 652017.05282563471701, 6863534.069183386862278 ], [ 652018.803464060416445, 6863535.1035301303491 ] ] } },
{ "type": "Feature", "properties": { "id": 1846, "id1": 931, "id2": 2039 }, "geometry": { "type": "LineString", "coordinates": [ [ 651895.204041051212698, 6863577.483679654076695 ], [ 651910.190045533003286, 6863627.007456860505044 ] ] } },
{ "type": "Feature", "properties": { "id": 1848, "id1": 932, "id2": 1939 }, "geometry": { "type": "LineString", "coordinates": [ [ 651907.315783042693511, 6863443.302821421995759 ], [ 651908.183187530725263, 6863442.882041253149509 ] ] } },
{ "type": "Feature", "properties": { "id": 1849, "id1": 933, "id2": 2247 }, "geometry": { "type": "LineString", "coordinates": [ [ 651910.444118149462156, 6863384.449995637871325 ], [ 651914.4364701686427, 6863382.029049922712147 ] ] } },
{ "type": "Feature", "properties": { "id": 1850, "id1": 934, "id2": 1238 }, "geometry": { "type": "LineString", "coordinates": [ [ 651908.282692376873456, 6863315.41383642423898 ], [ 651902.263850345043465, 6863276.925967698916793 ] ] } },
{ "type": "Feature", "properties": { "id": 1852, "id1": 936, "id2": 226 }, "geometry": { "type": "LineString", "coordinates": [ [ 652004.483178435824811, 6863073.89374176133424 ], [ 652007.534587115165778, 6863066.331344186328351 ] ] } },
{ "type": "Feature", "properties": { "id": 1853, "id1": 937, "id2": 2665 }, "geometry": { "type": "LineString", "coordinates": [ [ 652036.634825986227952, 6863198.594946155324578 ], [ 652103.131716323783621, 6863264.738986872136593 ] ] } },
{ "type": "Feature", "properties": { "id": 1855, "id1": 938, "id2": 618 }, "geometry": { "type": "LineString", "coordinates": [ [ 652009.030411767074838, 6863264.186484542675316 ], [ 651946.788589178118855, 6863236.102997176349163 ] ] } },
{ "type": "Feature", "properties": { "id": 1857, "id1": 939, "id2": 2681 }, "geometry": { "type": "LineString", "coordinates": [ [ 652055.627813237602822, 6863363.984237659722567 ], [ 652040.760501776705496, 6863360.194086128845811 ] ] } },
{ "type": "Feature", "properties": { "id": 1859, "id1": 940, "id2": 1945 }, "geometry": { "type": "LineString", "coordinates": [ [ 652100.703880596556701, 6863501.30773161817342 ], [ 652101.564410190563649, 6863502.116998136974871 ] ] } },
{ "type": "Feature", "properties": { "id": 1860, "id1": 941, "id2": 2781 }, "geometry": { "type": "LineString", "coordinates": [ [ 651913.524342884775251, 6862582.775315785780549 ], [ 651909.910015272907913, 6862572.116512299515307 ] ] } },
{ "type": "Feature", "properties": { "id": 1863, "id1": 943, "id2": 1052 }, "geometry": { "type": "LineString", "coordinates": [ [ 651430.70356775727123, 6863666.429102880880237 ], [ 651431.102825175155886, 6863662.223079975694418 ] ] } },
{ "type": "Feature", "properties": { "id": 1865, "id1": 945, "id2": 1262 }, "geometry": { "type": "LineString", "coordinates": [ [ 651957.995805579586886, 6862808.373675551265478 ], [ 651958.74794374674093, 6862808.375240507535636 ] ] } },
{ "type": "Feature", "properties": { "id": 1866, "id1": 946, "id2": 1975 }, "geometry": { "type": "LineString", "coordinates": [ [ 652019.908000273164362, 6862881.301296815276146 ], [ 652054.0107434859965, 6862932.600113527849317 ] ] } },
{ "type": "Feature", "properties": { "id": 1868, "id1": 947, "id2": 2853 }, "geometry": { "type": "LineString", "coordinates": [ [ 652007.476897431537509, 6862999.451624172739685 ], [ 652013.083411731175147, 6863001.086989219300449 ] ] } },
{ "type": "Feature", "properties": { "id": 1869, "id1": 956, "id2": 3599 }, "geometry": { "type": "LineString", "coordinates": [ [ 652258.563574662432075, 6863875.649640598334372 ], [ 652258.632205146481283, 6863874.136803586967289 ] ] } },
{ "type": "Feature", "properties": { "id": 1870, "id1": 948, "id2": 215 }, "geometry": { "type": "LineString", "coordinates": [ [ 651894.569962421664968, 6862862.058805039152503 ], [ 651896.22583330841735, 6862863.790567414835095 ] ] } },
{ "type": "Feature", "properties": { "id": 1872, "id1": 950, "id2": 1492 }, "geometry": { "type": "LineString", "coordinates": [ [ 651852.382824579020962, 6862601.257617301307619 ], [ 651849.494720357703045, 6862591.077250414527953 ] ] } },
{ "type": "Feature", "properties": { "id": 1874, "id1": 952, "id2": 318 }, "geometry": { "type": "LineString", "coordinates": [ [ 652428.806222911109217, 6863608.96104571223259 ], [ 652488.502758259885013, 6863579.480256531387568 ] ] } },
{ "type": "Feature", "properties": { "id": 1876, "id1": 953, "id2": 3202 }, "geometry": { "type": "LineString", "coordinates": [ [ 652232.247984164510854, 6863669.407935990951955 ], [ 652234.328110277187079, 6863668.787580151110888 ] ] } },
{ "type": "Feature", "properties": { "id": 1877, "id1": 954, "id2": 3006 }, "geometry": { "type": "LineString", "coordinates": [ [ 652243.936762346187606, 6863754.859303366392851 ], [ 652246.86446991446428, 6863755.051686218008399 ] ] } },
{ "type": "Feature", "properties": { "id": 1878, "id1": 955, "id2": 958 }, "geometry": { "type": "LineString", "coordinates": [ [ 652471.260704918531701, 6863820.40209215413779 ], [ 652471.257775386562571, 6863821.197592090815306 ] ] } },
{ "type": "Feature", "properties": { "id": 1879, "id1": 957, "id2": 2298 }, "geometry": { "type": "LineString", "coordinates": [ [ 652276.653303735307418, 6864054.649536123499274 ], [ 652268.226035697502084, 6864048.899596210569143 ] ] } },
{ "type": "Feature", "properties": { "id": 1881, "id1": 958, "id2": 1907 }, "geometry": { "type": "LineString", "coordinates": [ [ 652461.443698970717378, 6864010.48620330542326 ], [ 652463.314675381523557, 6864011.101171817630529 ] ] } },
{ "type": "Feature", "properties": { "id": 1882, "id1": 959, "id2": 3328 }, "geometry": { "type": "LineString", "coordinates": [ [ 652615.28600044734776, 6863950.575731771066785 ], [ 652615.237447877763771, 6863950.036625436507165 ] ] } },
{ "type": "Feature", "properties": { "id": 1883, "id1": 960, "id2": 1689 }, "geometry": { "type": "LineString", "coordinates": [ [ 652304.861668417463079, 6864185.903497367165983 ], [ 652303.822250058641657, 6864186.907504769973457 ] ] } },
{ "type": "Feature", "properties": { "id": 1884, "id1": 961, "id2": 2928 }, "geometry": { "type": "LineString", "coordinates": [ [ 651754.142155446810648, 6863216.03080378472805 ], [ 651754.071857401169837, 6863215.186312820762396 ] ] } },
{ "type": "Feature", "properties": { "id": 1885, "id1": 962, "id2": 1051 }, "geometry": { "type": "LineString", "coordinates": [ [ 651320.98688388755545, 6863239.324922047555447 ], [ 651322.493039077729918, 6863239.865224606357515 ] ] } },
{ "type": "Feature", "properties": { "id": 1886, "id1": 963, "id2": 106 }, "geometry": { "type": "LineString", "coordinates": [ [ 652591.163484729011543, 6864612.278037266805768 ], [ 652722.487686445587315, 6864613.83866466768086 ] ] } },
{ "type": "Feature", "properties": { "id": 1940, "id1": 964, "id2": 577 }, "geometry": { "type": "LineString", "coordinates": [ [ 651736.995125671266578, 6862945.863719599321485 ], [ 651730.347722496371716, 6862945.242045759223402 ] ] } },
{ "type": "Feature", "properties": { "id": 1942, "id1": 966, "id2": 399 }, "geometry": { "type": "LineString", "coordinates": [ [ 651864.017674450995401, 6863041.120792639441788 ], [ 651875.326612371602096, 6863048.317301746457815 ] ] } },
{ "type": "Feature", "properties": { "id": 1944, "id1": 967, "id2": 346 }, "geometry": { "type": "LineString", "coordinates": [ [ 651805.298607716220431, 6863093.571154393255711 ], [ 651779.899389449390583, 6863082.495863979682326 ] ] } },
{ "type": "Feature", "properties": { "id": 1946, "id1": 968, "id2": 1911 }, "geometry": { "type": "LineString", "coordinates": [ [ 651787.123390908353031, 6863155.220138783566654 ], [ 651774.973195839789696, 6863148.438213922083378 ] ] } },
{ "type": "Feature", "properties": { "id": 1948, "id1": 969, "id2": 593 }, "geometry": { "type": "LineString", "coordinates": [ [ 651348.654121595085599, 6863328.131023039110005 ], [ 651349.672393475892022, 6863328.345348152332008 ] ] } },
{ "type": "Feature", "properties": { "id": 1949, "id1": 970, "id2": 92 }, "geometry": { "type": "LineString", "coordinates": [ [ 651775.445187032571994, 6863317.126129521988332 ], [ 651814.755650362698361, 6863356.961721796542406 ] ] } },
{ "type": "Feature", "properties": { "id": 1951, "id1": 971, "id2": 179 }, "geometry": { "type": "LineString", "coordinates": [ [ 651777.282665552571416, 6863420.20424623042345 ], [ 651777.001126122893766, 6863422.964230262674391 ] ] } },
{ "type": "Feature", "properties": { "id": 1952, "id1": 979, "id2": 943 }, "geometry": { "type": "LineString", "coordinates": [ [ 651178.96321590768639, 6863589.577939447015524 ], [ 651180.252879384323023, 6863589.132577468641102 ] ] } },
{ "type": "Feature", "properties": { "id": 1953, "id1": 980, "id2": 1307 }, "geometry": { "type": "LineString", "coordinates": [ [ 651173.243517139926553, 6863498.476441667415202 ], [ 651171.275866796029732, 6863486.539775244891644 ] ] } },
{ "type": "Feature", "properties": { "id": 1955, "id1": 972, "id2": 850 }, "geometry": { "type": "LineString", "coordinates": [ [ 651605.334599718335085, 6863247.113666967488825 ], [ 651648.46571696549654, 6863202.084314843639731 ] ] } },
{ "type": "Feature", "properties": { "id": 1958, "id1": 973, "id2": 830 }, "geometry": { "type": "LineString", "coordinates": [ [ 651606.586820582742803, 6863123.595664993859828 ], [ 651606.635256604407914, 6863125.966263603419065 ] ] } },
{ "type": "Feature", "properties": { "id": 1959, "id1": 974, "id2": 1074 }, "geometry": { "type": "LineString", "coordinates": [ [ 651631.950764714507386, 6863097.530633294023573 ], [ 651634.949035770841874, 6863098.086270357482135 ] ] } },
{ "type": "Feature", "properties": { "id": 1960, "id1": 975, "id2": 102 }, "geometry": { "type": "LineString", "coordinates": [ [ 651232.198371532023884, 6863319.714878126978874 ], [ 651274.010980073362589, 6863315.157689237035811 ] ] } },
{ "type": "Feature", "properties": { "id": 1963, "id1": 976, "id2": 2230 }, "geometry": { "type": "LineString", "coordinates": [ [ 651405.489480699878186, 6863310.114054749719799 ], [ 651406.520780515857041, 6863308.816706250421703 ] ] } },
{ "type": "Feature", "properties": { "id": 1964, "id1": 977, "id2": 2504 }, "geometry": { "type": "LineString", "coordinates": [ [ 651683.869581844774075, 6862992.063917915336788 ], [ 651681.750399503973313, 6862989.854038601741195 ] ] } },
{ "type": "Feature", "properties": { "id": 1965, "id1": 978, "id2": 1898 }, "geometry": { "type": "LineString", "coordinates": [ [ 651249.33281722816173, 6863603.38956135045737 ], [ 651249.951776812202297, 6863603.85130937024951 ] ] } },
{ "type": "Feature", "properties": { "id": 1966, "id1": 981, "id2": 74 }, "geometry": { "type": "LineString", "coordinates": [ [ 651112.984506776207127, 6863463.298192442394793 ], [ 651059.658981337677687, 6863434.27011984679848 ] ] } },
{ "type": "Feature", "properties": { "id": 1969, "id1": 982, "id2": 683 }, "geometry": { "type": "LineString", "coordinates": [ [ 651033.322755963192321, 6863359.687966263853014 ], [ 651031.973337773699313, 6863357.402108936570585 ] ] } },
{ "type": "Feature", "properties": { "id": 1970, "id1": 983, "id2": 666 }, "geometry": { "type": "LineString", "coordinates": [ [ 651097.999805791536346, 6863337.778575899079442 ], [ 651065.881455880007707, 6863313.839775218628347 ] ] } },
{ "type": "Feature", "properties": { "id": 1972, "id1": 984, "id2": 1774 }, "geometry": { "type": "LineString", "coordinates": [ [ 651376.577850367059, 6863234.433146137744188 ], [ 651379.831495562219061, 6863228.50499601662159 ] ] } },
{ "type": "Feature", "properties": { "id": 1974, "id1": 985, "id2": 282 }, "geometry": { "type": "LineString", "coordinates": [ [ 651404.168104889104143, 6863374.864058715291321 ], [ 651403.374702537432313, 6863375.204570896923542 ] ] } },
{ "type": "Feature", "properties": { "id": 1975, "id1": 986, "id2": 201 }, "geometry": { "type": "LineString", "coordinates": [ [ 651662.522948204539716, 6863462.465322506614029 ], [ 651684.098352236207575, 6863436.689729428850114 ] ] } },
{ "type": "Feature", "properties": { "id": 1980, "id1": 987, "id2": 1131 }, "geometry": { "type": "LineString", "coordinates": [ [ 651520.801944605540484, 6863455.219670124351978 ], [ 651506.831027996377088, 6863419.767323390580714 ] ] } },
{ "type": "Feature", "properties": { "id": 1983, "id1": 988, "id2": 863 }, "geometry": { "type": "LineString", "coordinates": [ [ 651591.320460786344483, 6863549.365336839109659 ], [ 651581.014060465968214, 6863550.342858588322997 ] ] } },
{ "type": "Feature", "properties": { "id": 1985, "id1": 989, "id2": 3481 }, "geometry": { "type": "LineString", "coordinates": [ [ 651702.095362227992155, 6863552.088602228090167 ], [ 651703.40473498951178, 6863552.573227855376899 ] ] } },
{ "type": "Feature", "properties": { "id": 1986, "id1": 990, "id2": 702 }, "geometry": { "type": "LineString", "coordinates": [ [ 651674.215903352946043, 6863642.81577774323523 ], [ 651620.303467947524041, 6863655.42057893704623 ] ] } },
{ "type": "Feature", "properties": { "id": 1988, "id1": 991, "id2": 883 }, "geometry": { "type": "LineString", "coordinates": [ [ 651519.555580130312592, 6863685.758575791493058 ], [ 651521.207504835445434, 6863686.421969400718808 ] ] } },
{ "type": "Feature", "properties": { "id": 1989, "id1": 992, "id2": 3147 }, "geometry": { "type": "LineString", "coordinates": [ [ 651494.856347560533322, 6863629.70710170827806 ], [ 651495.75943463400472, 6863630.346311594359577 ] ] } },
{ "type": "Feature", "properties": { "id": 1990, "id1": 993, "id2": 3576 }, "geometry": { "type": "LineString", "coordinates": [ [ 651408.645165414898656, 6863589.88516715541482 ], [ 651410.107744168839417, 6863589.994161579757929 ] ] } },
{ "type": "Feature", "properties": { "id": 1991, "id1": 994, "id2": 2164 }, "geometry": { "type": "LineString", "coordinates": [ [ 651442.782916987431236, 6863536.706109361723065 ], [ 651442.681423419504426, 6863538.250447195954621 ] ] } },
{ "type": "Feature", "properties": { "id": 1992, "id1": 995, "id2": 1016 }, "geometry": { "type": "LineString", "coordinates": [ [ 651415.778325971565209, 6863441.857914848253131 ], [ 651404.002370543312281, 6863435.220931574702263 ] ] } },
{ "type": "Feature", "properties": { "id": 1994, "id1": 996, "id2": 725 }, "geometry": { "type": "LineString", "coordinates": [ [ 651321.7566338845063, 6863548.954478717409074 ], [ 651316.241584610193968, 6863448.642489767633379 ] ] } },
{ "type": "Feature", "properties": { "id": 1996, "id1": 997, "id2": 896 }, "geometry": { "type": "LineString", "coordinates": [ [ 651239.600607655011117, 6863479.500505743548274 ], [ 651228.051371346111409, 6863460.492045065388083 ] ] } },
{ "type": "Feature", "properties": { "id": 1999, "id1": 998, "id2": 385 }, "geometry": { "type": "LineString", "coordinates": [ [ 651996.386380943818949, 6863724.763405058532953 ], [ 652095.096700884751044, 6863699.838236637413502 ] ] } },
{ "type": "Feature", "properties": { "id": 2001, "id1": 999, "id2": 2545 }, "geometry": { "type": "LineString", "coordinates": [ [ 651869.142185364384204, 6863930.13183103594929 ], [ 651901.98387482506223, 6863907.39885382540524 ] ] } },
{ "type": "Feature", "properties": { "id": 2003, "id1": 1000, "id2": 906 }, "geometry": { "type": "LineString", "coordinates": [ [ 652033.43189066380728, 6863871.595227633602917 ], [ 651892.591721751843579, 6863844.132801113650203 ] ] } },
{ "type": "Feature", "properties": { "id": 2009, "id1": 1001, "id2": 1497 }, "geometry": { "type": "LineString", "coordinates": [ [ 651858.480614733533002, 6864068.374808376654983 ], [ 651858.833613033639267, 6864066.37460864149034 ] ] } },
{ "type": "Feature", "properties": { "id": 2010, "id1": 1002, "id2": 397 }, "geometry": { "type": "LineString", "coordinates": [ [ 652045.287401921581477, 6864078.847548158839345 ], [ 652092.418184718932025, 6864074.750971504487097 ] ] } },
{ "type": "Feature", "properties": { "id": 2014, "id1": 1003, "id2": 440 }, "geometry": { "type": "LineString", "coordinates": [ [ 651988.383609954151325, 6864225.161565804854035 ], [ 651980.894221960334107, 6864204.662300564348698 ] ] } },
{ "type": "Feature", "properties": { "id": 2017, "id1": 1004, "id2": 233 }, "geometry": { "type": "LineString", "coordinates": [ [ 652162.947264371206984, 6864229.365297645330429 ], [ 652164.341972959926352, 6864229.770767507143319 ] ] } },
{ "type": "Feature", "properties": { "id": 2018, "id1": 1005, "id2": 1703 }, "geometry": { "type": "LineString", "coordinates": [ [ 652101.643851756583899, 6864205.192620486952364 ], [ 652102.171969769289717, 6864205.64869640301913 ] ] } },
{ "type": "Feature", "properties": { "id": 2019, "id1": 1006, "id2": 309 }, "geometry": { "type": "LineString", "coordinates": [ [ 652071.86966184026096, 6864334.128789119422436 ], [ 652165.1082966204267, 6864341.162503933534026 ] ] } },
{ "type": "Feature", "properties": { "id": 2026, "id1": 1007, "id2": 1200 }, "geometry": { "type": "LineString", "coordinates": [ [ 651194.403426033561118, 6863184.494020676240325 ], [ 651196.435123326256871, 6863184.883256760425866 ] ] } },
{ "type": "Feature", "properties": { "id": 2027, "id1": 1008, "id2": 632 }, "geometry": { "type": "LineString", "coordinates": [ [ 652151.64338029443752, 6864549.017464363947511 ], [ 652110.581214382429607, 6864688.967929209582508 ] ] } },
{ "type": "Feature", "properties": { "id": 2036, "id1": 1009, "id2": 859 }, "geometry": { "type": "LineString", "coordinates": [ [ 652202.908040942857042, 6864862.503752273507416 ], [ 652209.407382936216891, 6864964.186396728269756 ] ] } },
{ "type": "Feature", "properties": { "id": 2039, "id1": 1010, "id2": 423 }, "geometry": { "type": "LineString", "coordinates": [ [ 651622.684672703268006, 6864799.33327207993716 ], [ 651604.527203474077396, 6864862.056969070807099 ] ] } },
{ "type": "Feature", "properties": { "id": 2043, "id1": 1011, "id2": 56 }, "geometry": { "type": "LineString", "coordinates": [ [ 651875.958889527246356, 6864875.498193929903209 ], [ 652065.426841026288457, 6864920.387242493219674 ] ] } },
{ "type": "Feature", "properties": { "id": 2051, "id1": 1012, "id2": 147 }, "geometry": { "type": "LineString", "coordinates": [ [ 651761.043624702142552, 6864396.263923142105341 ], [ 651766.454090664046817, 6864507.294827811419964 ] ] } },
{ "type": "Feature", "properties": { "id": 2063, "id1": 1013, "id2": 952 }, "geometry": { "type": "LineString", "coordinates": [ [ 651672.984340862603858, 6864194.656770474277437 ], [ 651699.889452538685873, 6864217.588004640303552 ] ] } },
{ "type": "Feature", "properties": { "id": 2067, "id1": 1014, "id2": 900 }, "geometry": { "type": "LineString", "coordinates": [ [ 651786.641009540646337, 6864143.751052869483829 ], [ 651749.757810932351276, 6864151.462542680092156 ] ] } },
{ "type": "Feature", "properties": { "id": 2070, "id1": 1015, "id2": 1958 }, "geometry": { "type": "LineString", "coordinates": [ [ 651363.249056385830045, 6863024.663949111476541 ], [ 651362.657876774203032, 6863020.954050498083234 ] ] } },
{ "type": "Feature", "properties": { "id": 2071, "id1": 1016, "id2": 1252 }, "geometry": { "type": "LineString", "coordinates": [ [ 651474.95443359692581, 6862885.100497148931026 ], [ 651443.702185027301311, 6862778.892137800343335 ] ] } },
{ "type": "Feature", "properties": { "id": 2073, "id1": 1017, "id2": 2400 }, "geometry": { "type": "LineString", "coordinates": [ [ 651328.752251346246339, 6863144.604748694226146 ], [ 651328.876549443230033, 6863146.417471038177609 ] ] } },
{ "type": "Feature", "properties": { "id": 2074, "id1": 1018, "id2": 352 }, "geometry": { "type": "LineString", "coordinates": [ [ 651303.33457749534864, 6863098.559844650328159 ], [ 651303.32299754221458, 6863099.604221979156137 ] ] } },
{ "type": "Feature", "properties": { "id": 2075, "id1": 1019, "id2": 1424 }, "geometry": { "type": "LineString", "coordinates": [ [ 651266.996745124692097, 6863031.45360606815666 ], [ 651262.662852197187021, 6863024.434925223700702 ] ] } },
{ "type": "Feature", "properties": { "id": 2076, "id1": 1020, "id2": 636 }, "geometry": { "type": "LineString", "coordinates": [ [ 651208.868541548261419, 6863074.807618421502411 ], [ 651206.174304021173157, 6863084.806685074232519 ] ] } },
{ "type": "Feature", "properties": { "id": 2077, "id1": 1021, "id2": 3280 }, "geometry": { "type": "LineString", "coordinates": [ [ 651243.042746551218443, 6863167.059853507205844 ], [ 651244.236361978459172, 6863167.292058885097504 ] ] } },
{ "type": "Feature", "properties": { "id": 2078, "id1": 1022, "id2": 2171 }, "geometry": { "type": "LineString", "coordinates": [ [ 651147.942947879899293, 6863153.756272593513131 ], [ 651110.452834256575443, 6863154.080003814771771 ] ] } },
{ "type": "Feature", "properties": { "id": 2081, "id1": 1024, "id2": 370 }, "geometry": { "type": "LineString", "coordinates": [ [ 650890.535477021592669, 6863193.817528680898249 ], [ 650890.466950702597387, 6863194.242383164353669 ] ] } },
{ "type": "Feature", "properties": { "id": 2082, "id1": 1025, "id2": 73 }, "geometry": { "type": "LineString", "coordinates": [ [ 650979.441146021476015, 6863202.299778253771365 ], [ 650980.466624975204468, 6863204.208918045274913 ] ] } },
{ "type": "Feature", "properties": { "id": 2083, "id1": 1026, "id2": 757 }, "geometry": { "type": "LineString", "coordinates": [ [ 651016.595221176976338, 6863159.939045405946672 ], [ 651016.08968582644593, 6863158.147327033802867 ] ] } },
{ "type": "Feature", "properties": { "id": 2084, "id1": 1027, "id2": 3676 }, "geometry": { "type": "LineString", "coordinates": [ [ 650957.564260867773555, 6863054.192913988605142 ], [ 650958.337322775041685, 6863054.941468236967921 ] ] } },
{ "type": "Feature", "properties": { "id": 2085, "id1": 1028, "id2": 303 }, "geometry": { "type": "LineString", "coordinates": [ [ 651474.20043644006364, 6863948.358422925695777 ], [ 651474.907660569064319, 6863947.592691101133823 ] ] } },
{ "type": "Feature", "properties": { "id": 2086, "id1": 1029, "id2": 84 }, "geometry": { "type": "LineString", "coordinates": [ [ 651030.703202662407421, 6863096.954917578957975 ], [ 651031.510587346623652, 6863096.901109179481864 ] ] } },
{ "type": "Feature", "properties": { "id": 2087, "id1": 1040, "id2": 3262 }, "geometry": { "type": "LineString", "coordinates": [ [ 651242.401270627276972, 6862832.330067237839103 ], [ 651229.855737696401775, 6862810.748864124529064 ] ] } },
{ "type": "Feature", "properties": { "id": 2089, "id1": 1041, "id2": 148 }, "geometry": { "type": "LineString", "coordinates": [ [ 651245.289692732156254, 6862803.825625491328537 ], [ 651252.127223744988441, 6862816.753672112710774 ] ] } },
{ "type": "Feature", "properties": { "id": 2090, "id1": 1049, "id2": 1861 }, "geometry": { "type": "LineString", "coordinates": [ [ 651138.315506634418853, 6864513.506959822960198 ], [ 651202.681053687818348, 6864625.755499021150172 ] ] } },
{ "type": "Feature", "properties": { "id": 2093, "id1": 1030, "id2": 2565 }, "geometry": { "type": "LineString", "coordinates": [ [ 651079.189219023683108, 6862995.548483163118362 ], [ 651109.538322394015267, 6862946.268756886012852 ] ] } },
{ "type": "Feature", "properties": { "id": 2097, "id1": 1032, "id2": 2350 }, "geometry": { "type": "LineString", "coordinates": [ [ 651126.379482916556299, 6863068.699474243447185 ], [ 651156.199030554620549, 6862994.580307900905609 ] ] } },
{ "type": "Feature", "properties": { "id": 2100, "id1": 1035, "id2": 1190 }, "geometry": { "type": "LineString", "coordinates": [ [ 651217.37666402105242, 6862942.072220181114972 ], [ 651199.673416503006592, 6862923.758367398753762 ] ] } },
{ "type": "Feature", "properties": { "id": 2102, "id1": 1038, "id2": 1609 }, "geometry": { "type": "LineString", "coordinates": [ [ 651210.8992368405452, 6862715.121356431394815 ], [ 651218.745115632656962, 6862703.906776911579072 ] ] } },
{ "type": "Feature", "properties": { "id": 2105, "id1": 1039, "id2": 1024 }, "geometry": { "type": "LineString", "coordinates": [ [ 651258.343182335840538, 6862916.839646430686116 ], [ 651344.365085694240406, 6863050.102492521516979 ] ] } },
{ "type": "Feature", "properties": { "id": 2109, "id1": 1042, "id2": 1276 }, "geometry": { "type": "LineString", "coordinates": [ [ 651397.345720975543372, 6862919.369549519382417 ], [ 651401.285479169106111, 6862927.602925004437566 ] ] } },
{ "type": "Feature", "properties": { "id": 2110, "id1": 1043, "id2": 1582 }, "geometry": { "type": "LineString", "coordinates": [ [ 651497.9160702212248, 6864185.882385729812086 ], [ 651601.837713194312528, 6864191.630251077003777 ] ] } },
{ "type": "Feature", "properties": { "id": 2117, "id1": 1044, "id2": 1177 }, "geometry": { "type": "LineString", "coordinates": [ [ 651646.917747008381411, 6863925.817741214297712 ], [ 651719.134266336332075, 6863926.800357935018837 ] ] } },
{ "type": "Feature", "properties": { "id": 2121, "id1": 1045, "id2": 450 }, "geometry": { "type": "LineString", "coordinates": [ [ 651366.781312599428929, 6862465.875660791061819 ], [ 651091.019041998893954, 6862462.018327760510147 ] ] } },
{ "type": "Feature", "properties": { "id": 2124, "id1": 1046, "id2": 1328 }, "geometry": { "type": "LineString", "coordinates": [ [ 651316.069816731498577, 6864195.270130646415055 ], [ 651317.122370524564758, 6864253.265119219198823 ] ] } },
{ "type": "Feature", "properties": { "id": 2126, "id1": 1047, "id2": 96 }, "geometry": { "type": "LineString", "coordinates": [ [ 651132.300687373965047, 6864211.452182517386973 ], [ 651126.839420051663183, 6864176.040639131329954 ] ] } },
{ "type": "Feature", "properties": { "id": 2129, "id1": 1048, "id2": 3059 }, "geometry": { "type": "LineString", "coordinates": [ [ 651092.199410338071175, 6864351.596576124429703 ], [ 651091.093590460950509, 6864351.844028697349131 ] ] } },
{ "type": "Feature", "properties": { "id": 2130, "id1": 1111, "id2": 3425 }, "geometry": { "type": "LineString", "coordinates": [ [ 648009.419341519591399, 6863077.533391271717846 ], [ 648014.38503471261356, 6863066.926213646307588 ] ] } },
{ "type": "Feature", "properties": { "id": 2131, "id1": 1050, "id2": 247 }, "geometry": { "type": "LineString", "coordinates": [ [ 651403.415901372907683, 6864560.530498913489282 ], [ 651431.795925630140118, 6864815.522876772098243 ] ] } },
{ "type": "Feature", "properties": { "id": 2148, "id1": 1051, "id2": 1216 }, "geometry": { "type": "LineString", "coordinates": [ [ 651535.377677021780983, 6863810.278212789446115 ], [ 651480.664458095678128, 6863753.225713711231947 ] ] } },
{ "type": "Feature", "properties": { "id": 2151, "id1": 1052, "id2": 1090 }, "geometry": { "type": "LineString", "coordinates": [ [ 651668.736540529411286, 6863058.397457056678832 ], [ 651672.993810625630431, 6863060.643998729996383 ] ] } },
{ "type": "Feature", "properties": { "id": 2155, "id1": 1054, "id2": 213 }, "geometry": { "type": "LineString", "coordinates": [ [ 651720.596375123481266, 6863800.585541797801852 ], [ 651721.570518339518458, 6863800.805178961716592 ] ] } },
{ "type": "Feature", "properties": { "id": 2156, "id1": 1055, "id2": 1364 }, "geometry": { "type": "LineString", "coordinates": [ [ 650540.150050148251466, 6863950.532976497896016 ], [ 650529.509790402720682, 6863936.318923961371183 ] ] } },
{ "type": "Feature", "properties": { "id": 2158, "id1": 1056, "id2": 494 }, "geometry": { "type": "LineString", "coordinates": [ [ 651166.379124354221858, 6863870.415546568110585 ], [ 651149.307306919363327, 6863964.147494303062558 ] ] } },
{ "type": "Feature", "properties": { "id": 2161, "id1": 1088, "id2": 1466 }, "geometry": { "type": "LineString", "coordinates": [ [ 649446.41233116236981, 6863681.454497490078211 ], [ 649467.543035581475124, 6863682.960493211634457 ] ] } },
{ "type": "Feature", "properties": { "id": 2163, "id1": 1057, "id2": 43 }, "geometry": { "type": "LineString", "coordinates": [ [ 651129.636635165079497, 6864785.463605032302439 ], [ 651045.169039345462807, 6864913.160989417694509 ] ] } },
{ "type": "Feature", "properties": { "id": 2175, "id1": 1058, "id2": 22 }, "geometry": { "type": "LineString", "coordinates": [ [ 650880.017182608833537, 6864776.445381491445005 ], [ 650897.788387721637264, 6864893.512808113358915 ] ] } },
{ "type": "Feature", "properties": { "id": 2189, "id1": 1059, "id2": 3366 }, "geometry": { "type": "LineString", "coordinates": [ [ 651437.588412914774381, 6863814.304618603549898 ], [ 651418.339791668928228, 6863751.437107162550092 ] ] } },
{ "type": "Feature", "properties": { "id": 2191, "id1": 1060, "id2": 1491 }, "geometry": { "type": "LineString", "coordinates": [ [ 651341.087911250768229, 6863885.995102747343481 ], [ 651287.890389268635772, 6863982.183566296473145 ] ] } },
{ "type": "Feature", "properties": { "id": 2195, "id1": 1061, "id2": 694 }, "geometry": { "type": "LineString", "coordinates": [ [ 651265.956769618322141, 6863747.536326015368104 ], [ 651305.599529686034657, 6863726.587461884133518 ] ] } },
{ "type": "Feature", "properties": { "id": 2198, "id1": 1062, "id2": 2869 }, "geometry": { "type": "LineString", "coordinates": [ [ 651140.07272654667031, 6864066.247043129056692 ], [ 651140.460809771437198, 6864066.841611758805811 ] ] } },
{ "type": "Feature", "properties": { "id": 2199, "id1": 1063, "id2": 1011 }, "geometry": { "type": "LineString", "coordinates": [ [ 651310.48161644092761, 6864057.366649049334228 ], [ 651311.049944971455261, 6864056.836111512035131 ] ] } },
{ "type": "Feature", "properties": { "id": 2200, "id1": 1064, "id2": 287 }, "geometry": { "type": "LineString", "coordinates": [ [ 651475.994037382886745, 6864049.006075314246118 ], [ 651573.267193230683915, 6864082.126796290278435 ] ] } },
{ "type": "Feature", "properties": { "id": 2211, "id1": 1067, "id2": 799 }, "geometry": { "type": "LineString", "coordinates": [ [ 650679.923826627782546, 6863943.1617829548195 ], [ 650633.381943129468709, 6863940.048557133413851 ] ] } },
{ "type": "Feature", "properties": { "id": 2219, "id1": 1068, "id2": 2019 }, "geometry": { "type": "LineString", "coordinates": [ [ 650609.08046460186597, 6864083.490777831524611 ], [ 650547.349818520015106, 6864106.639916308224201 ] ] } },
{ "type": "Feature", "properties": { "id": 2223, "id1": 1069, "id2": 207 }, "geometry": { "type": "LineString", "coordinates": [ [ 650892.090967736556195, 6864130.935937683098018 ], [ 650980.352272165589966, 6864164.392258804291487 ] ] } },
{ "type": "Feature", "properties": { "id": 2227, "id1": 1086, "id2": 405 }, "geometry": { "type": "LineString", "coordinates": [ [ 650914.474142024526373, 6863930.812576378695667 ], [ 651034.019616664387286, 6863843.611139701679349 ] ] } },
{ "type": "Feature", "properties": { "id": 2233, "id1": 1070, "id2": 553 }, "geometry": { "type": "LineString", "coordinates": [ [ 650552.184595427941531, 6863704.450043897144496 ], [ 650487.539117491221987, 6863538.160053462721407 ] ] } },
{ "type": "Feature", "properties": { "id": 2247, "id1": 1071, "id2": 1164 }, "geometry": { "type": "LineString", "coordinates": [ [ 650591.172310181660578, 6863407.10745564289391 ], [ 650592.137709760223515, 6863407.671789546497166 ] ] } },
{ "type": "Feature", "properties": { "id": 2248, "id1": 1072, "id2": 77 }, "geometry": { "type": "LineString", "coordinates": [ [ 650966.049128041602671, 6863392.278283515013754 ], [ 650967.835901979007758, 6863393.203388059511781 ] ] } },
{ "type": "Feature", "properties": { "id": 2249, "id1": 1073, "id2": 1352 }, "geometry": { "type": "LineString", "coordinates": [ [ 650883.923520765150897, 6864034.665696213953197 ], [ 650844.03181097866036, 6864034.057063950225711 ] ] } },
{ "type": "Feature", "properties": { "id": 2251, "id1": 1074, "id2": 2299 }, "geometry": { "type": "LineString", "coordinates": [ [ 650760.583644832600839, 6863832.602491453289986 ], [ 650759.280326251639053, 6863819.544493277557194 ] ] } },
{ "type": "Feature", "properties": { "id": 2252, "id1": 1075, "id2": 2743 }, "geometry": { "type": "LineString", "coordinates": [ [ 650802.064036865253001, 6863706.990254306234419 ], [ 650786.043711770907976, 6863675.206401846371591 ] ] } },
{ "type": "Feature", "properties": { "id": 2254, "id1": 1087, "id2": 3004 }, "geometry": { "type": "LineString", "coordinates": [ [ 650260.208539444836788, 6863304.173995569348335 ], [ 650261.103874937980436, 6863303.633842378854752 ] ] } },
{ "type": "Feature", "properties": { "id": 2262, "id1": 1077, "id2": 3464 }, "geometry": { "type": "LineString", "coordinates": [ [ 650904.001562981400639, 6863849.921456403099 ], [ 650859.457271204097196, 6863825.09330433793366 ] ] } },
{ "type": "Feature", "properties": { "id": 2263, "id1": 1078, "id2": 120 }, "geometry": { "type": "LineString", "coordinates": [ [ 650846.748717616545036, 6863474.03369486425072 ], [ 650809.333823146764189, 6863499.729462783783674 ] ] } },
{ "type": "Feature", "properties": { "id": 2265, "id1": 1079, "id2": 3246 }, "geometry": { "type": "LineString", "coordinates": [ [ 650947.932334838900715, 6863547.693208620883524 ], [ 650948.473764606518671, 6863547.315675999037921 ] ] } },
{ "type": "Feature", "properties": { "id": 2266, "id1": 1080, "id2": 38 }, "geometry": { "type": "LineString", "coordinates": [ [ 651064.361136140418239, 6863536.787087289616466 ], [ 651081.566909047425725, 6863525.127761426381767 ] ] } },
{ "type": "Feature", "properties": { "id": 2269, "id1": 1081, "id2": 254 }, "geometry": { "type": "LineString", "coordinates": [ [ 650710.894244726747274, 6863338.541182935237885 ], [ 650713.074901932734065, 6863338.2339236298576 ] ] } },
{ "type": "Feature", "properties": { "id": 2270, "id1": 1082, "id2": 541 }, "geometry": { "type": "LineString", "coordinates": [ [ 650444.338573045679368, 6863394.438109524548054 ], [ 650442.512182811857201, 6863390.599705644883215 ] ] } },
{ "type": "Feature", "properties": { "id": 2272, "id1": 1083, "id2": 1023 }, "geometry": { "type": "LineString", "coordinates": [ [ 650501.819322899333201, 6863335.854932282119989 ], [ 650503.442990744253621, 6863336.633691442199051 ] ] } },
{ "type": "Feature", "properties": { "id": 2273, "id1": 1084, "id2": 1855 }, "geometry": { "type": "LineString", "coordinates": [ [ 650334.383196662645787, 6863475.909277303144336 ], [ 650368.022859886754304, 6863487.766158985905349 ] ] } },
{ "type": "Feature", "properties": { "id": 2277, "id1": 1085, "id2": 220 }, "geometry": { "type": "LineString", "coordinates": [ [ 650359.636710917926393, 6863609.443894165568054 ], [ 650386.420121903531253, 6863615.815509704872966 ] ] } },
{ "type": "Feature", "properties": { "id": 2279, "id1": 1089, "id2": 154 }, "geometry": { "type": "LineString", "coordinates": [ [ 649372.869703516829759, 6863757.276974538341165 ], [ 649454.079787854338065, 6863790.824407095089555 ] ] } },
{ "type": "Feature", "properties": { "id": 2281, "id1": 1090, "id2": 983 }, "geometry": { "type": "LineString", "coordinates": [ [ 649013.51835542882327, 6863726.007113113999367 ], [ 649017.827815737342462, 6863726.431128892116249 ] ] } },
{ "type": "Feature", "properties": { "id": 2282, "id1": 1091, "id2": 283 }, "geometry": { "type": "LineString", "coordinates": [ [ 648350.267538545769639, 6863658.401298412121832 ], [ 648289.391434506047517, 6863662.334769304841757 ] ] } },
{ "type": "Feature", "properties": { "id": 2291, "id1": 1092, "id2": 3374 }, "geometry": { "type": "LineString", "coordinates": [ [ 648222.533094116253778, 6862841.119334047660232 ], [ 648205.33771183155477, 6862872.001311257481575 ] ] } },
{ "type": "Feature", "properties": { "id": 2294, "id1": 1093, "id2": 1069 }, "geometry": { "type": "LineString", "coordinates": [ [ 648071.881924020941369, 6862905.399434734135866 ], [ 648045.451028276816942, 6862957.772501185536385 ] ] } },
{ "type": "Feature", "properties": { "id": 2301, "id1": 1094, "id2": 536 }, "geometry": { "type": "LineString", "coordinates": [ [ 648388.129982073092833, 6863282.068677451461554 ], [ 648391.821951413527131, 6863257.869089380837977 ] ] } },
{ "type": "Feature", "properties": { "id": 2303, "id1": 1096, "id2": 1710 }, "geometry": { "type": "LineString", "coordinates": [ [ 648485.171500374330208, 6863394.734602615237236 ], [ 648459.839981860946864, 6863361.503750361502171 ] ] } },
{ "type": "Feature", "properties": { "id": 2305, "id1": 1097, "id2": 1387 }, "geometry": { "type": "LineString", "coordinates": [ [ 648742.082149351364933, 6863691.860405813902617 ], [ 648683.144462052732706, 6863721.919594032689929 ] ] } },
{ "type": "Feature", "properties": { "id": 2307, "id1": 1098, "id2": 1150 }, "geometry": { "type": "LineString", "coordinates": [ [ 649577.507234584307298, 6863675.471934143453836 ], [ 649604.098869096604176, 6863708.269081053324044 ] ] } },
{ "type": "Feature", "properties": { "id": 2309, "id1": 1099, "id2": 812 }, "geometry": { "type": "LineString", "coordinates": [ [ 649702.082118135527708, 6863595.597742406651378 ], [ 649683.793327711638995, 6863622.800277339294553 ] ] } },
{ "type": "Feature", "properties": { "id": 2311, "id1": 1100, "id2": 558 }, "geometry": { "type": "LineString", "coordinates": [ [ 649323.375315473880619, 6863575.150447377935052 ], [ 649422.652198518626392, 6863557.298394204117358 ] ] } },
{ "type": "Feature", "properties": { "id": 2313, "id1": 1101, "id2": 1182 }, "geometry": { "type": "LineString", "coordinates": [ [ 649182.180606027483009, 6863647.447232455015182 ], [ 649185.094110644073226, 6863646.095913814380765 ] ] } },
{ "type": "Feature", "properties": { "id": 2314, "id1": 1102, "id2": 153 }, "geometry": { "type": "LineString", "coordinates": [ [ 649194.350476562394761, 6863859.490703955292702 ], [ 649204.079970618127845, 6863856.503233486786485 ] ] } },
{ "type": "Feature", "properties": { "id": 2321, "id1": 1103, "id2": 890 }, "geometry": { "type": "LineString", "coordinates": [ [ 648950.528245453489944, 6863898.226145680062473 ], [ 648949.329951826133765, 6863894.86130900029093 ] ] } },
{ "type": "Feature", "properties": { "id": 2322, "id1": 1104, "id2": 2414 }, "geometry": { "type": "LineString", "coordinates": [ [ 649109.500005412846804, 6864031.653154298663139 ], [ 649113.739148765453137, 6864028.321669494733214 ] ] } },
{ "type": "Feature", "properties": { "id": 2323, "id1": 1105, "id2": 953 }, "geometry": { "type": "LineString", "coordinates": [ [ 648687.081630846834742, 6864096.358201165683568 ], [ 648578.022983786300756, 6863917.091370613314211 ] ] } },
{ "type": "Feature", "properties": { "id": 2344, "id1": 1107, "id2": 361 }, "geometry": { "type": "LineString", "coordinates": [ [ 648297.219459204934537, 6863405.755569020286202 ], [ 648228.072619782527909, 6863335.907823991961777 ] ] } },
{ "type": "Feature", "properties": { "id": 2350, "id1": 1109, "id2": 1837 }, "geometry": { "type": "LineString", "coordinates": [ [ 648033.09158084646333, 6863301.8091981112957 ], [ 648076.275282905786298, 6863389.116322395391762 ] ] } },
{ "type": "Feature", "properties": { "id": 2353, "id1": 1110, "id2": 271 }, "geometry": { "type": "LineString", "coordinates": [ [ 648126.45494852878619, 6863224.120723957195878 ], [ 648117.421509490581229, 6863234.888214567676187 ] ] } },
{ "type": "Feature", "properties": { "id": 2356, "id1": 1112, "id2": 3057 }, "geometry": { "type": "LineString", "coordinates": [ [ 647932.057705576182343, 6863109.760184930637479 ], [ 647918.792251285980456, 6863094.840374499559402 ] ] } },
{ "type": "Feature", "properties": { "id": 2358, "id1": 1114, "id2": 1403 }, "geometry": { "type": "LineString", "coordinates": [ [ 647833.207627659197897, 6862875.768919561058283 ], [ 647926.519053941126913, 6862969.479952732101083 ] ] } },
{ "type": "Feature", "properties": { "id": 2363, "id1": 1115, "id2": 1525 }, "geometry": { "type": "LineString", "coordinates": [ [ 647798.663059945218265, 6862354.544688809663057 ], [ 647837.432173085864633, 6862403.272083261050284 ] ] } },
{ "type": "Feature", "properties": { "id": 2366, "id1": 1116, "id2": 1930 }, "geometry": { "type": "LineString", "coordinates": [ [ 648015.643923860276118, 6862647.68987880833447 ], [ 648069.092952525243163, 6862670.114441365003586 ] ] } },
{ "type": "Feature", "properties": { "id": 2372, "id1": 1117, "id2": 425 }, "geometry": { "type": "LineString", "coordinates": [ [ 647869.144630563561805, 6862684.938973151147366 ], [ 647767.67592824914027, 6862556.869456957094371 ] ] } },
{ "type": "Feature", "properties": { "id": 2377, "id1": 1119, "id2": 366 }, "geometry": { "type": "LineString", "coordinates": [ [ 647928.837780462577939, 6862470.01271085254848 ], [ 647919.321314465953037, 6862411.629467818886042 ] ] } },
{ "type": "Feature", "properties": { "id": 2381, "id1": 1120, "id2": 851 }, "geometry": { "type": "LineString", "coordinates": [ [ 648260.702202662243508, 6863127.50166342779994 ], [ 648319.671663125511259, 6863136.796274486929178 ] ] } },
{ "type": "Feature", "properties": { "id": 2387, "id1": 1122, "id2": 2838 }, "geometry": { "type": "LineString", "coordinates": [ [ 648180.296180608100258, 6863041.065046194940805 ], [ 648200.926845299778506, 6863111.734280673786998 ] ] } },
{ "type": "Feature", "properties": { "id": 2389, "id1": 1124, "id2": 2011 }, "geometry": { "type": "LineString", "coordinates": [ [ 648114.176807803101838, 6863017.057624439708889 ], [ 648104.666018600808457, 6863023.433635415509343 ] ] } },
{ "type": "Feature", "properties": { "id": 2390, "id1": 1125, "id2": 934 }, "geometry": { "type": "LineString", "coordinates": [ [ 648359.727479503606446, 6863086.066269743256271 ], [ 648404.847586930613033, 6863056.935592514462769 ] ] } },
{ "type": "Feature", "properties": { "id": 2391, "id1": 1126, "id2": 531 }, "geometry": { "type": "LineString", "coordinates": [ [ 648308.438558340887539, 6863009.91130178142339 ], [ 648301.123965034261346, 6862987.171983515843749 ] ] } },
{ "type": "Feature", "properties": { "id": 2393, "id1": 1127, "id2": 8 }, "geometry": { "type": "LineString", "coordinates": [ [ 648506.914246497326531, 6863025.132263240404427 ], [ 648462.726360398926772, 6863214.086304467171431 ] ] } },
{ "type": "Feature", "properties": { "id": 2411, "id1": 1128, "id2": 396 }, "geometry": { "type": "LineString", "coordinates": [ [ 648592.365060244686902, 6863596.481556124053895 ], [ 648601.836466876557097, 6863576.872755776159465 ] ] } },
{ "type": "Feature", "properties": { "id": 2419, "id1": 1129, "id2": 145 }, "geometry": { "type": "LineString", "coordinates": [ [ 648933.496295020566322, 6863456.604843533597887 ], [ 648790.703187308623455, 6863329.868414896540344 ] ] } },
{ "type": "Feature", "properties": { "id": 2422, "id1": 1130, "id2": 875 }, "geometry": { "type": "LineString", "coordinates": [ [ 651291.023251692648046, 6862716.893588372506201 ], [ 651278.974056329810992, 6862733.994439958594739 ] ] } },
{ "type": "Feature", "properties": { "id": 2434, "id1": 1133, "id2": 2215 }, "geometry": { "type": "LineString", "coordinates": [ [ 649178.775728195207193, 6863429.015024472028017 ], [ 649195.083566011162475, 6863394.003435690887272 ] ] } },
{ "type": "Feature", "properties": { "id": 2436, "id1": 1144, "id2": 417 }, "geometry": { "type": "LineString", "coordinates": [ [ 651047.587219084380195, 6862873.368640801869333 ], [ 650996.035329711157829, 6862909.41630254033953 ] ] } },
{ "type": "Feature", "properties": { "id": 2439, "id1": 1145, "id2": 2769 }, "geometry": { "type": "LineString", "coordinates": [ [ 651156.423728098045103, 6862826.746087994426489 ], [ 651188.550621970905922, 6862785.967511527240276 ] ] } },
{ "type": "Feature", "properties": { "id": 2440, "id1": 1134, "id2": 591 }, "geometry": { "type": "LineString", "coordinates": [ [ 648925.261551913106814, 6863233.005634720437229 ], [ 648754.93099759076722, 6862990.843968021683395 ] ] } },
{ "type": "Feature", "properties": { "id": 2451, "id1": 1137, "id2": 1078 }, "geometry": { "type": "LineString", "coordinates": [ [ 649192.279182726400904, 6863120.637173955328763 ], [ 649278.154037595610134, 6863031.241707649081945 ] ] } },
{ "type": "Feature", "properties": { "id": 2462, "id1": 1138, "id2": 657 }, "geometry": { "type": "LineString", "coordinates": [ [ 650364.633683110238053, 6863249.938380886800587 ], [ 650366.521022013388574, 6863250.852387017570436 ] ] } },
{ "type": "Feature", "properties": { "id": 2463, "id1": 1139, "id2": 1453 }, "geometry": { "type": "LineString", "coordinates": [ [ 650468.796792464097962, 6863156.539916465990245 ], [ 650473.124229542212561, 6863155.91787495650351 ] ] } },
{ "type": "Feature", "properties": { "id": 2464, "id1": 1140, "id2": 125 }, "geometry": { "type": "LineString", "coordinates": [ [ 650629.443138603470288, 6863170.751999337226152 ], [ 650630.733972642687149, 6863172.7821434000507 ] ] } },
{ "type": "Feature", "properties": { "id": 2465, "id1": 1142, "id2": 299 }, "geometry": { "type": "LineString", "coordinates": [ [ 652116.456670643296093, 6862141.05118425283581 ], [ 652111.030889734742232, 6862141.451950030401349 ] ] } },
{ "type": "Feature", "properties": { "id": 2466, "id1": 1143, "id2": 493 }, "geometry": { "type": "LineString", "coordinates": [ [ 650827.164655193453655, 6863009.557835166342556 ], [ 650855.193564002402127, 6862993.095324304886162 ] ] } },
{ "type": "Feature", "properties": { "id": 2471, "id1": 1150, "id2": 570 }, "geometry": { "type": "LineString", "coordinates": [ [ 650469.77173869649414, 6863228.070642750710249 ], [ 650470.799804942798801, 6863228.415311980061233 ] ] } },
{ "type": "Feature", "properties": { "id": 2477, "id1": 1153, "id2": 640 }, "geometry": { "type": "LineString", "coordinates": [ [ 651148.895182500593364, 6862517.738574004732072 ], [ 651133.688975383760408, 6862544.62028422113508 ] ] } },
{ "type": "Feature", "properties": { "id": 2484, "id1": 1161, "id2": 802 }, "geometry": { "type": "LineString", "coordinates": [ [ 650193.106927500921302, 6864250.181442556902766 ], [ 650262.371537805651315, 6864228.879718231037259 ] ] } },
{ "type": "Feature", "properties": { "id": 2486, "id1": 1157, "id2": 513 }, "geometry": { "type": "LineString", "coordinates": [ [ 649946.74692463921383, 6864221.814446184784174 ], [ 650042.9485599915497, 6864240.118681739084423 ] ] } },
{ "type": "Feature", "properties": { "id": 2489, "id1": 1158, "id2": 65 }, "geometry": { "type": "LineString", "coordinates": [ [ 650585.742460035020486, 6863098.136490181088448 ], [ 650540.10397193976678, 6863121.593605705536902 ] ] } },
{ "type": "Feature", "properties": { "id": 2491, "id1": 1159, "id2": 141 }, "geometry": { "type": "LineString", "coordinates": [ [ 650629.442618334665895, 6864346.958087904378772 ], [ 650812.069872220861726, 6864376.819835604168475 ] ] } },
{ "type": "Feature", "properties": { "id": 2500, "id1": 1160, "id2": 171 }, "geometry": { "type": "LineString", "coordinates": [ [ 650666.101700444356538, 6864776.901092082262039 ], [ 650626.738651043153368, 6864608.416290491819382 ] ] } },
{ "type": "Feature", "properties": { "id": 2506, "id1": 1162, "id2": 523 }, "geometry": { "type": "LineString", "coordinates": [ [ 650306.319599388283677, 6864670.683690845966339 ], [ 650030.833526809816249, 6864752.874037543311715 ] ] } },
{ "type": "Feature", "properties": { "id": 2535, "id1": 1163, "id2": 251 }, "geometry": { "type": "LineString", "coordinates": [ [ 649385.417288855533116, 6864561.78770418651402 ], [ 649195.253611410036683, 6864400.186055145226419 ] ] } },
{ "type": "Feature", "properties": { "id": 2545, "id1": 1164, "id2": 647 }, "geometry": { "type": "LineString", "coordinates": [ [ 648729.804133072611876, 6864461.140171411447227 ], [ 648642.380577846430242, 6864434.594898070208728 ] ] } },
{ "type": "Feature", "properties": { "id": 2548, "id1": 1165, "id2": 522 }, "geometry": { "type": "LineString", "coordinates": [ [ 649484.803954647737555, 6864120.875443663448095 ], [ 649505.8093738934258, 6864081.69697717577219 ] ] } },
{ "type": "Feature", "properties": { "id": 2553, "id1": 1166, "id2": 47 }, "geometry": { "type": "LineString", "coordinates": [ [ 649934.247912315302528, 6864091.471316748298705 ], [ 649953.21652102842927, 6864138.157590731978416 ] ] } },
{ "type": "Feature", "properties": { "id": 2557, "id1": 1213, "id2": 1878 }, "geometry": { "type": "LineString", "coordinates": [ [ 654106.33557315368671, 6862340.33191298507154 ], [ 654160.434597472543828, 6862359.510106046684086 ] ] } },
{ "type": "Feature", "properties": { "id": 2559, "id1": 1167, "id2": 1310 }, "geometry": { "type": "LineString", "coordinates": [ [ 648975.218543377006426, 6864316.433222086168826 ], [ 649067.799597299657762, 6864095.207070012576878 ] ] } },
{ "type": "Feature", "properties": { "id": 2562, "id1": 1168, "id2": 116 }, "geometry": { "type": "LineString", "coordinates": [ [ 649458.932132674264722, 6863904.736188753508031 ], [ 649459.205330280703492, 6863905.15014711394906 ] ] } },
{ "type": "Feature", "properties": { "id": 2563, "id1": 1169, "id2": 15 }, "geometry": { "type": "LineString", "coordinates": [ [ 649269.765709776198491, 6864067.123010963201523 ], [ 649286.282424725941382, 6864045.60395080037415 ] ] } },
{ "type": "Feature", "properties": { "id": 2569, "id1": 1170, "id2": 3648 }, "geometry": { "type": "LineString", "coordinates": [ [ 649792.00752847827971, 6864030.606418936513364 ], [ 649769.380302338395268, 6864049.883969928137958 ] ] } },
{ "type": "Feature", "properties": { "id": 2572, "id1": 1172, "id2": 2384 }, "geometry": { "type": "LineString", "coordinates": [ [ 652020.048413024749607, 6862559.834286262281239 ], [ 651993.004563161055557, 6862548.700706570409238 ] ] } },
{ "type": "Feature", "properties": { "id": 2573, "id1": 1214, "id2": 2922 }, "geometry": { "type": "LineString", "coordinates": [ [ 653972.773050961084664, 6862294.920736287720501 ], [ 653981.895798089564778, 6862301.562521351501346 ] ] } },
{ "type": "Feature", "properties": { "id": 2574, "id1": 1173, "id2": 248 }, "geometry": { "type": "LineString", "coordinates": [ [ 650221.970144693506882, 6864144.449439050629735 ], [ 650417.896897009573877, 6864139.479047179222107 ] ] } },
{ "type": "Feature", "properties": { "id": 2580, "id1": 1174, "id2": 682 }, "geometry": { "type": "LineString", "coordinates": [ [ 650043.453655734541826, 6864091.879377452656627 ], [ 650043.509863234939985, 6864114.628544360399246 ] ] } },
{ "type": "Feature", "properties": { "id": 2582, "id1": 1175, "id2": 3438 }, "geometry": { "type": "LineString", "coordinates": [ [ 650022.197894321638159, 6863971.854329954832792 ], [ 650023.653828746755607, 6863972.279581903479993 ] ] } },
{ "type": "Feature", "properties": { "id": 2583, "id1": 1176, "id2": 2415 }, "geometry": { "type": "LineString", "coordinates": [ [ 649889.505697904154658, 6863939.433434665203094 ], [ 649891.087759125279263, 6863939.588336518965662 ] ] } },
{ "type": "Feature", "properties": { "id": 2584, "id1": 1177, "id2": 1157 }, "geometry": { "type": "LineString", "coordinates": [ [ 649670.952093011001125, 6863793.339468384161592 ], [ 649672.963512369547971, 6863791.190627578645945 ] ] } },
{ "type": "Feature", "properties": { "id": 2585, "id1": 1178, "id2": 3092 }, "geometry": { "type": "LineString", "coordinates": [ [ 650030.153893550625071, 6863842.026381261646748 ], [ 650030.655396567308344, 6863842.663703486323357 ] ] } },
{ "type": "Feature", "properties": { "id": 2586, "id1": 1250, "id2": 2428 }, "geometry": { "type": "LineString", "coordinates": [ [ 652099.51770129497163, 6861949.143405632115901 ], [ 652160.234215809497982, 6861915.841715292073786 ] ] } },
{ "type": "Feature", "properties": { "id": 2590, "id1": 1251, "id2": 394 }, "geometry": { "type": "LineString", "coordinates": [ [ 649608.887352099525742, 6862502.620664906688035 ], [ 649712.848361780866981, 6862666.691950629465282 ] ] } },
{ "type": "Feature", "properties": { "id": 2600, "id1": 1179, "id2": 2712 }, "geometry": { "type": "LineString", "coordinates": [ [ 649663.205258540809155, 6863884.944832049310207 ], [ 649618.276650645071641, 6863869.024068493396044 ] ] } },
{ "type": "Feature", "properties": { "id": 2602, "id1": 1180, "id2": 2836 }, "geometry": { "type": "LineString", "coordinates": [ [ 649778.665510903694667, 6863779.189465525560081 ], [ 649780.0410038435366, 6863777.984814760275185 ] ] } },
{ "type": "Feature", "properties": { "id": 2603, "id1": 1181, "id2": 3563 }, "geometry": { "type": "LineString", "coordinates": [ [ 649908.384019831079058, 6863784.090501083992422 ], [ 649909.651380540803075, 6863785.216090428642929 ] ] } },
{ "type": "Feature", "properties": { "id": 2604, "id1": 1182, "id2": 255 }, "geometry": { "type": "LineString", "coordinates": [ [ 654819.600896138814278, 6862442.197770033963025 ], [ 654948.851066321367398, 6862423.634893259964883 ] ] } },
{ "type": "Feature", "properties": { "id": 2611, "id1": 1252, "id2": 1528 }, "geometry": { "type": "LineString", "coordinates": [ [ 649542.362105821841396, 6861716.985078161582351 ], [ 649596.232269529020414, 6861727.810884294100106 ] ] } },
{ "type": "Feature", "properties": { "id": 2614, "id1": 1183, "id2": 3140 }, "geometry": { "type": "LineString", "coordinates": [ [ 650232.950286737992428, 6863517.052184068597853 ], [ 650233.377511750091799, 6863516.071272568777204 ] ] } },
{ "type": "Feature", "properties": { "id": 2615, "id1": 1184, "id2": 290 }, "geometry": { "type": "LineString", "coordinates": [ [ 650133.292244742275216, 6863566.414010806940496 ], [ 650134.272306664381176, 6863566.128815330564976 ] ] } },
{ "type": "Feature", "properties": { "id": 2616, "id1": 1185, "id2": 3250 }, "geometry": { "type": "LineString", "coordinates": [ [ 650015.600722965085879, 6863598.522472992539406 ], [ 650018.60838171467185, 6863597.616488510742784 ] ] } },
{ "type": "Feature", "properties": { "id": 2617, "id1": 1186, "id2": 1089 }, "geometry": { "type": "LineString", "coordinates": [ [ 649928.642370537505485, 6863653.601146603003144 ], [ 649929.883893737918697, 6863654.41388501599431 ] ] } },
{ "type": "Feature", "properties": { "id": 2618, "id1": 1187, "id2": 1572 }, "geometry": { "type": "LineString", "coordinates": [ [ 650047.052991517586634, 6863678.938795807771385 ], [ 650049.689474996645004, 6863678.229091800749302 ] ] } },
{ "type": "Feature", "properties": { "id": 2619, "id1": 1253, "id2": 392 }, "geometry": { "type": "LineString", "coordinates": [ [ 649101.257435724255629, 6861403.624036820605397 ], [ 649078.408674054662697, 6861423.959440181963146 ] ] } },
{ "type": "Feature", "properties": { "id": 2624, "id1": 1188, "id2": 2448 }, "geometry": { "type": "LineString", "coordinates": [ [ 650127.454996003187262, 6863698.260941336862743 ], [ 650129.96777855406981, 6863697.067046359181404 ] ] } },
{ "type": "Feature", "properties": { "id": 2625, "id1": 1189, "id2": 2174 }, "geometry": { "type": "LineString", "coordinates": [ [ 650275.795317320385948, 6863632.036329213529825 ], [ 650271.207559674279764, 6863632.641034064814448 ] ] } },
{ "type": "Feature", "properties": { "id": 2626, "id1": 1190, "id2": 3045 }, "geometry": { "type": "LineString", "coordinates": [ [ 650311.731009179726243, 6863772.090294383466244 ], [ 650322.185942377545871, 6863698.386489952914417 ] ] } },
{ "type": "Feature", "properties": { "id": 2629, "id1": 1191, "id2": 2904 }, "geometry": { "type": "LineString", "coordinates": [ [ 650382.334763215156272, 6863791.254656473174691 ], [ 650391.346486465772614, 6863819.109211790375412 ] ] } },
{ "type": "Feature", "properties": { "id": 2631, "id1": 1192, "id2": 289 }, "geometry": { "type": "LineString", "coordinates": [ [ 650385.628534466144629, 6864009.151192649267614 ], [ 650424.066121610347182, 6863954.354738273657858 ] ] } },
{ "type": "Feature", "properties": { "id": 2636, "id1": 1193, "id2": 219 }, "geometry": { "type": "LineString", "coordinates": [ [ 653861.927826647181064, 6861881.724274572916329 ], [ 653865.9629207191756, 6861860.122783653438091 ] ] } },
{ "type": "Feature", "properties": { "id": 2639, "id1": 1254, "id2": 996 }, "geometry": { "type": "LineString", "coordinates": [ [ 649485.206256960052997, 6861024.26811580825597 ], [ 649487.289852505316958, 6861028.622885590419173 ] ] } },
{ "type": "Feature", "properties": { "id": 2641, "id1": 1255, "id2": 25 }, "geometry": { "type": "LineString", "coordinates": [ [ 648323.530477218097076, 6861469.116658465005457 ], [ 648323.598969916114584, 6861470.879847922362387 ] ] } },
{ "type": "Feature", "properties": { "id": 2642, "id1": 1195, "id2": 257 }, "geometry": { "type": "LineString", "coordinates": [ [ 650195.618380964966491, 6863916.95776688400656 ], [ 650254.339975165086798, 6863880.53374885302037 ] ] } },
{ "type": "Feature", "properties": { "id": 2652, "id1": 1196, "id2": 293 }, "geometry": { "type": "LineString", "coordinates": [ [ 654058.111853850772604, 6861749.617163486778736 ], [ 654051.297223648289219, 6861684.611706208437681 ] ] } },
{ "type": "Feature", "properties": { "id": 2656, "id1": 1197, "id2": 59 }, "geometry": { "type": "LineString", "coordinates": [ [ 654310.014954128535464, 6861808.113041019067168 ], [ 654191.667997389566153, 6861768.811896353960037 ] ] } },
{ "type": "Feature", "properties": { "id": 2665, "id1": 1198, "id2": 1439 }, "geometry": { "type": "LineString", "coordinates": [ [ 655029.269798491615802, 6862516.115958701819181 ], [ 654945.63232016027905, 6862599.777046266943216 ] ] } },
{ "type": "Feature", "properties": { "id": 2668, "id1": 1199, "id2": 1138 }, "geometry": { "type": "LineString", "coordinates": [ [ 655110.262957728118636, 6862270.596757182851434 ], [ 655108.691839048988186, 6862270.127522031776607 ] ] } },
{ "type": "Feature", "properties": { "id": 2669, "id1": 1200, "id2": 16 }, "geometry": { "type": "LineString", "coordinates": [ [ 654940.877847103169188, 6862192.694081756286323 ], [ 654988.74152779742144, 6862282.268308787606657 ] ] } },
{ "type": "Feature", "properties": { "id": 2680, "id1": 1258, "id2": 2077 }, "geometry": { "type": "LineString", "coordinates": [ [ 651746.28928991034627, 6862040.83976932335645 ], [ 651760.98261265817564, 6862031.681352814659476 ] ] } },
{ "type": "Feature", "properties": { "id": 2681, "id1": 1202, "id2": 168 }, "geometry": { "type": "LineString", "coordinates": [ [ 654480.370741929626092, 6862282.052434839308262 ], [ 654504.477775596780702, 6862165.079162367619574 ] ] } },
{ "type": "Feature", "properties": { "id": 2703, "id1": 1203, "id2": 1524 }, "geometry": { "type": "LineString", "coordinates": [ [ 654261.712479515466839, 6862469.709188925102353 ], [ 654242.239556037355214, 6862557.892534480430186 ] ] } },
{ "type": "Feature", "properties": { "id": 2707, "id1": 1204, "id2": 134 }, "geometry": { "type": "LineString", "coordinates": [ [ 654443.339231474674307, 6862579.23301044665277 ], [ 654528.824118009069934, 6862595.645249608904123 ] ] } },
{ "type": "Feature", "properties": { "id": 2717, "id1": 1205, "id2": 222 }, "geometry": { "type": "LineString", "coordinates": [ [ 654033.115281569305807, 6862921.247340223751962 ], [ 654037.32325443229638, 6862920.436320264823735 ] ] } },
{ "type": "Feature", "properties": { "id": 2718, "id1": 1206, "id2": 1274 }, "geometry": { "type": "LineString", "coordinates": [ [ 654027.1053491194034, 6862809.458139063790441 ], [ 654081.722270355909131, 6862828.476542850024998 ] ] } },
{ "type": "Feature", "properties": { "id": 2720, "id1": 1207, "id2": 1327 }, "geometry": { "type": "LineString", "coordinates": [ [ 653954.174392474000342, 6862886.241031419485807 ], [ 653954.065481756930239, 6862885.013939931988716 ] ] } },
{ "type": "Feature", "properties": { "id": 2721, "id1": 1208, "id2": 681 }, "geometry": { "type": "LineString", "coordinates": [ [ 654032.997813488938846, 6862870.038800268433988 ], [ 654035.229736099485308, 6862871.426333949901164 ] ] } },
{ "type": "Feature", "properties": { "id": 2722, "id1": 1209, "id2": 1126 }, "geometry": { "type": "LineString", "coordinates": [ [ 653958.794171881512739, 6862742.881134484894574 ], [ 653963.788963993312791, 6862745.93397915456444 ] ] } },
{ "type": "Feature", "properties": { "id": 2724, "id1": 1212, "id2": 1026 }, "geometry": { "type": "LineString", "coordinates": [ [ 654050.094414090854116, 6862496.402263792231679 ], [ 654067.678699040436186, 6862607.038108294829726 ] ] } },
{ "type": "Feature", "properties": { "id": 2728, "id1": 1261, "id2": 3386 }, "geometry": { "type": "LineString", "coordinates": [ [ 652598.32950951741077, 6860449.640242661349475 ], [ 652588.702015324495733, 6860442.313873958773911 ] ] } },
{ "type": "Feature", "properties": { "id": 2729, "id1": 1215, "id2": 415 }, "geometry": { "type": "LineString", "coordinates": [ [ 653791.866337549057789, 6862451.080360600724816 ], [ 653724.582336590392515, 6862441.799013908952475 ] ] } },
{ "type": "Feature", "properties": { "id": 2733, "id1": 1216, "id2": 353 }, "geometry": { "type": "LineString", "coordinates": [ [ 653794.471924882964231, 6862249.643784699030221 ], [ 653795.185137581662275, 6862183.766295260749757 ] ] } },
{ "type": "Feature", "properties": { "id": 2737, "id1": 1217, "id2": 3350 }, "geometry": { "type": "LineString", "coordinates": [ [ 653801.821390785858966, 6862109.243514423258603 ], [ 653803.691718137008138, 6862107.634850330650806 ] ] } },
{ "type": "Feature", "properties": { "id": 2738, "id1": 1218, "id2": 2025 }, "geometry": { "type": "LineString", "coordinates": [ [ 653747.691699018818326, 6862024.958632295951247 ], [ 653749.825952077284455, 6862023.987564739771187 ] ] } },
{ "type": "Feature", "properties": { "id": 2739, "id1": 1219, "id2": 2216 }, "geometry": { "type": "LineString", "coordinates": [ [ 653694.439278963487595, 6862203.710110355168581 ], [ 653696.009051608038135, 6862202.946760771796107 ] ] } },
{ "type": "Feature", "properties": { "id": 2740, "id1": 1221, "id2": 2167 }, "geometry": { "type": "LineString", "coordinates": [ [ 654080.719043615157716, 6862074.977060514502227 ], [ 654048.042364684049971, 6862043.756125536747277 ] ] } },
{ "type": "Feature", "properties": { "id": 2751, "id1": 1222, "id2": 28 }, "geometry": { "type": "LineString", "coordinates": [ [ 654668.901444731629454, 6861923.981232584454119 ], [ 654595.271671863272786, 6861930.179611019790173 ] ] } },
{ "type": "Feature", "properties": { "id": 2765, "id1": 1223, "id2": 2212 }, "geometry": { "type": "LineString", "coordinates": [ [ 654736.069770096801221, 6862127.470590045675635 ], [ 654737.308878245297819, 6862139.345685243606567 ] ] } },
{ "type": "Feature", "properties": { "id": 2766, "id1": 1224, "id2": 622 }, "geometry": { "type": "LineString", "coordinates": [ [ 652576.349961512372829, 6861182.138497081585228 ], [ 652680.012697367579676, 6861261.440470602363348 ] ] } },
{ "type": "Feature", "properties": { "id": 2771, "id1": 1225, "id2": 974 }, "geometry": { "type": "LineString", "coordinates": [ [ 651937.476916021085344, 6861622.336480806581676 ], [ 651940.137021411559545, 6861620.768914771266282 ] ] } },
{ "type": "Feature", "properties": { "id": 2772, "id1": 1226, "id2": 3524 }, "geometry": { "type": "LineString", "coordinates": [ [ 652212.154917695792392, 6863247.200118486769497 ], [ 652222.019108233042061, 6863246.708538511767983 ] ] } },
{ "type": "Feature", "properties": { "id": 2773, "id1": 1227, "id2": 229 }, "geometry": { "type": "LineString", "coordinates": [ [ 654665.247183335595764, 6862848.776278899982572 ], [ 654613.526200706837699, 6862623.462890957482159 ] ] } },
{ "type": "Feature", "properties": { "id": 2795, "id1": 1267, "id2": 470 }, "geometry": { "type": "LineString", "coordinates": [ [ 653002.060456586419605, 6859561.034129188396037 ], [ 653211.960597618250176, 6859594.087082549929619 ] ] } },
{ "type": "Feature", "properties": { "id": 2804, "id1": 1228, "id2": 160 }, "geometry": { "type": "LineString", "coordinates": [ [ 654229.438289608224295, 6862784.851266916841269 ], [ 654205.705058271647431, 6862958.97541341278702 ] ] } },
{ "type": "Feature", "properties": { "id": 2812, "id1": 1229, "id2": 981 }, "geometry": { "type": "LineString", "coordinates": [ [ 654058.660196150187403, 6862894.27694708108902 ], [ 654061.111378229572438, 6862895.321816958487034 ] ] } },
{ "type": "Feature", "properties": { "id": 2813, "id1": 1230, "id2": 805 }, "geometry": { "type": "LineString", "coordinates": [ [ 653749.725670918240212, 6862660.842900177463889 ], [ 653750.921291276114061, 6862644.169660159386694 ] ] } },
{ "type": "Feature", "properties": { "id": 2820, "id1": 1231, "id2": 3432 }, "geometry": { "type": "LineString", "coordinates": [ [ 649596.811077390564606, 6863428.963698473758996 ], [ 649588.099893676699139, 6863441.704432586207986 ] ] } },
{ "type": "Feature", "properties": { "id": 2821, "id1": 1232, "id2": 1635 }, "geometry": { "type": "LineString", "coordinates": [ [ 650618.838241558056325, 6862835.234458189457655 ], [ 650709.064720656140707, 6862794.444677262566984 ] ] } },
{ "type": "Feature", "properties": { "id": 2824, "id1": 1269, "id2": 2892 }, "geometry": { "type": "LineString", "coordinates": [ [ 652476.908843430341221, 6859855.297917092218995 ], [ 652474.671384357148781, 6859850.959781072102487 ] ] } },
{ "type": "Feature", "properties": { "id": 2826, "id1": 1271, "id2": 1338 }, "geometry": { "type": "LineString", "coordinates": [ [ 652926.602693749475293, 6860074.128118361346424 ], [ 652889.061744050937705, 6860052.366472645662725 ] ] } },
{ "type": "Feature", "properties": { "id": 2832, "id1": 1236, "id2": 327 }, "geometry": { "type": "LineString", "coordinates": [ [ 651950.890190138597973, 6861670.559039013460279 ], [ 651949.622670075157657, 6861671.776597805321217 ] ] } },
{ "type": "Feature", "properties": { "id": 2833, "id1": 1237, "id2": 472 }, "geometry": { "type": "LineString", "coordinates": [ [ 650133.922044430859387, 6864204.188438418321311 ], [ 650154.185491364682093, 6864206.080995762720704 ] ] } },
{ "type": "Feature", "properties": { "id": 2834, "id1": 1238, "id2": 40 }, "geometry": { "type": "LineString", "coordinates": [ [ 649789.913420722004957, 6864386.61655883770436 ], [ 649767.182902946602553, 6864597.629570094868541 ] ] } },
{ "type": "Feature", "properties": { "id": 2860, "id1": 1239, "id2": 279 }, "geometry": { "type": "LineString", "coordinates": [ [ 649669.313378354418091, 6863128.049439389258623 ], [ 649583.134471402969211, 6863292.566651050001383 ] ] } },
{ "type": "Feature", "properties": { "id": 2871, "id1": 1240, "id2": 1 }, "geometry": { "type": "LineString", "coordinates": [ [ 655665.503507865243591, 6861095.876838875003159 ], [ 655740.95029254606925, 6861037.426954972557724 ] ] } },
{ "type": "Feature", "properties": { "id": 2885, "id1": 1241, "id2": 1706 }, "geometry": { "type": "LineString", "coordinates": [ [ 653446.620350924436934, 6861919.588711991906166 ], [ 653447.22391476854682, 6861918.190633671358228 ] ] } },
{ "type": "Feature", "properties": { "id": 2886, "id1": 1242, "id2": 165 }, "geometry": { "type": "LineString", "coordinates": [ [ 653244.111148860421963, 6861893.179652027785778 ], [ 653245.954949026461691, 6861892.369503924623132 ] ] } },
{ "type": "Feature", "properties": { "id": 2887, "id1": 1244, "id2": 36 }, "geometry": { "type": "LineString", "coordinates": [ [ 654358.642623670981266, 6861166.28639552090317 ], [ 654372.364082971005701, 6861160.958930020220578 ] ] } },
{ "type": "Feature", "properties": { "id": 2894, "id1": 1275, "id2": 2009 }, "geometry": { "type": "LineString", "coordinates": [ [ 649926.933070166851394, 6863271.780631003901362 ], [ 649932.363000170793384, 6863267.664203388616443 ] ] } },
{ "type": "Feature", "properties": { "id": 2895, "id1": 1276, "id2": 526 }, "geometry": { "type": "LineString", "coordinates": [ [ 655196.328808941412717, 6862028.334082284010947 ], [ 655043.872984892572276, 6861959.521419515833259 ] ] } },
{ "type": "Feature", "properties": { "id": 2903, "id1": 1277, "id2": 2411 }, "geometry": { "type": "LineString", "coordinates": [ [ 649987.774857180425897, 6862494.028306550346315 ], [ 649988.104091106797569, 6862498.407372714020312 ] ] } },
{ "type": "Feature", "properties": { "id": 2906, "id1": 1279, "id2": 3394 }, "geometry": { "type": "LineString", "coordinates": [ [ 653627.524481106665917, 6861675.826247003860772 ], [ 653615.550682200700976, 6861694.397304391488433 ] ] } },
{ "type": "Feature", "properties": { "id": 2907, "id1": 1282, "id2": 3581 }, "geometry": { "type": "LineString", "coordinates": [ [ 650268.657815880724229, 6861896.678896303288639 ], [ 650270.263178431428969, 6861897.628199624828994 ] ] } },
{ "type": "Feature", "properties": { "id": 2908, "id1": 1283, "id2": 1144 }, "geometry": { "type": "LineString", "coordinates": [ [ 651578.871039544581436, 6861182.285607852973044 ], [ 651575.289262670325115, 6861128.374539502896369 ] ] } },
{ "type": "Feature", "properties": { "id": 2909, "id1": 1284, "id2": 140 }, "geometry": { "type": "LineString", "coordinates": [ [ 651640.672672427841462, 6861296.635395254939795 ], [ 651620.445508246542886, 6861374.171413200907409 ] ] } },
{ "type": "Feature", "properties": { "id": 2912, "id1": 1285, "id2": 259 }, "geometry": { "type": "LineString", "coordinates": [ [ 651274.643423808738589, 6860847.60549143794924 ], [ 651261.214953059330583, 6860381.320695351809263 ] ] } },
{ "type": "Feature", "properties": { "id": 2926, "id1": 1287, "id2": 516 }, "geometry": { "type": "LineString", "coordinates": [ [ 651579.581854478921741, 6860996.373100682161748 ], [ 651286.086958328844048, 6860944.781044829636812 ] ] } },
{ "type": "Feature", "properties": { "id": 2929, "id1": 1288, "id2": 786 }, "geometry": { "type": "LineString", "coordinates": [ [ 649941.029048938304186, 6860516.467701032757759 ], [ 649840.501242641243152, 6860422.635409052483737 ] ] } },
{ "type": "Feature", "properties": { "id": 2936, "id1": 1289, "id2": 2304 }, "geometry": { "type": "LineString", "coordinates": [ [ 651549.203537862398662, 6861758.026510103605688 ], [ 651551.131420540972613, 6861758.642279909923673 ] ] } },
{ "type": "Feature", "properties": { "id": 2937, "id1": 1290, "id2": 913 }, "geometry": { "type": "LineString", "coordinates": [ [ 655223.978308144607581, 6860974.832374156452715 ], [ 655080.793961633811705, 6860959.958831812255085 ] ] } },
{ "type": "Feature", "properties": { "id": 2945, "id1": 1292, "id2": 1175 }, "geometry": { "type": "LineString", "coordinates": [ [ 651518.556644079391845, 6863361.650409492664039 ], [ 651519.539449706906453, 6863361.267699914984405 ] ] } },
{ "type": "Feature", "properties": { "id": 2946, "id1": 1293, "id2": 2721 }, "geometry": { "type": "LineString", "coordinates": [ [ 651468.271395246847533, 6863231.857638080604374 ], [ 651469.535946781514212, 6863232.394891085103154 ] ] } },
{ "type": "Feature", "properties": { "id": 2947, "id1": 1294, "id2": 1294 }, "geometry": { "type": "LineString", "coordinates": [ [ 651875.057427807943895, 6864677.174614151008427 ], [ 652020.728197944466956, 6864741.158348503522575 ] ] } },
{ "type": "Feature", "properties": { "id": 2953, "id1": 1295, "id2": 992 }, "geometry": { "type": "LineString", "coordinates": [ [ 649975.877916557015851, 6863427.460709999315441 ], [ 649836.584401646396145, 6863500.86663500405848 ] ] } },
{ "type": "Feature", "properties": { "id": 2955, "id1": 1296, "id2": 1097 }, "geometry": { "type": "LineString", "coordinates": [ [ 655577.031732985284179, 6860493.64482150785625 ], [ 655733.809824876254424, 6860295.858523746952415 ] ] } }
]
}
