{
"type": "FeatureCollection",
"crs": { "type": "name", "properties": { "name": "urn:ogc:def:crs:EPSG::2154" } },
"features": [
{ "type": "Feature", "properties": { "id": 0, "id1": 1, "id2": 523 }, "geometry": { "type": "LineString", "coordinates": [ [ 650243.977838375954889, 6864670.443646404892206 ], [ 650030.833526809816249, 6864752.874037543311715 ] ] } },
{ "type": "Feature", "properties": { "id": 21, "id1": 2, "id2": 1212 }, "geometry": { "type": "LineString", "coordinates": [ [ 650425.107967722578906, 6864926.844544626772404 ], [ 650526.520204722764902, 6864942.32025149371475 ] ] } },
{ "type": "Feature", "properties": { "id": 24, "id1": 3, "id2": 2343 }, "geometry": { "type": "LineString", "coordinates": [ [ 650255.297916162875481, 6864894.974370870739222 ], [ 650301.045216306461953, 6864725.64228895213455 ] ] } },
{ "type": "Feature", "properties": { "id": 25, "id1": 4, "id2": 1298 }, "geometry": { "type": "LineString", "coordinates": [ [ 650050.737272981321439, 6864819.480995610356331 ], [ 650124.140976968687028, 6864796.790501712821424 ] ] } },
{ "type": "Feature", "properties": { "id": 27, "id1": 5, "id2": 251 }, "geometry": { "type": "LineString", "coordinates": [ [ 649378.94946992828045, 6864558.304282291792333 ], [ 649195.253611410036683, 6864400.186055145226419 ] ] } },
{ "type": "Feature", "properties": { "id": 37, "id1": 6, "id2": 40 }, "geometry": { "type": "LineString", "coordinates": [ [ 649915.332006644341163, 6864507.790649739094079 ], [ 649767.182902946602553, 6864597.629570094868541 ] ] } },
{ "type": "Feature", "properties": { "id": 43, "id1": 7, "id2": 141 }, "geometry": { "type": "LineString", "coordinates": [ [ 650606.764545796788298, 6864489.048369940370321 ], [ 650812.069872220861726, 6864376.819835604168475 ] ] } },
{ "type": "Feature", "properties": { "id": 62, "id1": 8, "id2": 2132 }, "geometry": { "type": "LineString", "coordinates": [ [ 650971.151291510672309, 6865072.606955428607762 ], [ 650942.277902622940019, 6865059.813477505929768 ] ] } },
{ "type": "Feature", "properties": { "id": 63, "id1": 9, "id2": 22 }, "geometry": { "type": "LineString", "coordinates": [ [ 650878.746762999449857, 6864769.610746961086988 ], [ 650897.788387721637264, 6864893.512808113358915 ] ] } },
{ "type": "Feature", "properties": { "id": 78, "id1": 10, "id2": 1949 }, "geometry": { "type": "LineString", "coordinates": [ [ 651777.70513920520898, 6862421.148809757083654 ], [ 651775.537185091641732, 6862416.932701437734067 ] ] } },
{ "type": "Feature", "properties": { "id": 79, "id1": 11, "id2": 3606 }, "geometry": { "type": "LineString", "coordinates": [ [ 651837.979502142639831, 6862392.8954963022843 ], [ 651822.227611911250278, 6862371.136758771724999 ] ] } },
{ "type": "Feature", "properties": { "id": 80, "id1": 12, "id2": 367 }, "geometry": { "type": "LineString", "coordinates": [ [ 651877.33010689355433, 6862484.234015922993422 ], [ 651876.918752714293078, 6862487.800741549581289 ] ] } },
{ "type": "Feature", "properties": { "id": 81, "id1": 13, "id2": 43 }, "geometry": { "type": "LineString", "coordinates": [ [ 651105.032433118438348, 6864776.810717754997313 ], [ 651045.169039345462807, 6864913.160989417694509 ] ] } },
{ "type": "Feature", "properties": { "id": 92, "id1": 14, "id2": 1293 }, "geometry": { "type": "LineString", "coordinates": [ [ 651304.888308297144249, 6864833.007750082761049 ], [ 651294.493137118057348, 6864843.222393845207989 ] ] } },
{ "type": "Feature", "properties": { "id": 95, "id1": 15, "id2": 359 }, "geometry": { "type": "LineString", "coordinates": [ [ 651818.525225617457181, 6864817.280038136057556 ], [ 651969.292602045228705, 6864897.950355992652476 ] ] } },
{ "type": "Feature", "properties": { "id": 105, "id1": 16, "id2": 1900 }, "geometry": { "type": "LineString", "coordinates": [ [ 651695.809033099678345, 6864689.820772396400571 ], [ 651717.293880084645934, 6864781.906809872016311 ] ] } },
{ "type": "Feature", "properties": { "id": 109, "id1": 17, "id2": 1432 }, "geometry": { "type": "LineString", "coordinates": [ [ 651629.039660129696131, 6864801.690892530605197 ], [ 651659.935559828067198, 6864839.254201297648251 ] ] } },
{ "type": "Feature", "properties": { "id": 112, "id1": 18, "id2": 247 }, "geometry": { "type": "LineString", "coordinates": [ [ 651416.269519908935763, 6864582.023353180848062 ], [ 651431.795925630140118, 6864815.522876772098243 ] ] } },
{ "type": "Feature", "properties": { "id": 131, "id1": 20, "id2": 632 }, "geometry": { "type": "LineString", "coordinates": [ [ 652151.771652264520526, 6864549.242426172830164 ], [ 652110.581214382429607, 6864688.967929209582508 ] ] } },
{ "type": "Feature", "properties": { "id": 140, "id1": 21, "id2": 859 }, "geometry": { "type": "LineString", "coordinates": [ [ 652203.270213381852955, 6864859.547216385602951 ], [ 652209.407382936216891, 6864964.186396728269756 ] ] } },
{ "type": "Feature", "properties": { "id": 143, "id1": 22, "id2": 56 }, "geometry": { "type": "LineString", "coordinates": [ [ 651992.837156244320795, 6864926.39217388164252 ], [ 652065.426841026288457, 6864920.387242493219674 ] ] } },
{ "type": "Feature", "properties": { "id": 147, "id1": 23, "id2": 1294 }, "geometry": { "type": "LineString", "coordinates": [ [ 651937.357581121614203, 6864678.268289973028004 ], [ 652020.728197944466956, 6864741.158348503522575 ] ] } },
{ "type": "Feature", "properties": { "id": 154, "id1": 24, "id2": 1689 }, "geometry": { "type": "LineString", "coordinates": [ [ 652304.084193047019653, 6864184.089691607281566 ], [ 652303.822250058641657, 6864186.907504769973457 ] ] } },
{ "type": "Feature", "properties": { "id": 155, "id1": 25, "id2": 106 }, "geometry": { "type": "LineString", "coordinates": [ [ 652597.053104356629774, 6864617.238447180017829 ], [ 652722.487686445587315, 6864613.83866466768086 ] ] } },
{ "type": "Feature", "properties": { "id": 213, "id1": 26, "id2": 2781 }, "geometry": { "type": "LineString", "coordinates": [ [ 651914.041016238392331, 6862582.88884599506855 ], [ 651909.910015272907913, 6862572.116512299515307 ] ] } },
{ "type": "Feature", "properties": { "id": 214, "id1": 27, "id2": 1492 }, "geometry": { "type": "LineString", "coordinates": [ [ 651853.054885839344934, 6862601.390489241108298 ], [ 651849.494720357703045, 6862591.077250414527953 ] ] } },
{ "type": "Feature", "properties": { "id": 215, "id1": 28, "id2": 2087 }, "geometry": { "type": "LineString", "coordinates": [ [ 651790.864756929106079, 6862618.33388839662075 ], [ 651788.562858293182217, 6862612.183716228231788 ] ] } },
{ "type": "Feature", "properties": { "id": 216, "id1": 96, "id2": 3307 }, "geometry": { "type": "LineString", "coordinates": [ [ 652030.020005182595924, 6862601.432759430259466 ], [ 651987.774600871489383, 6862669.503253297880292 ] ] } },
{ "type": "Feature", "properties": { "id": 217, "id1": 29, "id2": 299 }, "geometry": { "type": "LineString", "coordinates": [ [ 652110.42883117578458, 6862140.941469319164753 ], [ 652111.030889734742232, 6862141.451950030401349 ] ] } },
{ "type": "Feature", "properties": { "id": 218, "id1": 30, "id2": 20 }, "geometry": { "type": "LineString", "coordinates": [ [ 653013.102685744757764, 6864551.071960256434977 ], [ 652965.545584280975163, 6864156.657657929696143 ] ] } },
{ "type": "Feature", "properties": { "id": 238, "id1": 31, "id2": 877 }, "geometry": { "type": "LineString", "coordinates": [ [ 653111.111062553245574, 6865053.421883765608072 ], [ 653155.261679819668643, 6865036.673839470371604 ] ] } },
{ "type": "Feature", "properties": { "id": 241, "id1": 32, "id2": 418 }, "geometry": { "type": "LineString", "coordinates": [ [ 653236.752096112817526, 6864812.476985557936132 ], [ 653224.453726682113484, 6864705.080590216442943 ] ] } },
{ "type": "Feature", "properties": { "id": 246, "id1": 33, "id2": 449 }, "geometry": { "type": "LineString", "coordinates": [ [ 653248.732100610854104, 6864908.116800880990922 ], [ 653206.950791040202603, 6864924.202462224289775 ] ] } },
{ "type": "Feature", "properties": { "id": 247, "id1": 34, "id2": 680 }, "geometry": { "type": "LineString", "coordinates": [ [ 653278.342568692634813, 6865020.617221578024328 ], [ 653276.806010343483649, 6865019.155665684491396 ] ] } },
{ "type": "Feature", "properties": { "id": 248, "id1": 35, "id2": 756 }, "geometry": { "type": "LineString", "coordinates": [ [ 653534.184597785701044, 6865025.859540737234056 ], [ 653479.048614285653457, 6865051.5283691752702 ] ] } },
{ "type": "Feature", "properties": { "id": 250, "id1": 36, "id2": 235 }, "geometry": { "type": "LineString", "coordinates": [ [ 653372.843292061239481, 6864812.576088225468993 ], [ 653316.846442198147997, 6864786.848872508853674 ] ] } },
{ "type": "Feature", "properties": { "id": 259, "id1": 37, "id2": 33 }, "geometry": { "type": "LineString", "coordinates": [ [ 653677.375622286228463, 6864713.100610638968647 ], [ 653721.592201648512855, 6864740.664695715531707 ] ] } },
{ "type": "Feature", "properties": { "id": 272, "id1": 38, "id2": 710 }, "geometry": { "type": "LineString", "coordinates": [ [ 653661.528870665817522, 6864928.398508304730058 ], [ 653659.682549715274945, 6864930.834991425275803 ] ] } },
{ "type": "Feature", "properties": { "id": 273, "id1": 39, "id2": 264 }, "geometry": { "type": "LineString", "coordinates": [ [ 653553.051997818052769, 6864471.516803679056466 ], [ 653489.567388397175819, 6864545.41748779732734 ] ] } },
{ "type": "Feature", "properties": { "id": 289, "id1": 40, "id2": 1861 }, "geometry": { "type": "LineString", "coordinates": [ [ 651136.485034657292999, 6864513.359691850841045 ], [ 651202.681053687818348, 6864625.755499021150172 ] ] } },
{ "type": "Feature", "properties": { "id": 292, "id1": 41, "id2": 732 }, "geometry": { "type": "LineString", "coordinates": [ [ 651453.709865950630046, 6862624.596965482458472 ], [ 651357.636520513449796, 6862500.288550307974219 ] ] } },
{ "type": "Feature", "properties": { "id": 294, "id1": 42, "id2": 3320 }, "geometry": { "type": "LineString", "coordinates": [ [ 651631.49686806416139, 6862580.872834982350469 ], [ 651620.026200701016933, 6862579.134527845308185 ] ] } },
{ "type": "Feature", "properties": { "id": 295, "id1": 43, "id2": 3473 }, "geometry": { "type": "LineString", "coordinates": [ [ 651554.769634610391222, 6862600.843572759069502 ], [ 651563.569023617077619, 6862608.886643951758742 ] ] } },
{ "type": "Feature", "properties": { "id": 296, "id1": 44, "id2": 3462 }, "geometry": { "type": "LineString", "coordinates": [ [ 651806.343307571136393, 6862507.809277544729412 ], [ 651807.449257209547795, 6862510.267696219496429 ] ] } },
{ "type": "Feature", "properties": { "id": 297, "id1": 45, "id2": 1427 }, "geometry": { "type": "LineString", "coordinates": [ [ 651702.500417679315433, 6862493.297532076947391 ], [ 651718.20580569410231, 6862509.765843668952584 ] ] } },
{ "type": "Feature", "properties": { "id": 299, "id1": 46, "id2": 1728 }, "geometry": { "type": "LineString", "coordinates": [ [ 651648.642689877306111, 6862485.89380513690412 ], [ 651660.895469778799452, 6862530.506920172832906 ] ] } },
{ "type": "Feature", "properties": { "id": 301, "id1": 47, "id2": 1804 }, "geometry": { "type": "LineString", "coordinates": [ [ 651708.698139311047271, 6862559.620467961765826 ], [ 651709.392112931236625, 6862559.677132871933281 ] ] } },
{ "type": "Feature", "properties": { "id": 304, "id1": 48, "id2": 3505 }, "geometry": { "type": "LineString", "coordinates": [ [ 651754.462223548092879, 6862349.664216112345457 ], [ 651751.649495034827851, 6862339.688749575987458 ] ] } },
{ "type": "Feature", "properties": { "id": 305, "id1": 49, "id2": 3383 }, "geometry": { "type": "LineString", "coordinates": [ [ 652067.183606627047993, 6862755.144853848032653 ], [ 652113.305431037093513, 6862754.021399298682809 ] ] } },
{ "type": "Feature", "properties": { "id": 306, "id1": 50, "id2": 3398 }, "geometry": { "type": "LineString", "coordinates": [ [ 651895.993554157670587, 6862293.941419933922589 ], [ 651902.769096450181678, 6862297.919081741012633 ] ] } },
{ "type": "Feature", "properties": { "id": 307, "id1": 51, "id2": 297 }, "geometry": { "type": "LineString", "coordinates": [ [ 651867.387753039016388, 6862231.683858470991254 ], [ 651869.752518185065128, 6862232.197310636751354 ] ] } },
{ "type": "Feature", "properties": { "id": 308, "id1": 52, "id2": 504 }, "geometry": { "type": "LineString", "coordinates": [ [ 651877.92449824209325, 6862377.553672477602959 ], [ 651883.326414227369241, 6862374.859345739707351 ] ] } },
{ "type": "Feature", "properties": { "id": 309, "id1": 53, "id2": 64 }, "geometry": { "type": "LineString", "coordinates": [ [ 651834.78054769616574, 6862320.571781357750297 ], [ 651838.114843733143061, 6862302.303798355162144 ] ] } },
{ "type": "Feature", "properties": { "id": 315, "id1": 56, "id2": 3671 }, "geometry": { "type": "LineString", "coordinates": [ [ 651675.828454482834786, 6862357.353056941181421 ], [ 651685.512025878182612, 6862397.207118350081146 ] ] } },
{ "type": "Feature", "properties": { "id": 316, "id1": 57, "id2": 3054 }, "geometry": { "type": "LineString", "coordinates": [ [ 651634.522251492249779, 6862329.159066433086991 ], [ 651641.878759134910069, 6862320.80691884085536 ] ] } },
{ "type": "Feature", "properties": { "id": 318, "id1": 59, "id2": 1179 }, "geometry": { "type": "LineString", "coordinates": [ [ 651633.543651118292473, 6862410.659657468087971 ], [ 651622.57227135647554, 6862407.752580914646387 ] ] } },
{ "type": "Feature", "properties": { "id": 319, "id1": 60, "id2": 3159 }, "geometry": { "type": "LineString", "coordinates": [ [ 651974.015415621106513, 6862297.693990630097687 ], [ 651980.624223652179353, 6862299.435686519369483 ] ] } },
{ "type": "Feature", "properties": { "id": 320, "id1": 61, "id2": 1349 }, "geometry": { "type": "LineString", "coordinates": [ [ 651983.696375971077941, 6862337.204456805251539 ], [ 651995.359212509240024, 6862322.607767669484019 ] ] } },
{ "type": "Feature", "properties": { "id": 321, "id1": 62, "id2": 1564 }, "geometry": { "type": "LineString", "coordinates": [ [ 651992.672311136499047, 6862411.964172061532736 ], [ 651992.485478774877265, 6862415.613036026246846 ] ] } },
{ "type": "Feature", "properties": { "id": 322, "id1": 63, "id2": 1229 }, "geometry": { "type": "LineString", "coordinates": [ [ 651931.123166739358567, 6862453.586413455195725 ], [ 651880.573832595138811, 6862429.150715302675962 ] ] } },
{ "type": "Feature", "properties": { "id": 325, "id1": 64, "id2": 387 }, "geometry": { "type": "LineString", "coordinates": [ [ 652032.568804159411229, 6862351.941826530732214 ], [ 652032.211717972299084, 6862353.767684759572148 ] ] } },
{ "type": "Feature", "properties": { "id": 326, "id1": 65, "id2": 1478 }, "geometry": { "type": "LineString", "coordinates": [ [ 652054.555950001580641, 6862382.5648378059268 ], [ 652051.974836354725994, 6862380.878680724650621 ] ] } },
{ "type": "Feature", "properties": { "id": 328, "id1": 66, "id2": 879 }, "geometry": { "type": "LineString", "coordinates": [ [ 651940.595178779447451, 6862259.909042844548821 ], [ 651944.256654996657744, 6862259.155549116432667 ] ] } },
{ "type": "Feature", "properties": { "id": 330, "id1": 68, "id2": 2498 }, "geometry": { "type": "LineString", "coordinates": [ [ 651989.96216901182197, 6862182.100168897770345 ], [ 652032.304123489535414, 6862171.177820422686636 ] ] } },
{ "type": "Feature", "properties": { "id": 333, "id1": 70, "id2": 1531 }, "geometry": { "type": "LineString", "coordinates": [ [ 651978.950732218450867, 6862240.104035302996635 ], [ 651983.393906896701083, 6862246.16073907725513 ] ] } },
{ "type": "Feature", "properties": { "id": 334, "id1": 71, "id2": 1287 }, "geometry": { "type": "LineString", "coordinates": [ [ 652050.316068900399841, 6862231.655219749547541 ], [ 652067.38346766482573, 6862270.87554579321295 ] ] } },
{ "type": "Feature", "properties": { "id": 336, "id1": 72, "id2": 1303 }, "geometry": { "type": "LineString", "coordinates": [ [ 652111.78137560444884, 6862416.513636035844684 ], [ 652083.791415904997848, 6862419.595096585340798 ] ] } },
{ "type": "Feature", "properties": { "id": 338, "id1": 73, "id2": 1414 }, "geometry": { "type": "LineString", "coordinates": [ [ 652124.823531198198907, 6862345.370874701067805 ], [ 652126.446703342255205, 6862345.849578912369907 ] ] } },
{ "type": "Feature", "properties": { "id": 339, "id1": 74, "id2": 674 }, "geometry": { "type": "LineString", "coordinates": [ [ 652101.453745598089881, 6862290.177525120787323 ], [ 652084.483932098839432, 6862321.830765274353325 ] ] } },
{ "type": "Feature", "properties": { "id": 344, "id1": 76, "id2": 1314 }, "geometry": { "type": "LineString", "coordinates": [ [ 652128.927722788299434, 6862382.944972525350749 ], [ 652131.431645017000847, 6862382.445613507181406 ] ] } },
{ "type": "Feature", "properties": { "id": 350, "id1": 81, "id2": 875 }, "geometry": { "type": "LineString", "coordinates": [ [ 651292.414043601020239, 6862716.150196433998644 ], [ 651278.974056329810992, 6862733.994439958594739 ] ] } },
{ "type": "Feature", "properties": { "id": 352, "id1": 83, "id2": 1609 }, "geometry": { "type": "LineString", "coordinates": [ [ 651211.012545442790724, 6862715.352652674540877 ], [ 651218.745115632656962, 6862703.906776911579072 ] ] } },
{ "type": "Feature", "properties": { "id": 362, "id1": 102, "id2": 2384 }, "geometry": { "type": "LineString", "coordinates": [ [ 652010.682730317348614, 6862559.309994232840836 ], [ 651993.004563161055557, 6862548.700706570409238 ] ] } },
{ "type": "Feature", "properties": { "id": 364, "id1": 88, "id2": 640 }, "geometry": { "type": "LineString", "coordinates": [ [ 651211.525275578373112, 6862555.563445350155234 ], [ 651133.688975383760408, 6862544.62028422113508 ] ] } },
{ "type": "Feature", "properties": { "id": 370, "id1": 89, "id2": 1635 }, "geometry": { "type": "LineString", "coordinates": [ [ 651162.727591042057611, 6862729.870516209863126 ], [ 650709.064720656140707, 6862794.444677262566984 ] ] } },
{ "type": "Feature", "properties": { "id": 372, "id1": 90, "id2": 2769 }, "geometry": { "type": "LineString", "coordinates": [ [ 651155.978139700833708, 6862825.749539169482887 ], [ 651188.550621970905922, 6862785.967511527240276 ] ] } },
{ "type": "Feature", "properties": { "id": 373, "id1": 92, "id2": 65 }, "geometry": { "type": "LineString", "coordinates": [ [ 650781.620566783240065, 6862833.869135019369423 ], [ 650540.10397193976678, 6863121.593605705536902 ] ] } },
{ "type": "Feature", "properties": { "id": 393, "id1": 104, "id2": 381 }, "geometry": { "type": "LineString", "coordinates": [ [ 652041.002649338915944, 6862522.793955667875707 ], [ 652076.385750207351521, 6862519.207860176451504 ] ] } },
{ "type": "Feature", "properties": { "id": 394, "id1": 106, "id2": 2587 }, "geometry": { "type": "LineString", "coordinates": [ [ 651728.841614902368747, 6862631.952180362306535 ], [ 651722.928866734495386, 6862632.069091331213713 ] ] } },
{ "type": "Feature", "properties": { "id": 398, "id1": 109, "id2": 743 }, "geometry": { "type": "LineString", "coordinates": [ [ 652198.944063370698132, 6862086.753512413240969 ], [ 652166.407055223360658, 6862113.68565421178937 ] ] } },
{ "type": "Feature", "properties": { "id": 403, "id1": 114, "id2": 3084 }, "geometry": { "type": "LineString", "coordinates": [ [ 652213.57371028419584, 6862133.274259357713163 ], [ 652213.367677026428282, 6862093.062244787812233 ] ] } },
{ "type": "Feature", "properties": { "id": 404, "id1": 115, "id2": 1853 }, "geometry": { "type": "LineString", "coordinates": [ [ 652149.822599542676471, 6862219.298885515891016 ], [ 652138.654212784837, 6862222.85434933938086 ] ] } },
{ "type": "Feature", "properties": { "id": 405, "id1": 116, "id2": 130 }, "geometry": { "type": "LineString", "coordinates": [ [ 652196.395671933772974, 6862200.996663059107959 ], [ 652217.812117188354023, 6862182.531528943218291 ] ] } },
{ "type": "Feature", "properties": { "id": 407, "id1": 120, "id2": 1922 }, "geometry": { "type": "LineString", "coordinates": [ [ 652293.189650693559088, 6862158.243566453456879 ], [ 652291.655874213553034, 6862148.725134640932083 ] ] } },
{ "type": "Feature", "properties": { "id": 408, "id1": 121, "id2": 476 }, "geometry": { "type": "LineString", "coordinates": [ [ 652185.095523345516995, 6862323.332600426860154 ], [ 652171.523742639808916, 6862325.519577567465603 ] ] } },
{ "type": "Feature", "properties": { "id": 409, "id1": 122, "id2": 1746 }, "geometry": { "type": "LineString", "coordinates": [ [ 652250.410497091361322, 6862297.513203477486968 ], [ 652244.142738287919201, 6862303.67105351574719 ] ] } },
{ "type": "Feature", "properties": { "id": 410, "id1": 123, "id2": 2690 }, "geometry": { "type": "LineString", "coordinates": [ [ 652229.965832247049548, 6862246.228713090531528 ], [ 652225.512819693074562, 6862251.034927197732031 ] ] } },
{ "type": "Feature", "properties": { "id": 411, "id1": 124, "id2": 302 }, "geometry": { "type": "LineString", "coordinates": [ [ 652248.556123178917915, 6862444.06639186386019 ], [ 652220.692533390945755, 6862460.536166990175843 ] ] } },
{ "type": "Feature", "properties": { "id": 414, "id1": 125, "id2": 2785 }, "geometry": { "type": "LineString", "coordinates": [ [ 652269.776154756778851, 6862375.821673431433737 ], [ 652268.515823912573978, 6862377.779155367985368 ] ] } },
{ "type": "Feature", "properties": { "id": 415, "id1": 126, "id2": 3433 }, "geometry": { "type": "LineString", "coordinates": [ [ 652214.137657452491112, 6862393.493930408731103 ], [ 652199.204037251183763, 6862401.430837868712842 ] ] } },
{ "type": "Feature", "properties": { "id": 416, "id1": 127, "id2": 1044 }, "geometry": { "type": "LineString", "coordinates": [ [ 652203.715314348810352, 6862660.122206572443247 ], [ 652229.456565207336098, 6862649.970057046972215 ] ] } },
{ "type": "Feature", "properties": { "id": 418, "id1": 173, "id2": 2143 }, "geometry": { "type": "LineString", "coordinates": [ [ 652250.740715893218294, 6861877.031929175369442 ], [ 652218.543101068702526, 6861818.51899426523596 ] ] } },
{ "type": "Feature", "properties": { "id": 420, "id1": 129, "id2": 845 }, "geometry": { "type": "LineString", "coordinates": [ [ 652173.598335427115671, 6862623.662343128584325 ], [ 652214.51909301429987, 6862611.073381711728871 ] ] } },
{ "type": "Feature", "properties": { "id": 422, "id1": 130, "id2": 625 }, "geometry": { "type": "LineString", "coordinates": [ [ 652153.114139975281432, 6862566.078978290781379 ], [ 652202.252907230518758, 6862582.930627897381783 ] ] } },
{ "type": "Feature", "properties": { "id": 425, "id1": 131, "id2": 2731 }, "geometry": { "type": "LineString", "coordinates": [ [ 652219.557447298313491, 6862700.276881129480898 ], [ 652244.01996825565584, 6862696.539775761775672 ] ] } },
{ "type": "Feature", "properties": { "id": 431, "id1": 137, "id2": 2559 }, "geometry": { "type": "LineString", "coordinates": [ [ 652317.169847080949694, 6862360.656017982400954 ], [ 652319.712998200906441, 6862362.817937499843538 ] ] } },
{ "type": "Feature", "properties": { "id": 432, "id1": 139, "id2": 107 }, "geometry": { "type": "LineString", "coordinates": [ [ 652283.541408644523472, 6862258.265605452470481 ], [ 652292.872883714619093, 6862283.649478898383677 ] ] } },
{ "type": "Feature", "properties": { "id": 434, "id1": 140, "id2": 431 }, "geometry": { "type": "LineString", "coordinates": [ [ 652354.443913558148779, 6862091.003526571206748 ], [ 652364.712240362190641, 6862105.530692350119352 ] ] } },
{ "type": "Feature", "properties": { "id": 435, "id1": 141, "id2": 2427 }, "geometry": { "type": "LineString", "coordinates": [ [ 652271.703713094233535, 6862089.752642130479217 ], [ 652263.599188915337436, 6862070.069025288335979 ] ] } },
{ "type": "Feature", "properties": { "id": 438, "id1": 143, "id2": 2886 }, "geometry": { "type": "LineString", "coordinates": [ [ 652340.109028904349543, 6862047.045814579352736 ], [ 652325.518649903940968, 6862039.418596789240837 ] ] } },
{ "type": "Feature", "properties": { "id": 439, "id1": 144, "id2": 2718 }, "geometry": { "type": "LineString", "coordinates": [ [ 652341.590264460188337, 6862146.068008481524885 ], [ 652335.399308865657076, 6862143.224315576255322 ] ] } },
{ "type": "Feature", "properties": { "id": 440, "id1": 145, "id2": 2342 }, "geometry": { "type": "LineString", "coordinates": [ [ 652420.331622032797895, 6862092.364510650746524 ], [ 652417.895371812977828, 6862042.139389262534678 ] ] } },
{ "type": "Feature", "properties": { "id": 441, "id1": 146, "id2": 917 }, "geometry": { "type": "LineString", "coordinates": [ [ 652333.013814422534779, 6862267.355395613238215 ], [ 652338.687595863477327, 6862267.389588344842196 ] ] } },
{ "type": "Feature", "properties": { "id": 443, "id1": 147, "id2": 866 }, "geometry": { "type": "LineString", "coordinates": [ [ 652314.864231977146119, 6862222.825667855329812 ], [ 652297.424829890951514, 6862228.738781379535794 ] ] } },
{ "type": "Feature", "properties": { "id": 445, "id1": 148, "id2": 795 }, "geometry": { "type": "LineString", "coordinates": [ [ 652384.385748372529633, 6862208.024900291115046 ], [ 652385.588417161605321, 6862211.691294765099883 ] ] } },
{ "type": "Feature", "properties": { "id": 446, "id1": 149, "id2": 1437 }, "geometry": { "type": "LineString", "coordinates": [ [ 652465.764841727097519, 6862169.649657565169036 ], [ 652472.944565409328789, 6862169.81213360466063 ] ] } },
{ "type": "Feature", "properties": { "id": 447, "id1": 150, "id2": 1444 }, "geometry": { "type": "LineString", "coordinates": [ [ 652497.264417062397115, 6862040.771515445783734 ], [ 652489.750655742478557, 6862010.655547707341611 ] ] } },
{ "type": "Feature", "properties": { "id": 449, "id1": 151, "id2": 2445 }, "geometry": { "type": "LineString", "coordinates": [ [ 652537.246436464018188, 6862135.926632169634104 ], [ 652553.418014997965656, 6862129.817853955551982 ] ] } },
{ "type": "Feature", "properties": { "id": 450, "id1": 152, "id2": 356 }, "geometry": { "type": "LineString", "coordinates": [ [ 652600.693506494397298, 6861988.816679507493973 ], [ 652629.245662691188045, 6862002.976217715069652 ] ] } },
{ "type": "Feature", "properties": { "id": 453, "id1": 155, "id2": 263 }, "geometry": { "type": "LineString", "coordinates": [ [ 652415.21459585649427, 6862644.151006539352238 ], [ 652393.015622655162588, 6862571.924805172719061 ] ] } },
{ "type": "Feature", "properties": { "id": 455, "id1": 156, "id2": 3498 }, "geometry": { "type": "LineString", "coordinates": [ [ 652364.09419357276056, 6862491.537225631996989 ], [ 652368.132691397680901, 6862497.144591651856899 ] ] } },
{ "type": "Feature", "properties": { "id": 456, "id1": 157, "id2": 2244 }, "geometry": { "type": "LineString", "coordinates": [ [ 652319.726103765657172, 6862742.223900956101716 ], [ 652317.200327932136133, 6862727.245771802030504 ] ] } },
{ "type": "Feature", "properties": { "id": 458, "id1": 158, "id2": 956 }, "geometry": { "type": "LineString", "coordinates": [ [ 652380.551867985050194, 6862730.62408150639385 ], [ 652383.855183886713348, 6862700.47526484914124 ] ] } },
{ "type": "Feature", "properties": { "id": 459, "id1": 159, "id2": 583 }, "geometry": { "type": "LineString", "coordinates": [ [ 652302.607245076796971, 6862578.684335304424167 ], [ 652246.34880770125892, 6862526.686118762940168 ] ] } },
{ "type": "Feature", "properties": { "id": 464, "id1": 160, "id2": 1053 }, "geometry": { "type": "LineString", "coordinates": [ [ 652455.062048958265223, 6862493.194000069051981 ], [ 652469.028672770597041, 6862486.00440036598593 ] ] } },
{ "type": "Feature", "properties": { "id": 466, "id1": 162, "id2": 2361 }, "geometry": { "type": "LineString", "coordinates": [ [ 652412.611499723861925, 6862338.964008648879826 ], [ 652396.214202619506977, 6862368.060417516157031 ] ] } },
{ "type": "Feature", "properties": { "id": 468, "id1": 164, "id2": 2489 }, "geometry": { "type": "LineString", "coordinates": [ [ 652303.739965340355411, 6861723.917027757503092 ], [ 652313.423492682049982, 6861717.976088381372392 ] ] } },
{ "type": "Feature", "properties": { "id": 469, "id1": 165, "id2": 2637 }, "geometry": { "type": "LineString", "coordinates": [ [ 652382.089411093736999, 6861670.441931537352502 ], [ 652377.516091279801913, 6861666.792833547107875 ] ] } },
{ "type": "Feature", "properties": { "id": 470, "id1": 166, "id2": 3479 }, "geometry": { "type": "LineString", "coordinates": [ [ 652370.577570514637046, 6861758.293228268623352 ], [ 652370.343906361958943, 6861758.688297938555479 ] ] } },
{ "type": "Feature", "properties": { "id": 471, "id1": 167, "id2": 453 }, "geometry": { "type": "LineString", "coordinates": [ [ 652346.352136394241825, 6861841.435178934596479 ], [ 652385.539326450554654, 6861795.381807231344283 ] ] } },
{ "type": "Feature", "properties": { "id": 476, "id1": 171, "id2": 3172 }, "geometry": { "type": "LineString", "coordinates": [ [ 652310.486949326703325, 6861809.604689992032945 ], [ 652323.935841950238682, 6861821.646600927226245 ] ] } },
{ "type": "Feature", "properties": { "id": 481, "id1": 178, "id2": 2428 }, "geometry": { "type": "LineString", "coordinates": [ [ 652100.79393107118085, 6861946.130751332268119 ], [ 652160.234215809497982, 6861915.841715292073786 ] ] } },
{ "type": "Feature", "properties": { "id": 490, "id1": 185, "id2": 1620 }, "geometry": { "type": "LineString", "coordinates": [ [ 652117.48950947728008, 6861811.912768782116473 ], [ 652045.391461143852212, 6861800.56350292917341 ] ] } },
{ "type": "Feature", "properties": { "id": 492, "id1": 187, "id2": 520 }, "geometry": { "type": "LineString", "coordinates": [ [ 652107.61910757003352, 6861891.792577528394759 ], [ 652109.55735828645993, 6861907.65194244030863 ] ] } },
{ "type": "Feature", "properties": { "id": 494, "id1": 188, "id2": 535 }, "geometry": { "type": "LineString", "coordinates": [ [ 652141.741698976140469, 6861880.420505031943321 ], [ 652125.660140047431923, 6861887.551868066191673 ] ] } },
{ "type": "Feature", "properties": { "id": 503, "id1": 193, "id2": 1004 }, "geometry": { "type": "LineString", "coordinates": [ [ 652158.080441553727724, 6861728.034666849300265 ], [ 652174.533989433781244, 6861693.430182756856084 ] ] } },
{ "type": "Feature", "properties": { "id": 505, "id1": 210, "id2": 3672 }, "geometry": { "type": "LineString", "coordinates": [ [ 652970.659725106554106, 6861434.577778282575309 ], [ 652974.54549555061385, 6861438.387056577019393 ] ] } },
{ "type": "Feature", "properties": { "id": 506, "id1": 211, "id2": 3480 }, "geometry": { "type": "LineString", "coordinates": [ [ 652814.630494262673892, 6861431.689949668943882 ], [ 652819.065405266126618, 6861433.362693259492517 ] ] } },
{ "type": "Feature", "properties": { "id": 507, "id1": 194, "id2": 2402 }, "geometry": { "type": "LineString", "coordinates": [ [ 652437.127040959312581, 6861645.090642809867859 ], [ 652426.700024940655567, 6861667.439012717455626 ] ] } },
{ "type": "Feature", "properties": { "id": 508, "id1": 195, "id2": 969 }, "geometry": { "type": "LineString", "coordinates": [ [ 651767.537079384201206, 6862061.912514825351536 ], [ 651755.627319952705875, 6862072.082813301123679 ] ] } },
{ "type": "Feature", "properties": { "id": 510, "id1": 197, "id2": 2872 }, "geometry": { "type": "LineString", "coordinates": [ [ 651692.932288589538075, 6862058.142895565368235 ], [ 651725.079916712129489, 6862020.802309647202492 ] ] } },
{ "type": "Feature", "properties": { "id": 512, "id1": 199, "id2": 451 }, "geometry": { "type": "LineString", "coordinates": [ [ 651652.182924660504796, 6862670.032753345556557 ], [ 651641.240651322295889, 6862673.661773870699108 ] ] } },
{ "type": "Feature", "properties": { "id": 513, "id1": 200, "id2": 2188 }, "geometry": { "type": "LineString", "coordinates": [ [ 651896.074122025747783, 6861951.076923491433263 ], [ 651904.652592150028795, 6861947.285320363007486 ] ] } },
{ "type": "Feature", "properties": { "id": 514, "id1": 201, "id2": 2790 }, "geometry": { "type": "LineString", "coordinates": [ [ 652320.862364207394421, 6861602.713005132041872 ], [ 652329.394833700731397, 6861596.580783978104591 ] ] } },
{ "type": "Feature", "properties": { "id": 515, "id1": 202, "id2": 1588 }, "geometry": { "type": "LineString", "coordinates": [ [ 652435.328126798267476, 6861528.762623388320208 ], [ 652469.115966405952349, 6861518.837469208985567 ] ] } },
{ "type": "Feature", "properties": { "id": 517, "id1": 203, "id2": 312 }, "geometry": { "type": "LineString", "coordinates": [ [ 652167.363017137744464, 6861628.000655921176076 ], [ 652092.37316635530442, 6861610.078987132757902 ] ] } },
{ "type": "Feature", "properties": { "id": 523, "id1": 204, "id2": 1754 }, "geometry": { "type": "LineString", "coordinates": [ [ 652610.87250488542486, 6861637.552293480373919 ], [ 652560.272492572898045, 6861667.740281900390983 ] ] } },
{ "type": "Feature", "properties": { "id": 525, "id1": 205, "id2": 3540 }, "geometry": { "type": "LineString", "coordinates": [ [ 652598.210841735824943, 6861561.962433390319347 ], [ 652614.425139002851211, 6861546.90812376793474 ] ] } },
{ "type": "Feature", "properties": { "id": 527, "id1": 206, "id2": 1670 }, "geometry": { "type": "LineString", "coordinates": [ [ 652670.298897267784923, 6861506.980015126988292 ], [ 652671.925019877147861, 6861508.703961963765323 ] ] } },
{ "type": "Feature", "properties": { "id": 528, "id1": 207, "id2": 738 }, "geometry": { "type": "LineString", "coordinates": [ [ 652738.01947988208849, 6861568.533235552720726 ], [ 652739.336556372232735, 6861569.779910268262029 ] ] } },
{ "type": "Feature", "properties": { "id": 529, "id1": 208, "id2": 2326 }, "geometry": { "type": "LineString", "coordinates": [ [ 652732.657505445531569, 6861476.691547730006278 ], [ 652734.713960395893082, 6861478.959342987276614 ] ] } },
{ "type": "Feature", "properties": { "id": 530, "id1": 209, "id2": 435 }, "geometry": { "type": "LineString", "coordinates": [ [ 652855.92319727758877, 6861503.183140351437032 ], [ 652861.262408248265274, 6861504.819512216374278 ] ] } },
{ "type": "Feature", "properties": { "id": 531, "id1": 274, "id2": 1703 }, "geometry": { "type": "LineString", "coordinates": [ [ 652103.113417656393722, 6864202.807104464620352 ], [ 652102.171969769289717, 6864205.64869640301913 ] ] } },
{ "type": "Feature", "properties": { "id": 532, "id1": 212, "id2": 2094 }, "geometry": { "type": "LineString", "coordinates": [ [ 652950.030934556387365, 6861355.535882106982172 ], [ 652937.966825166135095, 6861372.896072311326861 ] ] } },
{ "type": "Feature", "properties": { "id": 534, "id1": 213, "id2": 647 }, "geometry": { "type": "LineString", "coordinates": [ [ 648729.781965728267096, 6864455.455033828504384 ], [ 648642.380577846430242, 6864434.594898070208728 ] ] } },
{ "type": "Feature", "properties": { "id": 538, "id1": 214, "id2": 2440 }, "geometry": { "type": "LineString", "coordinates": [ [ 648981.161657711490989, 6864315.083675320260227 ], [ 648859.97945391444955, 6864417.437035411596298 ] ] } },
{ "type": "Feature", "properties": { "id": 540, "id1": 215, "id2": 1395 }, "geometry": { "type": "LineString", "coordinates": [ [ 651556.393336672103032, 6862685.940173499286175 ], [ 651558.015344950254075, 6862685.998953202739358 ] ] } },
{ "type": "Feature", "properties": { "id": 541, "id1": 216, "id2": 15 }, "geometry": { "type": "LineString", "coordinates": [ [ 649280.578137983335182, 6864057.965179827995598 ], [ 649286.282424725941382, 6864045.60395080037415 ] ] } },
{ "type": "Feature", "properties": { "id": 548, "id1": 217, "id2": 2414 }, "geometry": { "type": "LineString", "coordinates": [ [ 649115.515353407361545, 6864028.309257099404931 ], [ 649113.739148765453137, 6864028.321669494733214 ] ] } },
{ "type": "Feature", "properties": { "id": 549, "id1": 218, "id2": 1342 }, "geometry": { "type": "LineString", "coordinates": [ [ 649279.70180148165673, 6863904.276000888086855 ], [ 649330.153212682926096, 6863833.675804317928851 ] ] } },
{ "type": "Feature", "properties": { "id": 553, "id1": 219, "id2": 890 }, "geometry": { "type": "LineString", "coordinates": [ [ 648950.125002499786206, 6863895.118142205290496 ], [ 648949.329951826133765, 6863894.86130900029093 ] ] } },
{ "type": "Feature", "properties": { "id": 554, "id1": 220, "id2": 153 }, "geometry": { "type": "LineString", "coordinates": [ [ 649145.136858585407026, 6863826.727518426254392 ], [ 649204.079970618127845, 6863856.503233486786485 ] ] } },
{ "type": "Feature", "properties": { "id": 557, "id1": 221, "id2": 154 }, "geometry": { "type": "LineString", "coordinates": [ [ 649374.997630790108815, 6863755.894685589708388 ], [ 649454.079787854338065, 6863790.824407095089555 ] ] } },
{ "type": "Feature", "properties": { "id": 559, "id1": 222, "id2": 1182 }, "geometry": { "type": "LineString", "coordinates": [ [ 649184.139121937565506, 6863642.523341935127974 ], [ 649185.094110644073226, 6863646.095913814380765 ] ] } },
{ "type": "Feature", "properties": { "id": 560, "id1": 223, "id2": 983 }, "geometry": { "type": "LineString", "coordinates": [ [ 649019.516851486987434, 6863724.094784250482917 ], [ 649017.827815737342462, 6863726.431128892116249 ] ] } },
{ "type": "Feature", "properties": { "id": 561, "id1": 224, "id2": 558 }, "geometry": { "type": "LineString", "coordinates": [ [ 649340.504103251732886, 6863567.854745974764228 ], [ 649422.652198518626392, 6863557.298394204117358 ] ] } },
{ "type": "Feature", "properties": { "id": 564, "id1": 225, "id2": 1466 }, "geometry": { "type": "LineString", "coordinates": [ [ 649470.539643417112529, 6863650.922989124432206 ], [ 649467.543035581475124, 6863682.960493211634457 ] ] } },
{ "type": "Feature", "properties": { "id": 567, "id1": 226, "id2": 953 }, "geometry": { "type": "LineString", "coordinates": [ [ 648687.940528204315342, 6864096.537545024417341 ], [ 648578.022983786300756, 6863917.091370613314211 ] ] } },
{ "type": "Feature", "properties": { "id": 588, "id1": 227, "id2": 1387 }, "geometry": { "type": "LineString", "coordinates": [ [ 648741.262293378007598, 6863691.043658564798534 ], [ 648683.144462052732706, 6863721.919594032689929 ] ] } },
{ "type": "Feature", "properties": { "id": 590, "id1": 228, "id2": 396 }, "geometry": { "type": "LineString", "coordinates": [ [ 648589.775141640217043, 6863592.105345320887864 ], [ 648601.836466876557097, 6863576.872755776159465 ] ] } },
{ "type": "Feature", "properties": { "id": 599, "id1": 229, "id2": 283 }, "geometry": { "type": "LineString", "coordinates": [ [ 648397.263550704461522, 6863714.376144137233496 ], [ 648289.391434506047517, 6863662.334769304841757 ] ] } },
{ "type": "Feature", "properties": { "id": 604, "id1": 242, "id2": 3563 }, "geometry": { "type": "LineString", "coordinates": [ [ 649910.608394531183876, 6863785.485449844971299 ], [ 649909.651380540803075, 6863785.216090428642929 ] ] } },
{ "type": "Feature", "properties": { "id": 605, "id1": 474, "id2": 2912 }, "geometry": { "type": "LineString", "coordinates": [ [ 649383.946589212166145, 6862449.7708057500422 ], [ 649364.262059775646776, 6862503.624367988668382 ] ] } },
{ "type": "Feature", "properties": { "id": 606, "id1": 230, "id2": 522 }, "geometry": { "type": "LineString", "coordinates": [ [ 649539.350397991598584, 6864128.611259910278022 ], [ 649505.8093738934258, 6864081.69697717577219 ] ] } },
{ "type": "Feature", "properties": { "id": 615, "id1": 231, "id2": 1461 }, "geometry": { "type": "LineString", "coordinates": [ [ 649656.274050182662904, 6864287.995825993828475 ], [ 649610.394660605466925, 6864352.221262987703085 ] ] } },
{ "type": "Feature", "properties": { "id": 622, "id1": 232, "id2": 47 }, "geometry": { "type": "LineString", "coordinates": [ [ 649921.413991480600089, 6864089.407147858291864 ], [ 649953.21652102842927, 6864138.157590731978416 ] ] } },
{ "type": "Feature", "properties": { "id": 626, "id1": 233, "id2": 837 }, "geometry": { "type": "LineString", "coordinates": [ [ 649706.482091172132641, 6864429.322130356915295 ], [ 649730.282674945425242, 6864494.449965148232877 ] ] } },
{ "type": "Feature", "properties": { "id": 637, "id1": 234, "id2": 2712 }, "geometry": { "type": "LineString", "coordinates": [ [ 649664.464054409181699, 6863886.811571225523949 ], [ 649618.276650645071641, 6863869.024068493396044 ] ] } },
{ "type": "Feature", "properties": { "id": 639, "id1": 235, "id2": 1150 }, "geometry": { "type": "LineString", "coordinates": [ [ 649602.368346306611784, 6863706.978735893033445 ], [ 649604.098869096604176, 6863708.269081053324044 ] ] } },
{ "type": "Feature", "properties": { "id": 640, "id1": 236, "id2": 1157 }, "geometry": { "type": "LineString", "coordinates": [ [ 649683.652538640424609, 6863792.703171145170927 ], [ 649672.963512369547971, 6863791.190627578645945 ] ] } },
{ "type": "Feature", "properties": { "id": 641, "id1": 237, "id2": 1660 }, "geometry": { "type": "LineString", "coordinates": [ [ 650067.292029208969325, 6864454.710495250299573 ], [ 650061.731961502926424, 6864386.059866309165955 ] ] } },
{ "type": "Feature", "properties": { "id": 644, "id1": 238, "id2": 2238 }, "geometry": { "type": "LineString", "coordinates": [ [ 650262.981773466803133, 6864385.068183126859367 ], [ 650233.576156344730407, 6864429.213265107944608 ] ] } },
{ "type": "Feature", "properties": { "id": 647, "id1": 240, "id2": 2601 }, "geometry": { "type": "LineString", "coordinates": [ [ 650158.865440154331736, 6864342.404510881751776 ], [ 650152.471231793286279, 6864353.342005975544453 ] ] } },
{ "type": "Feature", "properties": { "id": 648, "id1": 241, "id2": 2836 }, "geometry": { "type": "LineString", "coordinates": [ [ 649780.319056629901752, 6863778.232356592081487 ], [ 649780.0410038435366, 6863777.984814760275185 ] ] } },
{ "type": "Feature", "properties": { "id": 649, "id1": 587, "id2": 1089 }, "geometry": { "type": "LineString", "coordinates": [ [ 649929.542441353667527, 6863652.282322779297829 ], [ 649929.883893737918697, 6863654.41388501599431 ] ] } },
{ "type": "Feature", "properties": { "id": 650, "id1": 243, "id2": 3092 }, "geometry": { "type": "LineString", "coordinates": [ [ 650029.740350748295896, 6863841.758263193070889 ], [ 650030.655396567308344, 6863842.663703486323357 ] ] } },
{ "type": "Feature", "properties": { "id": 651, "id1": 244, "id2": 2415 }, "geometry": { "type": "LineString", "coordinates": [ [ 649959.060481507563964, 6863962.085226004011929 ], [ 649891.087759125279263, 6863939.588336518965662 ] ] } },
{ "type": "Feature", "properties": { "id": 653, "id1": 245, "id2": 513 }, "geometry": { "type": "LineString", "coordinates": [ [ 649944.250573061755858, 6864220.130423547700047 ], [ 650042.9485599915497, 6864240.118681739084423 ] ] } },
{ "type": "Feature", "properties": { "id": 656, "id1": 246, "id2": 682 }, "geometry": { "type": "LineString", "coordinates": [ [ 650044.152138476260006, 6864095.578756961971521 ], [ 650043.509863234939985, 6864114.628544360399246 ] ] } },
{ "type": "Feature", "properties": { "id": 658, "id1": 247, "id2": 802 }, "geometry": { "type": "LineString", "coordinates": [ [ 650209.064942265627906, 6864246.035519714467227 ], [ 650262.371537805651315, 6864228.879718231037259 ] ] } },
{ "type": "Feature", "properties": { "id": 660, "id1": 248, "id2": 472 }, "geometry": { "type": "LineString", "coordinates": [ [ 650137.094617058406584, 6864203.151209915988147 ], [ 650154.185491364682093, 6864206.080995762720704 ] ] } },
{ "type": "Feature", "properties": { "id": 661, "id1": 249, "id2": 605 }, "geometry": { "type": "LineString", "coordinates": [ [ 650221.74355256347917, 6864141.943199140019715 ], [ 650224.515160680399276, 6864145.274565779604018 ] ] } },
{ "type": "Feature", "properties": { "id": 665, "id1": 250, "id2": 2448 }, "geometry": { "type": "LineString", "coordinates": [ [ 650129.416783286025748, 6863696.065125570632517 ], [ 650129.96777855406981, 6863697.067046359181404 ] ] } },
{ "type": "Feature", "properties": { "id": 666, "id1": 251, "id2": 257 }, "geometry": { "type": "LineString", "coordinates": [ [ 650196.130015167174861, 6863917.96768266800791 ], [ 650254.339975165086798, 6863880.53374885302037 ] ] } },
{ "type": "Feature", "properties": { "id": 678, "id1": 252, "id2": 289 }, "geometry": { "type": "LineString", "coordinates": [ [ 650360.775656801532023, 6863886.83917495701462 ], [ 650424.066121610347182, 6863954.354738273657858 ] ] } },
{ "type": "Feature", "properties": { "id": 688, "id1": 253, "id2": 2019 }, "geometry": { "type": "LineString", "coordinates": [ [ 650609.625302947242744, 6864080.871216712519526 ], [ 650547.349818520015106, 6864106.639916308224201 ] ] } },
{ "type": "Feature", "properties": { "id": 692, "id1": 254, "id2": 1364 }, "geometry": { "type": "LineString", "coordinates": [ [ 650540.227356430375949, 6863950.853661986999214 ], [ 650529.509790402720682, 6863936.318923961371183 ] ] } },
{ "type": "Feature", "properties": { "id": 694, "id1": 255, "id2": 799 }, "geometry": { "type": "LineString", "coordinates": [ [ 650680.371880103251897, 6863943.273307069204748 ], [ 650633.381943129468709, 6863940.048557133413851 ] ] } },
{ "type": "Feature", "properties": { "id": 702, "id1": 256, "id2": 220 }, "geometry": { "type": "LineString", "coordinates": [ [ 650548.733674074988812, 6863708.869343178346753 ], [ 650386.420121903531253, 6863615.815509704872966 ] ] } },
{ "type": "Feature", "properties": { "id": 716, "id1": 257, "id2": 3059 }, "geometry": { "type": "LineString", "coordinates": [ [ 651090.34322270960547, 6864351.023373165167868 ], [ 651091.093590460950509, 6864351.844028697349131 ] ] } },
{ "type": "Feature", "properties": { "id": 717, "id1": 273, "id2": 233 }, "geometry": { "type": "LineString", "coordinates": [ [ 652163.842369607067667, 6864228.679661504924297 ], [ 652164.341972959926352, 6864229.770767507143319 ] ] } },
{ "type": "Feature", "properties": { "id": 718, "id1": 258, "id2": 1077 }, "geometry": { "type": "LineString", "coordinates": [ [ 651271.142028780421242, 6864340.12084064912051 ], [ 651221.128823239239864, 6864388.914615316316485 ] ] } },
{ "type": "Feature", "properties": { "id": 720, "id1": 259, "id2": 196 }, "geometry": { "type": "LineString", "coordinates": [ [ 650892.274515317054465, 6864131.792983559891582 ], [ 650973.614322581677698, 6864241.219187629409134 ] ] } },
{ "type": "Feature", "properties": { "id": 725, "id1": 260, "id2": 1352 }, "geometry": { "type": "LineString", "coordinates": [ [ 650881.346172557794489, 6864030.530514552257955 ], [ 650844.03181097866036, 6864034.057063950225711 ] ] } },
{ "type": "Feature", "properties": { "id": 727, "id1": 261, "id2": 405 }, "geometry": { "type": "LineString", "coordinates": [ [ 650914.176395446876995, 6863931.294748397544026 ], [ 651034.019616664387286, 6863843.611139701679349 ] ] } },
{ "type": "Feature", "properties": { "id": 733, "id1": 262, "id2": 2299 }, "geometry": { "type": "LineString", "coordinates": [ [ 650760.21138145797886, 6863831.626623651944101 ], [ 650759.280326251639053, 6863819.544493277557194 ] ] } },
{ "type": "Feature", "properties": { "id": 734, "id1": 263, "id2": 1012 }, "geometry": { "type": "LineString", "coordinates": [ [ 651654.997423288528807, 6862780.128370865248144 ], [ 651694.149758028099313, 6862818.869400409050286 ] ] } },
{ "type": "Feature", "properties": { "id": 746, "id1": 265, "id2": 96 }, "geometry": { "type": "LineString", "coordinates": [ [ 651128.65347645082511, 6864209.998641717247665 ], [ 651126.839420051663183, 6864176.040639131329954 ] ] } },
{ "type": "Feature", "properties": { "id": 749, "id1": 266, "id2": 1328 }, "geometry": { "type": "LineString", "coordinates": [ [ 651314.013434321153909, 6864193.828354633413255 ], [ 651317.122370524564758, 6864253.265119219198823 ] ] } },
{ "type": "Feature", "properties": { "id": 751, "id1": 267, "id2": 2869 }, "geometry": { "type": "LineString", "coordinates": [ [ 651139.468173497123644, 6864066.212475871667266 ], [ 651140.460809771437198, 6864066.841611758805811 ] ] } },
{ "type": "Feature", "properties": { "id": 752, "id1": 268, "id2": 1011 }, "geometry": { "type": "LineString", "coordinates": [ [ 651309.738638403709047, 6864056.796900914981961 ], [ 651311.049944971455261, 6864056.836111512035131 ] ] } },
{ "type": "Feature", "properties": { "id": 753, "id1": 269, "id2": 494 }, "geometry": { "type": "LineString", "coordinates": [ [ 651188.606149211176671, 6863841.124396411702037 ], [ 651149.307306919363327, 6863964.147494303062558 ] ] } },
{ "type": "Feature", "properties": { "id": 759, "id1": 270, "id2": 1491 }, "geometry": { "type": "LineString", "coordinates": [ [ 651337.884082928416319, 6863886.818645910359919 ], [ 651287.890389268635772, 6863982.183566296473145 ] ] } },
{ "type": "Feature", "properties": { "id": 763, "id1": 271, "id2": 147 }, "geometry": { "type": "LineString", "coordinates": [ [ 651744.745493856957182, 6864417.125052492134273 ], [ 651766.454090664046817, 6864507.294827811419964 ] ] } },
{ "type": "Feature", "properties": { "id": 775, "id1": 272, "id2": 309 }, "geometry": { "type": "LineString", "coordinates": [ [ 652069.475210433476605, 6864333.795582405291498 ], [ 652165.1082966204267, 6864341.162503933534026 ] ] } },
{ "type": "Feature", "properties": { "id": 782, "id1": 275, "id2": 440 }, "geometry": { "type": "LineString", "coordinates": [ [ 651991.79631788469851, 6864222.2237718263641 ], [ 651980.894221960334107, 6864204.662300564348698 ] ] } },
{ "type": "Feature", "properties": { "id": 785, "id1": 276, "id2": 1582 }, "geometry": { "type": "LineString", "coordinates": [ [ 651496.994454665109515, 6864183.84343358501792 ], [ 651601.837713194312528, 6864191.630251077003777 ] ] } },
{ "type": "Feature", "properties": { "id": 792, "id1": 277, "id2": 287 }, "geometry": { "type": "LineString", "coordinates": [ [ 651475.621581034152769, 6864046.989782988093793 ], [ 651573.267193230683915, 6864082.126796290278435 ] ] } },
{ "type": "Feature", "properties": { "id": 801, "id1": 279, "id2": 952 }, "geometry": { "type": "LineString", "coordinates": [ [ 651675.536139701725915, 6864191.707200120203197 ], [ 651699.889452538685873, 6864217.588004640303552 ] ] } },
{ "type": "Feature", "properties": { "id": 805, "id1": 280, "id2": 900 }, "geometry": { "type": "LineString", "coordinates": [ [ 651788.284931966336444, 6864142.047494587488472 ], [ 651749.757810932351276, 6864151.462542680092156 ] ] } },
{ "type": "Feature", "properties": { "id": 808, "id1": 281, "id2": 397 }, "geometry": { "type": "LineString", "coordinates": [ [ 651992.057248687371612, 6864077.245068702846766 ], [ 652092.418184718932025, 6864074.750971504487097 ] ] } },
{ "type": "Feature", "properties": { "id": 813, "id1": 282, "id2": 2298 }, "geometry": { "type": "LineString", "coordinates": [ [ 652276.373679252923466, 6864053.654238554649055 ], [ 652268.226035697502084, 6864048.899596210569143 ] ] } },
{ "type": "Feature", "properties": { "id": 815, "id1": 283, "id2": 1907 }, "geometry": { "type": "LineString", "coordinates": [ [ 652462.64953741885256, 6864009.994027735665441 ], [ 652463.314675381523557, 6864011.101171817630529 ] ] } },
{ "type": "Feature", "properties": { "id": 816, "id1": 284, "id2": 3328 }, "geometry": { "type": "LineString", "coordinates": [ [ 652615.774978726054542, 6863949.266784645617008 ], [ 652615.237447877763771, 6863950.036625436507165 ] ] } },
{ "type": "Feature", "properties": { "id": 817, "id1": 285, "id2": 303 }, "geometry": { "type": "LineString", "coordinates": [ [ 651615.516376375919208, 6863928.155979982577264 ], [ 651474.907660569064319, 6863947.592691101133823 ] ] } },
{ "type": "Feature", "properties": { "id": 822, "id1": 286, "id2": 906 }, "geometry": { "type": "LineString", "coordinates": [ [ 651995.739536142209545, 6863883.929907879792154 ], [ 651892.591721751843579, 6863844.132801113650203 ] ] } },
{ "type": "Feature", "properties": { "id": 830, "id1": 287, "id2": 213 }, "geometry": { "type": "LineString", "coordinates": [ [ 651718.021407756139524, 6863801.232012351974845 ], [ 651721.570518339518458, 6863800.805178961716592 ] ] } },
{ "type": "Feature", "properties": { "id": 831, "id1": 288, "id2": 3366 }, "geometry": { "type": "LineString", "coordinates": [ [ 651435.800557355978526, 6863812.857780029065907 ], [ 651418.339791668928228, 6863751.437107162550092 ] ] } },
{ "type": "Feature", "properties": { "id": 833, "id1": 289, "id2": 1216 }, "geometry": { "type": "LineString", "coordinates": [ [ 651532.003043688717298, 6863810.177033917047083 ], [ 651480.664458095678128, 6863753.225713711231947 ] ] } },
{ "type": "Feature", "properties": { "id": 836, "id1": 290, "id2": 385 }, "geometry": { "type": "LineString", "coordinates": [ [ 651994.993387107620947, 6863724.885152311995625 ], [ 652095.096700884751044, 6863699.838236637413502 ] ] } },
{ "type": "Feature", "properties": { "id": 838, "id1": 291, "id2": 3006 }, "geometry": { "type": "LineString", "coordinates": [ [ 652254.801581169711426, 6863849.716948803514242 ], [ 652246.86446991446428, 6863755.051686218008399 ] ] } },
{ "type": "Feature", "properties": { "id": 840, "id1": 292, "id2": 958 }, "geometry": { "type": "LineString", "coordinates": [ [ 652464.883547508972697, 6863787.458367467857897 ], [ 652471.257775386562571, 6863821.197592090815306 ] ] } },
{ "type": "Feature", "properties": { "id": 842, "id1": 293, "id2": 318 }, "geometry": { "type": "LineString", "coordinates": [ [ 652353.457408553920686, 6863623.578902756795287 ], [ 652488.502758259885013, 6863579.480256531387568 ] ] } },
{ "type": "Feature", "properties": { "id": 845, "id1": 294, "id2": 182 }, "geometry": { "type": "LineString", "coordinates": [ [ 652820.476989264250733, 6863951.32418666779995 ], [ 652929.482294755754992, 6864038.124539829790592 ] ] } },
{ "type": "Feature", "properties": { "id": 863, "id1": 295, "id2": 781 }, "geometry": { "type": "LineString", "coordinates": [ [ 652681.118832196458243, 6863626.253437762148678 ], [ 652658.635611742734909, 6863715.427431705407798 ] ] } },
{ "type": "Feature", "properties": { "id": 866, "id1": 296, "id2": 419 }, "geometry": { "type": "LineString", "coordinates": [ [ 653860.472164407838136, 6864173.455860782414675 ], [ 653764.172929418971762, 6864250.390541932545602 ] ] } },
{ "type": "Feature", "properties": { "id": 873, "id1": 297, "id2": 1167 }, "geometry": { "type": "LineString", "coordinates": [ [ 651482.236320804106072, 6861872.210022300481796 ], [ 651479.508695475757122, 6861869.813107353635132 ] ] } },
{ "type": "Feature", "properties": { "id": 874, "id1": 298, "id2": 119 }, "geometry": { "type": "LineString", "coordinates": [ [ 653323.031333874678239, 6864206.671942412853241 ], [ 653240.477994494372979, 6864324.682441614568233 ] ] } },
{ "type": "Feature", "properties": { "id": 890, "id1": 299, "id2": 57 }, "geometry": { "type": "LineString", "coordinates": [ [ 653129.108306600595824, 6863952.402679761871696 ], [ 652933.843132924404927, 6863899.393743648193777 ] ] } },
{ "type": "Feature", "properties": { "id": 902, "id1": 300, "id2": 238 }, "geometry": { "type": "LineString", "coordinates": [ [ 653112.99115803244058, 6863792.991529433056712 ], [ 653140.001705772127025, 6863734.5996811138466 ] ] } },
{ "type": "Feature", "properties": { "id": 909, "id1": 301, "id2": 1968 }, "geometry": { "type": "LineString", "coordinates": [ [ 653008.353018415858969, 6863665.993616844527423 ], [ 653131.587501801201142, 6863628.274198042228818 ] ] } },
{ "type": "Feature", "properties": { "id": 919, "id1": 302, "id2": 101 }, "geometry": { "type": "LineString", "coordinates": [ [ 652922.591509009478614, 6863523.692670638673007 ], [ 652897.131317277555354, 6863535.644716051407158 ] ] } },
{ "type": "Feature", "properties": { "id": 923, "id1": 319, "id2": 1975 }, "geometry": { "type": "LineString", "coordinates": [ [ 652019.596516147488728, 6862882.438653452321887 ], [ 652054.0107434859965, 6862932.600113527849317 ] ] } },
{ "type": "Feature", "properties": { "id": 925, "id1": 475, "id2": 1361 }, "geometry": { "type": "LineString", "coordinates": [ [ 649265.083181811147369, 6862494.805203816853464 ], [ 649262.043922148644924, 6862494.942086832597852 ] ] } },
{ "type": "Feature", "properties": { "id": 926, "id1": 303, "id2": 132 }, "geometry": { "type": "LineString", "coordinates": [ [ 653384.636416320805438, 6863541.695135484449565 ], [ 653244.745257244328968, 6863575.635800255462527 ] ] } },
{ "type": "Feature", "properties": { "id": 942, "id1": 304, "id2": 718 }, "geometry": { "type": "LineString", "coordinates": [ [ 653423.207926663453691, 6863800.10100459959358 ], [ 653361.315546750440262, 6863857.680106178857386 ] ] } },
{ "type": "Feature", "properties": { "id": 946, "id1": 305, "id2": 461 }, "geometry": { "type": "LineString", "coordinates": [ [ 653689.467530847294256, 6863760.213129356503487 ], [ 653824.765796157182194, 6863793.673635794781148 ] ] } },
{ "type": "Feature", "properties": { "id": 960, "id1": 306, "id2": 1870 }, "geometry": { "type": "LineString", "coordinates": [ [ 652107.225474153412506, 6862905.167942267842591 ], [ 652114.428156900336035, 6862923.645112034864724 ] ] } },
{ "type": "Feature", "properties": { "id": 962, "id1": 307, "id2": 3187 }, "geometry": { "type": "LineString", "coordinates": [ [ 651543.759712133789435, 6861928.147830875590444 ], [ 651539.929602835443802, 6861926.045133241452277 ] ] } },
{ "type": "Feature", "properties": { "id": 963, "id1": 308, "id2": 296 }, "geometry": { "type": "LineString", "coordinates": [ [ 653952.766137158963829, 6863917.086858511902392 ], [ 653943.921552557265386, 6863889.6412861533463 ] ] } },
{ "type": "Feature", "properties": { "id": 972, "id1": 309, "id2": 1302 }, "geometry": { "type": "LineString", "coordinates": [ [ 654110.77978053316474, 6863734.838479896076024 ], [ 654103.124507950036786, 6863717.788790767081082 ] ] } },
{ "type": "Feature", "properties": { "id": 974, "id1": 310, "id2": 2940 }, "geometry": { "type": "LineString", "coordinates": [ [ 651756.765810720156878, 6862682.686931520700455 ], [ 651732.18974085606169, 6862705.785107211209834 ] ] } },
{ "type": "Feature", "properties": { "id": 978, "id1": 314, "id2": 1073 }, "geometry": { "type": "LineString", "coordinates": [ [ 651740.730506059131585, 6862770.401714174076915 ], [ 651761.552191285183653, 6862788.665481833741069 ] ] } },
{ "type": "Feature", "properties": { "id": 982, "id1": 641, "id2": 2350 }, "geometry": { "type": "LineString", "coordinates": [ [ 651188.316225057584234, 6862976.205325672402978 ], [ 651156.199030554620549, 6862994.580307900905609 ] ] } },
{ "type": "Feature", "properties": { "id": 983, "id1": 320, "id2": 1262 }, "geometry": { "type": "LineString", "coordinates": [ [ 651959.08425390732009, 6862808.633974119089544 ], [ 651958.74794374674093, 6862808.375240507535636 ] ] } },
{ "type": "Feature", "properties": { "id": 984, "id1": 321, "id2": 215 }, "geometry": { "type": "LineString", "coordinates": [ [ 651893.250076140509918, 6862861.752917082048953 ], [ 651896.22583330841735, 6862863.790567414835095 ] ] } },
{ "type": "Feature", "properties": { "id": 985, "id1": 322, "id2": 861 }, "geometry": { "type": "LineString", "coordinates": [ [ 652102.509735802304931, 6862823.295140309259295 ], [ 652087.593585052178241, 6862833.508941344916821 ] ] } },
{ "type": "Feature", "properties": { "id": 987, "id1": 323, "id2": 2728 }, "geometry": { "type": "LineString", "coordinates": [ [ 652168.850251882104203, 6862806.843953840434551 ], [ 652203.553398549789563, 6862830.964793391525745 ] ] } },
{ "type": "Feature", "properties": { "id": 991, "id1": 324, "id2": 668 }, "geometry": { "type": "LineString", "coordinates": [ [ 652231.765403524157591, 6862753.01842541527003 ], [ 652256.149396305088885, 6862747.36979145091027 ] ] } },
{ "type": "Feature", "properties": { "id": 993, "id1": 325, "id2": 2097 }, "geometry": { "type": "LineString", "coordinates": [ [ 652249.3995980307227, 6862802.030241380445659 ], [ 652214.397294685360976, 6862809.463192324154079 ] ] } },
{ "type": "Feature", "properties": { "id": 996, "id1": 326, "id2": 190 }, "geometry": { "type": "LineString", "coordinates": [ [ 652228.682667387533002, 6862881.56859135068953 ], [ 652299.235156084643677, 6862843.935808178968728 ] ] } },
{ "type": "Feature", "properties": { "id": 998, "id1": 327, "id2": 3538 }, "geometry": { "type": "LineString", "coordinates": [ [ 651489.129251640522853, 6861729.8570656189695 ], [ 651488.065664502908476, 6861731.967050086706877 ] ] } },
{ "type": "Feature", "properties": { "id": 999, "id1": 328, "id2": 2304 }, "geometry": { "type": "LineString", "coordinates": [ [ 651551.833279507351108, 6861756.281527972780168 ], [ 651551.131420540972613, 6861758.642279909923673 ] ] } },
{ "type": "Feature", "properties": { "id": 1000, "id1": 329, "id2": 650 }, "geometry": { "type": "LineString", "coordinates": [ [ 651691.673805997241288, 6861821.079732358455658 ], [ 651691.161147064063698, 6861823.562108405865729 ] ] } },
{ "type": "Feature", "properties": { "id": 1001, "id1": 330, "id2": 86 }, "geometry": { "type": "LineString", "coordinates": [ [ 651654.835567409871146, 6861735.928371977992356 ], [ 651652.973949819803238, 6861739.329646103084087 ] ] } },
{ "type": "Feature", "properties": { "id": 1002, "id1": 331, "id2": 978 }, "geometry": { "type": "LineString", "coordinates": [ [ 651605.272196179488674, 6861871.05760183930397 ], [ 651623.631435313378461, 6861899.575280345976353 ] ] } },
{ "type": "Feature", "properties": { "id": 1004, "id1": 332, "id2": 2820 }, "geometry": { "type": "LineString", "coordinates": [ [ 651434.888671429827809, 6862033.453521627932787 ], [ 651434.512168806628324, 6862033.950389355421066 ] ] } },
{ "type": "Feature", "properties": { "id": 1005, "id1": 333, "id2": 2775 }, "geometry": { "type": "LineString", "coordinates": [ [ 651741.978529422311112, 6861737.220870294608176 ], [ 651741.73982731543947, 6861739.318343288265169 ] ] } },
{ "type": "Feature", "properties": { "id": 1006, "id1": 334, "id2": 3198 }, "geometry": { "type": "LineString", "coordinates": [ [ 651806.407247547642328, 6861682.608812638558447 ], [ 651799.018894270993769, 6861716.690825771540403 ] ] } },
{ "type": "Feature", "properties": { "id": 1008, "id1": 336, "id2": 3115 }, "geometry": { "type": "LineString", "coordinates": [ [ 652009.799320562393405, 6861653.46559808216989 ], [ 652006.852981837117113, 6861647.648119121789932 ] ] } },
{ "type": "Feature", "properties": { "id": 1009, "id1": 337, "id2": 327 }, "geometry": { "type": "LineString", "coordinates": [ [ 651952.961488612694666, 6861677.141387411393225 ], [ 651949.622670075157657, 6861671.776597805321217 ] ] } },
{ "type": "Feature", "properties": { "id": 1010, "id1": 338, "id2": 2540 }, "geometry": { "type": "LineString", "coordinates": [ [ 652038.168521890649572, 6861638.560339255258441 ], [ 652036.161526100011542, 6861636.217239629477262 ] ] } },
{ "type": "Feature", "properties": { "id": 1011, "id1": 339, "id2": 974 }, "geometry": { "type": "LineString", "coordinates": [ [ 651940.060895591159351, 6861622.260836359113455 ], [ 651940.137021411559545, 6861620.768914771266282 ] ] } },
{ "type": "Feature", "properties": { "id": 1012, "id1": 340, "id2": 2154 }, "geometry": { "type": "LineString", "coordinates": [ [ 651882.387243246310391, 6861637.005654699169099 ], [ 651889.362432200578041, 6861630.433704858645797 ] ] } },
{ "type": "Feature", "properties": { "id": 1013, "id1": 341, "id2": 691 }, "geometry": { "type": "LineString", "coordinates": [ [ 652005.722564223688096, 6861590.011717092245817 ], [ 652000.766731903888285, 6861592.766575363464653 ] ] } },
{ "type": "Feature", "properties": { "id": 1014, "id1": 342, "id2": 2918 }, "geometry": { "type": "LineString", "coordinates": [ [ 652072.859783019288443, 6861575.427506206557155 ], [ 652071.852449542027898, 6861576.209357056766748 ] ] } },
{ "type": "Feature", "properties": { "id": 1015, "id1": 343, "id2": 2909 }, "geometry": { "type": "LineString", "coordinates": [ [ 652110.531985230394639, 6861530.958129504695535 ], [ 652110.742933102301322, 6861532.806873509660363 ] ] } },
{ "type": "Feature", "properties": { "id": 1016, "id1": 344, "id2": 2012 }, "geometry": { "type": "LineString", "coordinates": [ [ 652155.677032103994861, 6861485.641077251173556 ], [ 652173.001525584375486, 6861494.412338697351515 ] ] } },
{ "type": "Feature", "properties": { "id": 1018, "id1": 345, "id2": 3463 }, "geometry": { "type": "LineString", "coordinates": [ [ 652212.170605691964738, 6861522.27461211849004 ], [ 652203.055200169794261, 6861524.150474461726844 ] ] } },
{ "type": "Feature", "properties": { "id": 1019, "id1": 346, "id2": 3060 }, "geometry": { "type": "LineString", "coordinates": [ [ 652242.578701411141083, 6861478.436308986507356 ], [ 652241.054953413200565, 6861486.523012001998723 ] ] } },
{ "type": "Feature", "properties": { "id": 1020, "id1": 347, "id2": 1795 }, "geometry": { "type": "LineString", "coordinates": [ [ 652211.720635835663415, 6861448.25798767991364 ], [ 652210.49683914007619, 6861449.39019569940865 ] ] } },
{ "type": "Feature", "properties": { "id": 1021, "id1": 349, "id2": 1411 }, "geometry": { "type": "LineString", "coordinates": [ [ 652195.853211798355915, 6861414.977017849683762 ], [ 652198.996675224625506, 6861404.531227212399244 ] ] } },
{ "type": "Feature", "properties": { "id": 1022, "id1": 350, "id2": 2621 }, "geometry": { "type": "LineString", "coordinates": [ [ 652266.946370518417098, 6861401.085125316865742 ], [ 652265.483949406072497, 6861403.360377967357635 ] ] } },
{ "type": "Feature", "properties": { "id": 1023, "id1": 351, "id2": 2660 }, "geometry": { "type": "LineString", "coordinates": [ [ 652309.590180546394549, 6861457.746356080286205 ], [ 652285.812561903614551, 6861464.305852144956589 ] ] } },
{ "type": "Feature", "properties": { "id": 1024, "id1": 352, "id2": 2181 }, "geometry": { "type": "LineString", "coordinates": [ [ 652286.655744847841561, 6861357.086887575685978 ], [ 652292.142223656876013, 6861366.700334703549743 ] ] } },
{ "type": "Feature", "properties": { "id": 1025, "id1": 353, "id2": 2604 }, "geometry": { "type": "LineString", "coordinates": [ [ 652311.740801362204365, 6861303.572739479131997 ], [ 652286.495154213975184, 6861241.971334514208138 ] ] } },
{ "type": "Feature", "properties": { "id": 1027, "id1": 354, "id2": 3687 }, "geometry": { "type": "LineString", "coordinates": [ [ 652187.710618055309169, 6861326.44663427490741 ], [ 652197.672056075185537, 6861328.704389717429876 ] ] } },
{ "type": "Feature", "properties": { "id": 1028, "id1": 355, "id2": 1879 }, "geometry": { "type": "LineString", "coordinates": [ [ 652148.547293441835791, 6861369.655612240545452 ], [ 652156.950030628009699, 6861369.09185584448278 ] ] } },
{ "type": "Feature", "properties": { "id": 1029, "id1": 386, "id2": 339 }, "geometry": { "type": "LineString", "coordinates": [ [ 652018.394363339873962, 6861282.802083840593696 ], [ 652049.408895367174409, 6861282.995029577985406 ] ] } },
{ "type": "Feature", "properties": { "id": 1037, "id1": 356, "id2": 1268 }, "geometry": { "type": "LineString", "coordinates": [ [ 652070.793644884019159, 6861450.144544726237655 ], [ 652102.437865584623069, 6861421.819820174947381 ] ] } },
{ "type": "Feature", "properties": { "id": 1039, "id1": 357, "id2": 1554 }, "geometry": { "type": "LineString", "coordinates": [ [ 652046.966720995842479, 6861385.736119604669511 ], [ 652060.637043642811477, 6861389.68158229906112 ] ] } },
{ "type": "Feature", "properties": { "id": 1040, "id1": 358, "id2": 1343 }, "geometry": { "type": "LineString", "coordinates": [ [ 651857.589108116342686, 6861608.586358041502535 ], [ 651862.254813167382963, 6861545.49769298452884 ] ] } },
{ "type": "Feature", "properties": { "id": 1042, "id1": 359, "id2": 1228 }, "geometry": { "type": "LineString", "coordinates": [ [ 651841.607360656256787, 6861574.191530952230096 ], [ 651804.268787811859511, 6861572.574877463281155 ] ] } },
{ "type": "Feature", "properties": { "id": 1046, "id1": 361, "id2": 2283 }, "geometry": { "type": "LineString", "coordinates": [ [ 651710.669251607148908, 6861609.631302514113486 ], [ 651681.434290136792697, 6861611.235918750055134 ] ] } },
{ "type": "Feature", "properties": { "id": 1048, "id1": 362, "id2": 146 }, "geometry": { "type": "LineString", "coordinates": [ [ 651737.989543884526938, 6861570.48899183422327 ], [ 651748.287250026129186, 6861567.723217344842851 ] ] } },
{ "type": "Feature", "properties": { "id": 1049, "id1": 363, "id2": 703 }, "geometry": { "type": "LineString", "coordinates": [ [ 651715.562806538888253, 6861653.908841388300061 ], [ 651694.377431628876366, 6861657.54449475184083 ] ] } },
{ "type": "Feature", "properties": { "id": 1050, "id1": 364, "id2": 1538 }, "geometry": { "type": "LineString", "coordinates": [ [ 650742.834008601377718, 6862185.093009509146214 ], [ 650741.529023052891716, 6862184.556573754176497 ] ] } },
{ "type": "Feature", "properties": { "id": 1051, "id1": 365, "id2": 2972 }, "geometry": { "type": "LineString", "coordinates": [ [ 651572.55908911768347, 6861653.328037350438535 ], [ 651547.902637991122901, 6861638.622796637937427 ] ] } },
{ "type": "Feature", "properties": { "id": 1053, "id1": 367, "id2": 1231 }, "geometry": { "type": "LineString", "coordinates": [ [ 651443.563201904878952, 6861642.195533520542085 ], [ 651440.232639757101424, 6861657.051427343860269 ] ] } },
{ "type": "Feature", "properties": { "id": 1054, "id1": 368, "id2": 645 }, "geometry": { "type": "LineString", "coordinates": [ [ 651360.887669098796323, 6861682.700314867310226 ], [ 651321.871493635699153, 6861686.607811299152672 ] ] } },
{ "type": "Feature", "properties": { "id": 1056, "id1": 369, "id2": 2220 }, "geometry": { "type": "LineString", "coordinates": [ [ 651507.840486782602966, 6861579.170603297650814 ], [ 651503.559031083714217, 6861560.692340376786888 ] ] } },
{ "type": "Feature", "properties": { "id": 1058, "id1": 370, "id2": 637 }, "geometry": { "type": "LineString", "coordinates": [ [ 651557.335342369391583, 6861580.028736840002239 ], [ 651540.900917196529917, 6861545.823745271191001 ] ] } },
{ "type": "Feature", "properties": { "id": 1060, "id1": 371, "id2": 485 }, "geometry": { "type": "LineString", "coordinates": [ [ 651660.273633176810108, 6861559.224548158235848 ], [ 651666.38880847778637, 6861546.120155371725559 ] ] } },
{ "type": "Feature", "properties": { "id": 1062, "id1": 372, "id2": 272 }, "geometry": { "type": "LineString", "coordinates": [ [ 651792.64969291142188, 6861496.967954894527793 ], [ 651771.474987123976462, 6861507.955331523902714 ] ] } },
{ "type": "Feature", "properties": { "id": 1063, "id1": 373, "id2": 660 }, "geometry": { "type": "LineString", "coordinates": [ [ 651657.095179155934602, 6861496.641780525445938 ], [ 651718.264372380916029, 6861535.370341268368065 ] ] } },
{ "type": "Feature", "properties": { "id": 1065, "id1": 374, "id2": 360 }, "geometry": { "type": "LineString", "coordinates": [ [ 651925.672482018591836, 6861539.800438201986253 ], [ 651922.560494664707221, 6861542.20861423574388 ] ] } },
{ "type": "Feature", "properties": { "id": 1066, "id1": 375, "id2": 1964 }, "geometry": { "type": "LineString", "coordinates": [ [ 651868.968332463991828, 6861460.014518299140036 ], [ 651881.306152713950723, 6861478.871276687830687 ] ] } },
{ "type": "Feature", "properties": { "id": 1067, "id1": 376, "id2": 484 }, "geometry": { "type": "LineString", "coordinates": [ [ 651943.244038061355241, 6861438.135323466733098 ], [ 651947.29604209435638, 6861451.49769850820303 ] ] } },
{ "type": "Feature", "properties": { "id": 1068, "id1": 377, "id2": 630 }, "geometry": { "type": "LineString", "coordinates": [ [ 651984.146270344150253, 6861513.738753878511488 ], [ 651980.518058036686853, 6861518.358512107282877 ] ] } },
{ "type": "Feature", "properties": { "id": 1069, "id1": 378, "id2": 2534 }, "geometry": { "type": "LineString", "coordinates": [ [ 651749.008008613367565, 6861444.340334878303111 ], [ 651737.568590605980717, 6861437.121903167106211 ] ] } },
{ "type": "Feature", "properties": { "id": 1070, "id1": 379, "id2": 1698 }, "geometry": { "type": "LineString", "coordinates": [ [ 651720.715569395921193, 6861389.52927565947175 ], [ 651715.213559778989293, 6861392.925656357780099 ] ] } },
{ "type": "Feature", "properties": { "id": 1071, "id1": 380, "id2": 1486 }, "geometry": { "type": "LineString", "coordinates": [ [ 650960.361228767083958, 6862158.987629545852542 ], [ 650960.730078968103044, 6862158.23306976724416 ] ] } },
{ "type": "Feature", "properties": { "id": 1072, "id1": 381, "id2": 276 }, "geometry": { "type": "LineString", "coordinates": [ [ 651868.636224270565435, 6861377.489780809730291 ], [ 651936.015514238039032, 6861365.192162880674005 ] ] } },
{ "type": "Feature", "properties": { "id": 1074, "id1": 382, "id2": 3453 }, "geometry": { "type": "LineString", "coordinates": [ [ 651748.357945471070707, 6861261.429425726644695 ], [ 651752.143956962856464, 6861247.668455690145493 ] ] } },
{ "type": "Feature", "properties": { "id": 1076, "id1": 383, "id2": 340 }, "geometry": { "type": "LineString", "coordinates": [ [ 651796.644337781821378, 6861258.589638317935169 ], [ 651783.450887128594331, 6861234.00695342477411 ] ] } },
{ "type": "Feature", "properties": { "id": 1078, "id1": 384, "id2": 673 }, "geometry": { "type": "LineString", "coordinates": [ [ 651854.236750052077696, 6861207.215784540399909 ], [ 651870.295210240758024, 6861313.790237797424197 ] ] } },
{ "type": "Feature", "properties": { "id": 1081, "id1": 385, "id2": 3050 }, "geometry": { "type": "LineString", "coordinates": [ [ 651838.87837958720047, 6861078.214517943561077 ], [ 651831.837736591347493, 6861156.237893791869283 ] ] } },
{ "type": "Feature", "properties": { "id": 1082, "id1": 465, "id2": 3614 }, "geometry": { "type": "LineString", "coordinates": [ [ 650770.727055136114359, 6862246.533427152782679 ], [ 650770.519421105738729, 6862245.497082987800241 ] ] } },
{ "type": "Feature", "properties": { "id": 1083, "id1": 387, "id2": 561 }, "geometry": { "type": "LineString", "coordinates": [ [ 652091.403333857888356, 6861211.297640298493207 ], [ 652068.759683018201031, 6861152.783952145837247 ] ] } },
{ "type": "Feature", "properties": { "id": 1086, "id1": 388, "id2": 3182 }, "geometry": { "type": "LineString", "coordinates": [ [ 652402.330190794775262, 6861024.900834390893579 ], [ 652394.888371388311498, 6861033.922925624065101 ] ] } },
{ "type": "Feature", "properties": { "id": 1088, "id1": 390, "id2": 1198 }, "geometry": { "type": "LineString", "coordinates": [ [ 652342.313728438690305, 6861076.086396887898445 ], [ 652354.916193756391294, 6861104.743241248652339 ] ] } },
{ "type": "Feature", "properties": { "id": 1092, "id1": 392, "id2": 2084 }, "geometry": { "type": "LineString", "coordinates": [ [ 652281.39246074273251, 6861130.016311690211296 ], [ 652288.205956973484717, 6861134.838335353881121 ] ] } },
{ "type": "Feature", "properties": { "id": 1094, "id1": 393, "id2": 3441 }, "geometry": { "type": "LineString", "coordinates": [ [ 652235.532884976943024, 6861180.314417823217809 ], [ 652238.542649270035326, 6861189.826543394476175 ] ] } },
{ "type": "Feature", "properties": { "id": 1095, "id1": 394, "id2": 342 }, "geometry": { "type": "LineString", "coordinates": [ [ 652165.277249908307567, 6861216.499751041643322 ], [ 652180.827025212347507, 6861257.040241898037493 ] ] } },
{ "type": "Feature", "properties": { "id": 1097, "id1": 395, "id2": 688 }, "geometry": { "type": "LineString", "coordinates": [ [ 652134.55012842209544, 6861072.913473209366202 ], [ 652115.76900452747941, 6861033.088173471391201 ] ] } },
{ "type": "Feature", "properties": { "id": 1099, "id1": 396, "id2": 849 }, "geometry": { "type": "LineString", "coordinates": [ [ 652061.169273595092818, 6861082.166566896252334 ], [ 651965.270380313857459, 6861054.99519439227879 ] ] } },
{ "type": "Feature", "properties": { "id": 1100, "id1": 397, "id2": 1337 }, "geometry": { "type": "LineString", "coordinates": [ [ 650884.996293471078388, 6862109.897160103544593 ], [ 650884.595430810120888, 6862109.837977977469563 ] ] } },
{ "type": "Feature", "properties": { "id": 1102, "id1": 399, "id2": 2844 }, "geometry": { "type": "LineString", "coordinates": [ [ 651954.751757942140102, 6861184.055610056035221 ], [ 651963.436051850323565, 6861171.041016154922545 ] ] } },
{ "type": "Feature", "properties": { "id": 1107, "id1": 403, "id2": 1733 }, "geometry": { "type": "LineString", "coordinates": [ [ 652090.870193825452588, 6860970.99307453725487 ], [ 652093.956056531402282, 6860977.116925661452115 ] ] } },
{ "type": "Feature", "properties": { "id": 1108, "id1": 404, "id2": 3331 }, "geometry": { "type": "LineString", "coordinates": [ [ 651426.619751972262748, 6861549.447630795650184 ], [ 651425.536149243591353, 6861546.442716394551098 ] ] } },
{ "type": "Feature", "properties": { "id": 1109, "id1": 405, "id2": 2122 }, "geometry": { "type": "LineString", "coordinates": [ [ 651291.121099321520887, 6861632.407543504610658 ], [ 651303.926886868197471, 6861615.049418425187469 ] ] } },
{ "type": "Feature", "properties": { "id": 1110, "id1": 406, "id2": 3181 }, "geometry": { "type": "LineString", "coordinates": [ [ 651137.896464289398864, 6861564.813863581046462 ], [ 651137.543287831242196, 6861564.260618278756738 ] ] } },
{ "type": "Feature", "properties": { "id": 1111, "id1": 407, "id2": 2686 }, "geometry": { "type": "LineString", "coordinates": [ [ 651399.137891928548925, 6861491.10695618763566 ], [ 651395.036965790903196, 6861490.992729092948139 ] ] } },
{ "type": "Feature", "properties": { "id": 1112, "id1": 408, "id2": 750 }, "geometry": { "type": "LineString", "coordinates": [ [ 651346.300392939010635, 6861529.613365164026618 ], [ 651339.070779107278213, 6861526.31960447691381 ] ] } },
{ "type": "Feature", "properties": { "id": 1113, "id1": 509, "id2": 2200 }, "geometry": { "type": "LineString", "coordinates": [ [ 649684.172808673465624, 6860995.689603921025991 ], [ 649684.043700351845473, 6860994.281443284824491 ] ] } },
{ "type": "Feature", "properties": { "id": 1114, "id1": 409, "id2": 173 }, "geometry": { "type": "LineString", "coordinates": [ [ 651324.292208092869259, 6861595.458896819502115 ], [ 651241.620346996816806, 6861611.279545661062002 ] ] } },
{ "type": "Feature", "properties": { "id": 1118, "id1": 410, "id2": 841 }, "geometry": { "type": "LineString", "coordinates": [ [ 651198.097390074748546, 6861520.480729688890278 ], [ 651170.402807825361378, 6861491.852903078310192 ] ] } },
{ "type": "Feature", "properties": { "id": 1121, "id1": 411, "id2": 2999 }, "geometry": { "type": "LineString", "coordinates": [ [ 651511.232737297425047, 6861518.982721878215671 ], [ 651509.524593229754828, 6861519.0338179115206 ] ] } },
{ "type": "Feature", "properties": { "id": 1122, "id1": 412, "id2": 1419 }, "geometry": { "type": "LineString", "coordinates": [ [ 651544.819806968909688, 6861469.83645254932344 ], [ 651541.937045268365182, 6861467.424788386560977 ] ] } },
{ "type": "Feature", "properties": { "id": 1123, "id1": 413, "id2": 1123 }, "geometry": { "type": "LineString", "coordinates": [ [ 651748.887592741055414, 6861097.279836233705282 ], [ 651726.376691080047749, 6861116.883377935737371 ] ] } },
{ "type": "Feature", "properties": { "id": 1125, "id1": 414, "id2": 3598 }, "geometry": { "type": "LineString", "coordinates": [ [ 650853.572863845271058, 6862208.500895796343684 ], [ 650852.171107723843306, 6862208.580857747234404 ] ] } },
{ "type": "Feature", "properties": { "id": 1126, "id1": 415, "id2": 1080 }, "geometry": { "type": "LineString", "coordinates": [ [ 650086.892491580802016, 6862560.416686122305691 ], [ 650089.236389419180341, 6862558.431503768078983 ] ] } },
{ "type": "Feature", "properties": { "id": 1127, "id1": 416, "id2": 140 }, "geometry": { "type": "LineString", "coordinates": [ [ 651641.23477885092143, 6861300.77898333966732 ], [ 651620.445508246542886, 6861374.171413200907409 ] ] } },
{ "type": "Feature", "properties": { "id": 1130, "id1": 417, "id2": 1904 }, "geometry": { "type": "LineString", "coordinates": [ [ 651495.655481581576169, 6861406.515592504292727 ], [ 651496.783005157136358, 6861407.399677125737071 ] ] } },
{ "type": "Feature", "properties": { "id": 1131, "id1": 418, "id2": 1100 }, "geometry": { "type": "LineString", "coordinates": [ [ 651454.62350212992169, 6861403.997849300503731 ], [ 651452.803066558088176, 6861405.227758945897222 ] ] } },
{ "type": "Feature", "properties": { "id": 1132, "id1": 419, "id2": 362 }, "geometry": { "type": "LineString", "coordinates": [ [ 651395.619697690359317, 6861377.581156150437891 ], [ 651395.041326933307573, 6861382.806349945254624 ] ] } },
{ "type": "Feature", "properties": { "id": 1133, "id1": 420, "id2": 2807 }, "geometry": { "type": "LineString", "coordinates": [ [ 651473.771880144253373, 6861255.36415982991457 ], [ 651473.735538462060504, 6861254.188048441894352 ] ] } },
{ "type": "Feature", "properties": { "id": 1134, "id1": 421, "id2": 155 }, "geometry": { "type": "LineString", "coordinates": [ [ 651431.517194694257341, 6861253.178118035197258 ], [ 651431.326054598088376, 6861255.340338146314025 ] ] } },
{ "type": "Feature", "properties": { "id": 1135, "id1": 422, "id2": 1382 }, "geometry": { "type": "LineString", "coordinates": [ [ 651543.453039248241112, 6861243.683618006296456 ], [ 651543.496154778869823, 6861244.20686169154942 ] ] } },
{ "type": "Feature", "properties": { "id": 1136, "id1": 423, "id2": 2131 }, "geometry": { "type": "LineString", "coordinates": [ [ 651531.373511118348688, 6861332.79239253513515 ], [ 651530.542327812407166, 6861332.651465100236237 ] ] } },
{ "type": "Feature", "properties": { "id": 1137, "id1": 424, "id2": 1018 }, "geometry": { "type": "LineString", "coordinates": [ [ 651432.566530377371237, 6861315.919846598990262 ], [ 651432.02315725304652, 6861317.058639477007091 ] ] } },
{ "type": "Feature", "properties": { "id": 1138, "id1": 425, "id2": 614 }, "geometry": { "type": "LineString", "coordinates": [ [ 651628.267830719589256, 6860912.857551930472255 ], [ 651657.550837647984736, 6860953.557363901287317 ] ] } },
{ "type": "Feature", "properties": { "id": 1140, "id1": 426, "id2": 2453 }, "geometry": { "type": "LineString", "coordinates": [ [ 651715.224837884423323, 6860872.974798790179193 ], [ 651716.489985210588202, 6860874.278538627550006 ] ] } },
{ "type": "Feature", "properties": { "id": 1141, "id1": 642, "id2": 1190 }, "geometry": { "type": "LineString", "coordinates": [ [ 651218.123393414542079, 6862942.294503957033157 ], [ 651199.673416503006592, 6862923.758367398753762 ] ] } },
{ "type": "Feature", "properties": { "id": 1143, "id1": 427, "id2": 599 }, "geometry": { "type": "LineString", "coordinates": [ [ 651660.309134675189853, 6860973.159346680156887 ], [ 651727.676343737868592, 6860943.003102707676589 ] ] } },
{ "type": "Feature", "properties": { "id": 1145, "id1": 428, "id2": 157 }, "geometry": { "type": "LineString", "coordinates": [ [ 651739.140468369238079, 6861004.233797292225063 ], [ 651693.032699803821743, 6861050.563657470978796 ] ] } },
{ "type": "Feature", "properties": { "id": 1151, "id1": 429, "id2": 3133 }, "geometry": { "type": "LineString", "coordinates": [ [ 652266.292972657713108, 6861012.995059479959309 ], [ 652282.74432887788862, 6860990.814883572049439 ] ] } },
{ "type": "Feature", "properties": { "id": 1152, "id1": 430, "id2": 51 }, "geometry": { "type": "LineString", "coordinates": [ [ 652183.294844808871858, 6860961.391397195868194 ], [ 652185.133572377962992, 6860960.286254022270441 ] ] } },
{ "type": "Feature", "properties": { "id": 1153, "id1": 431, "id2": 393 }, "geometry": { "type": "LineString", "coordinates": [ [ 650281.477077835472301, 6862459.800067097879946 ], [ 650153.175919606583193, 6862507.802126640453935 ] ] } },
{ "type": "Feature", "properties": { "id": 1156, "id1": 432, "id2": 1637 }, "geometry": { "type": "LineString", "coordinates": [ [ 651046.098469641874544, 6861934.024162474088371 ], [ 650988.067253951914608, 6861882.140802386216819 ] ] } },
{ "type": "Feature", "properties": { "id": 1160, "id1": 434, "id2": 3012 }, "geometry": { "type": "LineString", "coordinates": [ [ 650845.683220610837452, 6861871.573243425227702 ], [ 650844.02082426159177, 6861872.758009636774659 ] ] } },
{ "type": "Feature", "properties": { "id": 1161, "id1": 435, "id2": 2201 }, "geometry": { "type": "LineString", "coordinates": [ [ 650756.06706539937295, 6862004.679805209860206 ], [ 650744.933670506929047, 6861995.384722840972245 ] ] } },
{ "type": "Feature", "properties": { "id": 1165, "id1": 436, "id2": 137 }, "geometry": { "type": "LineString", "coordinates": [ [ 650505.870095913880505, 6862174.957714609801769 ], [ 650394.796526873484254, 6862287.680179430171847 ] ] } },
{ "type": "Feature", "properties": { "id": 1168, "id1": 437, "id2": 1245 }, "geometry": { "type": "LineString", "coordinates": [ [ 650183.822844953858294, 6862381.903643137775362 ], [ 650306.740402714814991, 6862259.179235625080764 ] ] } },
{ "type": "Feature", "properties": { "id": 1172, "id1": 438, "id2": 1725 }, "geometry": { "type": "LineString", "coordinates": [ [ 652105.743994268239476, 6860829.527328088879585 ], [ 652007.827959591289982, 6860883.947605848312378 ] ] } },
{ "type": "Feature", "properties": { "id": 1176, "id1": 439, "id2": 865 }, "geometry": { "type": "LineString", "coordinates": [ [ 651880.063792208209634, 6860972.315830945968628 ], [ 651881.341360651305877, 6860970.460807929746807 ] ] } },
{ "type": "Feature", "properties": { "id": 1177, "id1": 440, "id2": 661 }, "geometry": { "type": "LineString", "coordinates": [ [ 651875.456586314714514, 6860859.225554091855884 ], [ 651855.15178707963787, 6860878.551350577734411 ] ] } },
{ "type": "Feature", "properties": { "id": 1179, "id1": 441, "id2": 1830 }, "geometry": { "type": "LineString", "coordinates": [ [ 651626.136548764188774, 6860729.728573589585721 ], [ 651711.822270010248758, 6860790.589868173003197 ] ] } },
{ "type": "Feature", "properties": { "id": 1181, "id1": 442, "id2": 1000 }, "geometry": { "type": "LineString", "coordinates": [ [ 651178.110650816350244, 6861794.884289131499827 ], [ 651258.317493833135813, 6861718.110280712135136 ] ] } },
{ "type": "Feature", "properties": { "id": 1191, "id1": 443, "id2": 2899 }, "geometry": { "type": "LineString", "coordinates": [ [ 651082.718912715907209, 6861725.123825482092798 ], [ 651059.646324949921109, 6861729.016724277287722 ] ] } },
{ "type": "Feature", "properties": { "id": 1194, "id1": 444, "id2": 2036 }, "geometry": { "type": "LineString", "coordinates": [ [ 651178.025200121337548, 6861648.783884263597429 ], [ 651174.052888735197484, 6861654.135280447080731 ] ] } },
{ "type": "Feature", "properties": { "id": 1195, "id1": 445, "id2": 678 }, "geometry": { "type": "LineString", "coordinates": [ [ 651076.121626274310984, 6861652.961331152357161 ], [ 651046.189729907084256, 6861645.54046303126961 ] ] } },
{ "type": "Feature", "properties": { "id": 1197, "id1": 446, "id2": 1946 }, "geometry": { "type": "LineString", "coordinates": [ [ 650608.313733245944604, 6861862.932351074181497 ], [ 650647.687804440851323, 6861827.743440182879567 ] ] } },
{ "type": "Feature", "properties": { "id": 1202, "id1": 466, "id2": 240 }, "geometry": { "type": "LineString", "coordinates": [ [ 650214.308265873230994, 6862149.953174055553973 ], [ 650087.515703405835666, 6862325.647598448209465 ] ] } },
{ "type": "Feature", "properties": { "id": 1217, "id1": 467, "id2": 3581 }, "geometry": { "type": "LineString", "coordinates": [ [ 650271.860560922068544, 6861896.256989303976297 ], [ 650270.263178431428969, 6861897.628199624828994 ] ] } },
{ "type": "Feature", "properties": { "id": 1218, "id1": 468, "id2": 1264 }, "geometry": { "type": "LineString", "coordinates": [ [ 650023.522352288942784, 6862011.6220543384552 ], [ 650023.412426943192258, 6862011.531228495761752 ] ] } },
{ "type": "Feature", "properties": { "id": 1219, "id1": 469, "id2": 3629 }, "geometry": { "type": "LineString", "coordinates": [ [ 649831.911935555515811, 6862087.020765390247107 ], [ 649833.313916444778442, 6862087.806066162884235 ] ] } },
{ "type": "Feature", "properties": { "id": 1220, "id1": 470, "id2": 818 }, "geometry": { "type": "LineString", "coordinates": [ [ 649842.993987107882276, 6862312.677024159580469 ], [ 649741.274551794398576, 6862263.44257374573499 ] ] } },
{ "type": "Feature", "properties": { "id": 1222, "id1": 471, "id2": 430 }, "geometry": { "type": "LineString", "coordinates": [ [ 649854.860321372048929, 6862476.860404601320624 ], [ 649853.767500784248114, 6862477.36077792942524 ] ] } },
{ "type": "Feature", "properties": { "id": 1223, "id1": 472, "id2": 1889 }, "geometry": { "type": "LineString", "coordinates": [ [ 649905.727589779533446, 6862641.124265911057591 ], [ 649903.171906328760087, 6862635.045258726924658 ] ] } },
{ "type": "Feature", "properties": { "id": 1226, "id1": 447, "id2": 181 }, "geometry": { "type": "LineString", "coordinates": [ [ 651862.510867652134039, 6860363.171743050217628 ], [ 651983.442245297832415, 6860537.516801138408482 ] ] } },
{ "type": "Feature", "properties": { "id": 1241, "id1": 448, "id2": 1722 }, "geometry": { "type": "LineString", "coordinates": [ [ 651983.773438762058504, 6860712.98746863566339 ], [ 651947.178332700394094, 6860742.460922216065228 ] ] } },
{ "type": "Feature", "properties": { "id": 1243, "id1": 449, "id2": 3285 }, "geometry": { "type": "LineString", "coordinates": [ [ 652048.201916888006963, 6860644.905783856287599 ], [ 652047.917052061995491, 6860645.125594355165958 ] ] } },
{ "type": "Feature", "properties": { "id": 1244, "id1": 450, "id2": 395 }, "geometry": { "type": "LineString", "coordinates": [ [ 652200.791021334007382, 6860711.046062674373388 ], [ 652200.720048337359913, 6860709.578857926651835 ] ] } },
{ "type": "Feature", "properties": { "id": 1245, "id1": 451, "id2": 3573 }, "geometry": { "type": "LineString", "coordinates": [ [ 652255.572749198065139, 6860732.855996277183294 ], [ 652257.369848884292878, 6860730.501738198101521 ] ] } },
{ "type": "Feature", "properties": { "id": 1246, "id1": 452, "id2": 351 }, "geometry": { "type": "LineString", "coordinates": [ [ 652285.480396781000309, 6860865.16725879907608 ], [ 652272.30767441005446, 6860816.132307771593332 ] ] } },
{ "type": "Feature", "properties": { "id": 1248, "id1": 453, "id2": 3179 }, "geometry": { "type": "LineString", "coordinates": [ [ 652417.670123207732104, 6860972.01223852019757 ], [ 652377.961626035859808, 6860932.454245193861425 ] ] } },
{ "type": "Feature", "properties": { "id": 1250, "id1": 454, "id2": 103 }, "geometry": { "type": "LineString", "coordinates": [ [ 651255.251898218179122, 6862042.434548044577241 ], [ 651261.200542633770965, 6862082.917185717262328 ] ] } },
{ "type": "Feature", "properties": { "id": 1252, "id1": 455, "id2": 90 }, "geometry": { "type": "LineString", "coordinates": [ [ 651248.439103637472726, 6861908.134302265942097 ], [ 651248.965875042486005, 6861910.096103873103857 ] ] } },
{ "type": "Feature", "properties": { "id": 1253, "id1": 456, "id2": 2195 }, "geometry": { "type": "LineString", "coordinates": [ [ 651101.583341801422648, 6862079.539217136800289 ], [ 651101.942142891814001, 6862080.138598857447505 ] ] } },
{ "type": "Feature", "properties": { "id": 1254, "id1": 457, "id2": 2141 }, "geometry": { "type": "LineString", "coordinates": [ [ 650943.786219162051566, 6862248.857567564584315 ], [ 650945.361698580207303, 6862248.481797291897237 ] ] } },
{ "type": "Feature", "properties": { "id": 1255, "id1": 458, "id2": 75 }, "geometry": { "type": "LineString", "coordinates": [ [ 650803.061762277968228, 6862317.608142572455108 ], [ 650804.653230852680281, 6862317.253664089366794 ] ] } },
{ "type": "Feature", "properties": { "id": 1256, "id1": 459, "id2": 909 }, "geometry": { "type": "LineString", "coordinates": [ [ 650680.860461408505216, 6862376.381679098121822 ], [ 650623.810101502807811, 6862404.032706318423152 ] ] } },
{ "type": "Feature", "properties": { "id": 1257, "id1": 460, "id2": 3141 }, "geometry": { "type": "LineString", "coordinates": [ [ 650651.335034754709341, 6862301.215525952167809 ], [ 650651.309485819190741, 6862300.877436383627355 ] ] } },
{ "type": "Feature", "properties": { "id": 1258, "id1": 461, "id2": 754 }, "geometry": { "type": "LineString", "coordinates": [ [ 650629.01952254131902, 6862242.20666082855314 ], [ 650628.68347600614652, 6862242.291349864564836 ] ] } },
{ "type": "Feature", "properties": { "id": 1259, "id1": 462, "id2": 3424 }, "geometry": { "type": "LineString", "coordinates": [ [ 650489.48468096065335, 6862350.590517012402415 ], [ 650487.1940896861488, 6862350.335170309990644 ] ] } },
{ "type": "Feature", "properties": { "id": 1261, "id1": 464, "id2": 1522 }, "geometry": { "type": "LineString", "coordinates": [ [ 650275.358639503945597, 6862564.481792952865362 ], [ 650093.507905247621238, 6862615.416029244661331 ] ] } },
{ "type": "Feature", "properties": { "id": 1266, "id1": 476, "id2": 301 }, "geometry": { "type": "LineString", "coordinates": [ [ 649509.319366351584904, 6861972.075368279591203 ], [ 649232.840190145885572, 6861834.688560283742845 ] ] } },
{ "type": "Feature", "properties": { "id": 1270, "id1": 477, "id2": 349 }, "geometry": { "type": "LineString", "coordinates": [ [ 650023.842023783363402, 6861703.06566012930125 ], [ 649829.063130591646768, 6861751.80058079212904 ] ] } },
{ "type": "Feature", "properties": { "id": 1275, "id1": 478, "id2": 172 }, "geometry": { "type": "LineString", "coordinates": [ [ 649424.682114518131129, 6862636.254784543998539 ], [ 649450.519944961532019, 6862635.983751374296844 ] ] } },
{ "type": "Feature", "properties": { "id": 1277, "id1": 479, "id2": 1405 }, "geometry": { "type": "LineString", "coordinates": [ [ 649386.574106466257945, 6862333.38092184625566 ], [ 649427.001257239491679, 6862331.297856935299933 ] ] } },
{ "type": "Feature", "properties": { "id": 1279, "id1": 480, "id2": 97 }, "geometry": { "type": "LineString", "coordinates": [ [ 649272.540426405263133, 6862609.662544351071119 ], [ 649294.45611760020256, 6862599.798964184708893 ] ] } },
{ "type": "Feature", "properties": { "id": 1282, "id1": 481, "id2": 604 }, "geometry": { "type": "LineString", "coordinates": [ [ 649129.201477550319396, 6862665.625836910679936 ], [ 649157.049748194403946, 6862667.930331155657768 ] ] } },
{ "type": "Feature", "properties": { "id": 1287, "id1": 482, "id2": 467 }, "geometry": { "type": "LineString", "coordinates": [ [ 648974.119473198661581, 6862603.559816978871822 ], [ 648924.723765438422561, 6862607.121174523606896 ] ] } },
{ "type": "Feature", "properties": { "id": 1289, "id1": 483, "id2": 411 }, "geometry": { "type": "LineString", "coordinates": [ [ 648950.53999626962468, 6862677.383373733609915 ], [ 648938.029776122653857, 6862670.317121405154467 ] ] } },
{ "type": "Feature", "properties": { "id": 1291, "id1": 484, "id2": 496 }, "geometry": { "type": "LineString", "coordinates": [ [ 648807.360702109057456, 6862690.560911330394447 ], [ 648801.180794594227336, 6862710.88587374612689 ] ] } },
{ "type": "Feature", "properties": { "id": 1293, "id1": 485, "id2": 1727 }, "geometry": { "type": "LineString", "coordinates": [ [ 649000.604904612526298, 6862460.461139929480851 ], [ 648991.216489214450121, 6862466.581281313672662 ] ] } },
{ "type": "Feature", "properties": { "id": 1296, "id1": 486, "id2": 2521 }, "geometry": { "type": "LineString", "coordinates": [ [ 649253.906978975865059, 6862315.807867755182087 ], [ 649254.074545746203512, 6862315.039611046202481 ] ] } },
{ "type": "Feature", "properties": { "id": 1297, "id1": 487, "id2": 2108 }, "geometry": { "type": "LineString", "coordinates": [ [ 649124.405072684166953, 6862296.148531932383776 ], [ 649122.845013097161427, 6862295.363270808942616 ] ] } },
{ "type": "Feature", "properties": { "id": 1298, "id1": 488, "id2": 206 }, "geometry": { "type": "LineString", "coordinates": [ [ 648881.519538496271707, 6862195.241681881248951 ], [ 648830.944098106003366, 6862102.416003870777786 ] ] } },
{ "type": "Feature", "properties": { "id": 1302, "id1": 489, "id2": 29 }, "geometry": { "type": "LineString", "coordinates": [ [ 649100.645935788867064, 6862050.621040413156152 ], [ 649018.46759658458177, 6862092.017176403664052 ] ] } },
{ "type": "Feature", "properties": { "id": 1314, "id1": 511, "id2": 2515 }, "geometry": { "type": "LineString", "coordinates": [ [ 649464.662175081204623, 6860999.624221053905785 ], [ 649478.771532704820856, 6861019.721551440656185 ] ] } },
{ "type": "Feature", "properties": { "id": 1315, "id1": 490, "id2": 3234 }, "geometry": { "type": "LineString", "coordinates": [ [ 649118.636364053469151, 6861820.935569492168725 ], [ 649176.273554971092381, 6861874.459953574463725 ] ] } },
{ "type": "Feature", "properties": { "id": 1318, "id1": 493, "id2": 2161 }, "geometry": { "type": "LineString", "coordinates": [ [ 649293.074633334530517, 6862009.632071609608829 ], [ 649299.817589051905088, 6862017.44794356264174 ] ] } },
{ "type": "Feature", "properties": { "id": 1320, "id1": 495, "id2": 70 }, "geometry": { "type": "LineString", "coordinates": [ [ 648670.863639321178198, 6862389.978490355424583 ], [ 648775.810716747422703, 6862544.027967963367701 ] ] } },
{ "type": "Feature", "properties": { "id": 1329, "id1": 496, "id2": 159 }, "geometry": { "type": "LineString", "coordinates": [ [ 648740.503305954858661, 6862601.117835612036288 ], [ 648774.194601526018232, 6862599.405223838984966 ] ] } },
{ "type": "Feature", "properties": { "id": 1331, "id1": 497, "id2": 384 }, "geometry": { "type": "LineString", "coordinates": [ [ 648724.001603055163287, 6862686.494432815350592 ], [ 648549.608466359670274, 6862573.631407517008483 ] ] } },
{ "type": "Feature", "properties": { "id": 1341, "id1": 499, "id2": 737 }, "geometry": { "type": "LineString", "coordinates": [ [ 649776.03478327812627, 6861405.555257932282984 ], [ 649775.925545101636089, 6861405.356350499205291 ] ] } },
{ "type": "Feature", "properties": { "id": 1342, "id1": 500, "id2": 2471 }, "geometry": { "type": "LineString", "coordinates": [ [ 649934.944462098064832, 6861430.282409386709332 ], [ 649932.916618642979302, 6861430.770475233905017 ] ] } },
{ "type": "Feature", "properties": { "id": 1343, "id1": 501, "id2": 2399 }, "geometry": { "type": "LineString", "coordinates": [ [ 650046.808138861670159, 6861325.378111631609499 ], [ 650044.295686674653552, 6861324.77822083234787 ] ] } },
{ "type": "Feature", "properties": { "id": 1344, "id1": 502, "id2": 3364 }, "geometry": { "type": "LineString", "coordinates": [ [ 650084.22948541585356, 6861205.133376417681575 ], [ 650082.809572469443083, 6861200.374021331779659 ] ] } },
{ "type": "Feature", "properties": { "id": 1345, "id1": 503, "id2": 2441 }, "geometry": { "type": "LineString", "coordinates": [ [ 650008.952023780788295, 6861221.742715831845999 ], [ 650006.556402235059068, 6861223.984807441011071 ] ] } },
{ "type": "Feature", "properties": { "id": 1346, "id1": 504, "id2": 3351 }, "geometry": { "type": "LineString", "coordinates": [ [ 650212.963432658929378, 6861371.584378630854189 ], [ 650213.573291170760058, 6861373.810215600766242 ] ] } },
{ "type": "Feature", "properties": { "id": 1347, "id1": 505, "id2": 2273 }, "geometry": { "type": "LineString", "coordinates": [ [ 650512.975576721364632, 6861766.208284040912986 ], [ 650601.827083004056476, 6861728.230948030017316 ] ] } },
{ "type": "Feature", "properties": { "id": 1350, "id1": 506, "id2": 1125 }, "geometry": { "type": "LineString", "coordinates": [ [ 649661.164122375310399, 6861648.907497584819794 ], [ 649661.376690610777587, 6861647.70708950702101 ] ] } },
{ "type": "Feature", "properties": { "id": 1351, "id1": 507, "id2": 1054 }, "geometry": { "type": "LineString", "coordinates": [ [ 649894.163668426219374, 6861163.899088400416076 ], [ 649894.481314001139253, 6861170.89735768456012 ] ] } },
{ "type": "Feature", "properties": { "id": 1352, "id1": 508, "id2": 2001 }, "geometry": { "type": "LineString", "coordinates": [ [ 649765.831476341816597, 6861031.107660508714616 ], [ 649765.067500624456443, 6861030.120315876789391 ] ] } },
{ "type": "Feature", "properties": { "id": 1354, "id1": 514, "id2": 996 }, "geometry": { "type": "LineString", "coordinates": [ [ 649502.533451574505307, 6861048.651718004606664 ], [ 649487.289852505316958, 6861028.622885590419173 ] ] } },
{ "type": "Feature", "properties": { "id": 1356, "id1": 516, "id2": 2611 }, "geometry": { "type": "LineString", "coordinates": [ [ 649598.180425815633498, 6860982.222051290795207 ], [ 649601.443635831819847, 6860980.14733901899308 ] ] } },
{ "type": "Feature", "properties": { "id": 1357, "id1": 517, "id2": 335 }, "geometry": { "type": "LineString", "coordinates": [ [ 649554.130098183522932, 6861114.420505786314607 ], [ 649554.798224168131128, 6861115.801297632977366 ] ] } },
{ "type": "Feature", "properties": { "id": 1358, "id1": 518, "id2": 3639 }, "geometry": { "type": "LineString", "coordinates": [ [ 649628.294638707535341, 6861150.677991033531725 ], [ 649627.949424856458791, 6861150.407262179069221 ] ] } },
{ "type": "Feature", "properties": { "id": 1359, "id1": 519, "id2": 1590 }, "geometry": { "type": "LineString", "coordinates": [ [ 649713.310836863121949, 6861181.358714306727052 ], [ 649712.731709342449903, 6861179.395415673963726 ] ] } },
{ "type": "Feature", "properties": { "id": 1360, "id1": 520, "id2": 241 }, "geometry": { "type": "LineString", "coordinates": [ [ 649610.531213173992001, 6861377.985564852133393 ], [ 649588.79225964192301, 6861572.049463678151369 ] ] } },
{ "type": "Feature", "properties": { "id": 1367, "id1": 521, "id2": 21 }, "geometry": { "type": "LineString", "coordinates": [ [ 648483.089125497848727, 6862011.90117315761745 ], [ 648645.405658712377772, 6861561.343106538057327 ] ] } },
{ "type": "Feature", "properties": { "id": 1382, "id1": 522, "id2": 54 }, "geometry": { "type": "LineString", "coordinates": [ [ 648543.462539300438948, 6861952.840956774540246 ], [ 648383.080729610403068, 6862112.430160730145872 ] ] } },
{ "type": "Feature", "properties": { "id": 1409, "id1": 523, "id2": 31 }, "geometry": { "type": "LineString", "coordinates": [ [ 648081.210597488447092, 6861921.295289764180779 ], [ 648198.681303226621822, 6861793.603429527021945 ] ] } },
{ "type": "Feature", "properties": { "id": 1412, "id1": 524, "id2": 811 }, "geometry": { "type": "LineString", "coordinates": [ [ 648337.457084020366892, 6861750.016390975564718 ], [ 648390.859387588687241, 6861716.276365083642304 ] ] } },
{ "type": "Feature", "properties": { "id": 1415, "id1": 525, "id2": 1305 }, "geometry": { "type": "LineString", "coordinates": [ [ 652518.002019563573413, 6861336.237468957901001 ], [ 652513.549687716411427, 6861335.243393009528518 ] ] } },
{ "type": "Feature", "properties": { "id": 1416, "id1": 526, "id2": 860 }, "geometry": { "type": "LineString", "coordinates": [ [ 648452.252769922255538, 6861584.309289023280144 ], [ 648407.566631484311074, 6861549.462189177982509 ] ] } },
{ "type": "Feature", "properties": { "id": 1418, "id1": 527, "id2": 246 }, "geometry": { "type": "LineString", "coordinates": [ [ 648494.17242898105178, 6861422.776159266941249 ], [ 648456.304366620373912, 6861438.955468463711441 ] ] } },
{ "type": "Feature", "properties": { "id": 1427, "id1": 528, "id2": 25 }, "geometry": { "type": "LineString", "coordinates": [ [ 648321.425696820369922, 6861476.445817581377923 ], [ 648323.598969916114584, 6861470.879847922362387 ] ] } },
{ "type": "Feature", "properties": { "id": 1428, "id1": 529, "id2": 185 }, "geometry": { "type": "LineString", "coordinates": [ [ 648268.76589057315141, 6861391.212754453532398 ], [ 648261.41634383937344, 6861398.45375170186162 ] ] } },
{ "type": "Feature", "properties": { "id": 1433, "id1": 530, "id2": 163 }, "geometry": { "type": "LineString", "coordinates": [ [ 648007.916839830810204, 6861743.419916176237166 ], [ 647943.788915576529689, 6861790.474150718189776 ] ] } },
{ "type": "Feature", "properties": { "id": 1436, "id1": 531, "id2": 391 }, "geometry": { "type": "LineString", "coordinates": [ [ 648062.293176375911571, 6861525.608462629839778 ], [ 648096.207985205226578, 6861547.560880616307259 ] ] } },
{ "type": "Feature", "properties": { "id": 1438, "id1": 563, "id2": 3122 }, "geometry": { "type": "LineString", "coordinates": [ [ 650132.270258991513401, 6861026.407155649736524 ], [ 650131.432124878629111, 6861027.821037795394659 ] ] } },
{ "type": "Feature", "properties": { "id": 1439, "id1": 532, "id2": 314 }, "geometry": { "type": "LineString", "coordinates": [ [ 648234.556978926644661, 6861609.800271416082978 ], [ 648179.809740204247646, 6861636.974567470140755 ] ] } },
{ "type": "Feature", "properties": { "id": 1443, "id1": 533, "id2": 3585 }, "geometry": { "type": "LineString", "coordinates": [ [ 648688.963977188570425, 6861367.774190869182348 ], [ 648657.874673563521355, 6861332.97478648647666 ] ] } },
{ "type": "Feature", "properties": { "id": 1446, "id1": 534, "id2": 3081 }, "geometry": { "type": "LineString", "coordinates": [ [ 648701.335741385468282, 6861256.138419036753476 ], [ 648788.469974486622959, 6861271.955497873947024 ] ] } },
{ "type": "Feature", "properties": { "id": 1448, "id1": 535, "id2": 566 }, "geometry": { "type": "LineString", "coordinates": [ [ 648985.015182957984507, 6861547.646478246897459 ], [ 648988.129922723164782, 6861544.709928075782955 ] ] } },
{ "type": "Feature", "properties": { "id": 1449, "id1": 536, "id2": 2199 }, "geometry": { "type": "LineString", "coordinates": [ [ 648848.365330011467449, 6861162.66995554883033 ], [ 648913.958228009752929, 6861118.95349823217839 ] ] } },
{ "type": "Feature", "properties": { "id": 1450, "id1": 537, "id2": 45 }, "geometry": { "type": "LineString", "coordinates": [ [ 649024.114012590725906, 6861170.825408707372844 ], [ 649089.02639275114052, 6861012.665337380021811 ] ] } },
{ "type": "Feature", "properties": { "id": 1455, "id1": 538, "id2": 803 }, "geometry": { "type": "LineString", "coordinates": [ [ 650952.228787044412456, 6861516.793491795659065 ], [ 650959.34066521585919, 6861510.87498355191201 ] ] } },
{ "type": "Feature", "properties": { "id": 1456, "id1": 540, "id2": 3065 }, "geometry": { "type": "LineString", "coordinates": [ [ 649221.455676244571805, 6861090.609121042303741 ], [ 649243.763777172658592, 6861104.241587002761662 ] ] } },
{ "type": "Feature", "properties": { "id": 1459, "id1": 541, "id2": 2429 }, "geometry": { "type": "LineString", "coordinates": [ [ 649231.339735539630055, 6861189.000927989371121 ], [ 649209.82058434758801, 6861183.955706660635769 ] ] } },
{ "type": "Feature", "properties": { "id": 1460, "id1": 542, "id2": 1325 }, "geometry": { "type": "LineString", "coordinates": [ [ 649387.16461340803653, 6861312.316431504674256 ], [ 649467.52606705785729, 6861473.687860446050763 ] ] } },
{ "type": "Feature", "properties": { "id": 1462, "id1": 543, "id2": 281 }, "geometry": { "type": "LineString", "coordinates": [ [ 649454.227539407205768, 6861559.551014123484492 ], [ 649460.475037444848567, 6861562.776505430229008 ] ] } },
{ "type": "Feature", "properties": { "id": 1463, "id1": 585, "id2": 3250 }, "geometry": { "type": "LineString", "coordinates": [ [ 650018.097713549737819, 6863595.423892707563937 ], [ 650018.60838171467185, 6863597.616488510742784 ] ] } },
{ "type": "Feature", "properties": { "id": 1464, "id1": 544, "id2": 827 }, "geometry": { "type": "LineString", "coordinates": [ [ 649220.863821184728295, 6861413.965175 ], [ 649217.988462200737558, 6861401.419292063452303 ] ] } },
{ "type": "Feature", "properties": { "id": 1465, "id1": 545, "id2": 170 }, "geometry": { "type": "LineString", "coordinates": [ [ 649320.660164345987141, 6861592.53528518974781 ], [ 649253.218843727721833, 6861521.290878823027015 ] ] } },
{ "type": "Feature", "properties": { "id": 1468, "id1": 546, "id2": 1398 }, "geometry": { "type": "LineString", "coordinates": [ [ 649236.163356321281753, 6861715.314240678213537 ], [ 649251.345954563003033, 6861722.548225287348032 ] ] } },
{ "type": "Feature", "properties": { "id": 1469, "id1": 547, "id2": 3535 }, "geometry": { "type": "LineString", "coordinates": [ [ 649538.058193001896143, 6860889.027196225710213 ], [ 649541.627715250942856, 6860886.408548993058503 ] ] } },
{ "type": "Feature", "properties": { "id": 1470, "id1": 548, "id2": 2233 }, "geometry": { "type": "LineString", "coordinates": [ [ 650977.456991487066261, 6861724.399439138360322 ], [ 650974.502761592506431, 6861706.334376308135688 ] ] } },
{ "type": "Feature", "properties": { "id": 1472, "id1": 550, "id2": 2219 }, "geometry": { "type": "LineString", "coordinates": [ [ 650982.304194378317334, 6861631.046370109543204 ], [ 650970.192220563418232, 6861637.811492388136685 ] ] } },
{ "type": "Feature", "properties": { "id": 1473, "id1": 551, "id2": 62 }, "geometry": { "type": "LineString", "coordinates": [ [ 650901.421010277001187, 6861609.601991039700806 ], [ 650901.73325953213498, 6861612.313706841319799 ] ] } },
{ "type": "Feature", "properties": { "id": 1474, "id1": 552, "id2": 1687 }, "geometry": { "type": "LineString", "coordinates": [ [ 650864.340013484004885, 6861692.075325524434447 ], [ 650864.949486955883913, 6861693.789900425821543 ] ] } },
{ "type": "Feature", "properties": { "id": 1475, "id1": 553, "id2": 3272 }, "geometry": { "type": "LineString", "coordinates": [ [ 650779.835709508624859, 6861750.253972047939897 ], [ 650775.58886186289601, 6861742.904015492647886 ] ] } },
{ "type": "Feature", "properties": { "id": 1476, "id1": 554, "id2": 972 }, "geometry": { "type": "LineString", "coordinates": [ [ 650700.947858486906625, 6861596.43943065777421 ], [ 650684.082672479795292, 6861614.390345034189522 ] ] } },
{ "type": "Feature", "properties": { "id": 1478, "id1": 555, "id2": 676 }, "geometry": { "type": "LineString", "coordinates": [ [ 650481.443359060562216, 6861562.899688293226063 ], [ 650424.035147431888618, 6861440.422313496470451 ] ] } },
{ "type": "Feature", "properties": { "id": 1486, "id1": 556, "id2": 68 }, "geometry": { "type": "LineString", "coordinates": [ [ 651038.683273343136534, 6861525.833461423404515 ], [ 651083.444858321570791, 6861527.82726451382041 ] ] } },
{ "type": "Feature", "properties": { "id": 1489, "id1": 557, "id2": 2591 }, "geometry": { "type": "LineString", "coordinates": [ [ 650904.715206624823622, 6861534.546719560399652 ], [ 650901.480540090356953, 6861539.34523946326226 ] ] } },
{ "type": "Feature", "properties": { "id": 1490, "id1": 558, "id2": 11 }, "geometry": { "type": "LineString", "coordinates": [ [ 650758.960553899174556, 6861247.176132697612047 ], [ 650657.141138742794283, 6861030.788666539825499 ] ] } },
{ "type": "Feature", "properties": { "id": 1501, "id1": 559, "id2": 1106 }, "geometry": { "type": "LineString", "coordinates": [ [ 650613.014193159644492, 6861391.74621643871069 ], [ 650544.750164487049915, 6861344.04873364418745 ] ] } },
{ "type": "Feature", "properties": { "id": 1507, "id1": 560, "id2": 1742 }, "geometry": { "type": "LineString", "coordinates": [ [ 650468.684173016692512, 6861283.305943920277059 ], [ 650469.255213949363679, 6861285.600321772508323 ] ] } },
{ "type": "Feature", "properties": { "id": 1508, "id1": 561, "id2": 739 }, "geometry": { "type": "LineString", "coordinates": [ [ 650421.0008443800034, 6861246.397910328581929 ], [ 650419.285728203947656, 6861248.073553999885917 ] ] } },
{ "type": "Feature", "properties": { "id": 1509, "id1": 562, "id2": 3461 }, "geometry": { "type": "LineString", "coordinates": [ [ 650276.059810753446072, 6861135.447488055564463 ], [ 650275.467068969621323, 6861137.97165852971375 ] ] } },
{ "type": "Feature", "properties": { "id": 1510, "id1": 586, "id2": 1572 }, "geometry": { "type": "LineString", "coordinates": [ [ 650047.623638420714997, 6863677.634318902157247 ], [ 650049.689474996645004, 6863678.229091800749302 ] ] } },
{ "type": "Feature", "properties": { "id": 1511, "id1": 564, "id2": 821 }, "geometry": { "type": "LineString", "coordinates": [ [ 650022.048942358000204, 6860957.092796551994979 ], [ 650061.566605580039322, 6860977.486716871149838 ] ] } },
{ "type": "Feature", "properties": { "id": 1513, "id1": 565, "id2": 946 }, "geometry": { "type": "LineString", "coordinates": [ [ 650482.0543984756805, 6861063.92877634614706 ], [ 650421.471687867073342, 6861000.025465254671872 ] ] } },
{ "type": "Feature", "properties": { "id": 1518, "id1": 566, "id2": 1793 }, "geometry": { "type": "LineString", "coordinates": [ [ 650299.188637816230766, 6860940.866642593406141 ], [ 650231.848980455775745, 6860904.678683963604271 ] ] } },
{ "type": "Feature", "properties": { "id": 1520, "id1": 568, "id2": 3323 }, "geometry": { "type": "LineString", "coordinates": [ [ 650010.601404562126845, 6860763.074542205780745 ], [ 650010.177339051151648, 6860763.241995767690241 ] ] } },
{ "type": "Feature", "properties": { "id": 1521, "id1": 569, "id2": 414 }, "geometry": { "type": "LineString", "coordinates": [ [ 650469.576864444185048, 6860776.187014675699174 ], [ 650424.830119695048779, 6860813.568183745257556 ] ] } },
{ "type": "Feature", "properties": { "id": 1526, "id1": 570, "id2": 608 }, "geometry": { "type": "LineString", "coordinates": [ [ 650317.476456283475272, 6860541.46962190978229 ], [ 650347.200604561832733, 6860614.433787262067199 ] ] } },
{ "type": "Feature", "properties": { "id": 1536, "id1": 571, "id2": 379 }, "geometry": { "type": "LineString", "coordinates": [ [ 649728.299396645394154, 6860538.499424820765853 ], [ 649613.194658580119722, 6860416.544015710242093 ] ] } },
{ "type": "Feature", "properties": { "id": 1544, "id1": 572, "id2": 2475 }, "geometry": { "type": "LineString", "coordinates": [ [ 651310.440047322539613, 6861348.633968494832516 ], [ 651310.25017548922915, 6861351.445953051559627 ] ] } },
{ "type": "Feature", "properties": { "id": 1545, "id1": 573, "id2": 2038 }, "geometry": { "type": "LineString", "coordinates": [ [ 651224.096245181164704, 6861304.357112104073167 ], [ 651224.043065898236819, 6861305.166615971364081 ] ] } },
{ "type": "Feature", "properties": { "id": 1546, "id1": 574, "id2": 2472 }, "geometry": { "type": "LineString", "coordinates": [ [ 651182.937792229000479, 6861403.718023979105055 ], [ 651190.382447349024005, 6861422.584809202700853 ] ] } },
{ "type": "Feature", "properties": { "id": 1548, "id1": 575, "id2": 1886 }, "geometry": { "type": "LineString", "coordinates": [ [ 650934.777501330594532, 6861438.920349479652941 ], [ 650936.670525313937105, 6861437.082146965898573 ] ] } },
{ "type": "Feature", "properties": { "id": 1549, "id1": 576, "id2": 1200 }, "geometry": { "type": "LineString", "coordinates": [ [ 651194.600562397157773, 6863185.221684664487839 ], [ 651196.435123326256871, 6863184.883256760425866 ] ] } },
{ "type": "Feature", "properties": { "id": 1550, "id1": 577, "id2": 2795 }, "geometry": { "type": "LineString", "coordinates": [ [ 650932.460383950965479, 6861371.719806916080415 ], [ 650928.357075843494385, 6861374.02615790721029 ] ] } },
{ "type": "Feature", "properties": { "id": 1551, "id1": 578, "id2": 1541 }, "geometry": { "type": "LineString", "coordinates": [ [ 651006.502699441392906, 6861397.412110490724444 ], [ 651006.364286316442303, 6861401.778261807747185 ] ] } },
{ "type": "Feature", "properties": { "id": 1552, "id1": 579, "id2": 657 }, "geometry": { "type": "LineString", "coordinates": [ [ 650366.566971499705687, 6863249.653408318758011 ], [ 650366.521022013388574, 6863250.852387017570436 ] ] } },
{ "type": "Feature", "properties": { "id": 1553, "id1": 580, "id2": 3004 }, "geometry": { "type": "LineString", "coordinates": [ [ 650261.179090129444376, 6863302.664111705496907 ], [ 650261.103874937980436, 6863303.633842378854752 ] ] } },
{ "type": "Feature", "properties": { "id": 1554, "id1": 581, "id2": 3140 }, "geometry": { "type": "LineString", "coordinates": [ [ 650233.053741430630907, 6863515.484456824138761 ], [ 650233.377511750091799, 6863516.071272568777204 ] ] } },
{ "type": "Feature", "properties": { "id": 1555, "id1": 582, "id2": 2174 }, "geometry": { "type": "LineString", "coordinates": [ [ 650276.159537944360636, 6863630.800897620618343 ], [ 650271.207559674279764, 6863632.641034064814448 ] ] } },
{ "type": "Feature", "properties": { "id": 1556, "id1": 583, "id2": 1855 }, "geometry": { "type": "LineString", "coordinates": [ [ 650336.430366116459481, 6863477.72361109778285 ], [ 650368.022859886754304, 6863487.766158985905349 ] ] } },
{ "type": "Feature", "properties": { "id": 1560, "id1": 584, "id2": 290 }, "geometry": { "type": "LineString", "coordinates": [ [ 650133.650071514653973, 6863563.535291673615575 ], [ 650134.272306664381176, 6863566.128815330564976 ] ] } },
{ "type": "Feature", "properties": { "id": 1561, "id1": 588, "id2": 812 }, "geometry": { "type": "LineString", "coordinates": [ [ 649708.164357401547022, 6863596.087167945690453 ], [ 649683.793327711638995, 6863622.800277339294553 ] ] } },
{ "type": "Feature", "properties": { "id": 1563, "id1": 589, "id2": 3432 }, "geometry": { "type": "LineString", "coordinates": [ [ 649580.94985534902662, 6863440.84289473015815 ], [ 649588.099893676699139, 6863441.704432586207986 ] ] } },
{ "type": "Feature", "properties": { "id": 1564, "id1": 590, "id2": 992 }, "geometry": { "type": "LineString", "coordinates": [ [ 649979.508820202783681, 6863426.166988909244537 ], [ 649836.584401646396145, 6863500.86663500405848 ] ] } },
{ "type": "Feature", "properties": { "id": 1572, "id1": 592, "id2": 914 }, "geometry": { "type": "LineString", "coordinates": [ [ 648354.77712132781744, 6863442.596196113154292 ], [ 648269.65882834000513, 6863404.419371762312949 ] ] } },
{ "type": "Feature", "properties": { "id": 1575, "id1": 593, "id2": 79 }, "geometry": { "type": "LineString", "coordinates": [ [ 648755.01462048990652, 6863393.981946984305978 ], [ 648725.995173030649312, 6862969.164153647609055 ] ] } },
{ "type": "Feature", "properties": { "id": 1589, "id1": 594, "id2": 934 }, "geometry": { "type": "LineString", "coordinates": [ [ 648358.967138557229191, 6863080.219591818749905 ], [ 648404.847586930613033, 6863056.935592514462769 ] ] } },
{ "type": "Feature", "properties": { "id": 1590, "id1": 595, "id2": 3280 }, "geometry": { "type": "LineString", "coordinates": [ [ 651242.776205959031358, 6863167.993993999436498 ], [ 651244.236361978459172, 6863167.292058885097504 ] ] } },
{ "type": "Feature", "properties": { "id": 1591, "id1": 596, "id2": 636 }, "geometry": { "type": "LineString", "coordinates": [ [ 651209.796987816225737, 6863074.919375989586115 ], [ 651206.174304021173157, 6863084.806685074232519 ] ] } },
{ "type": "Feature", "properties": { "id": 1593, "id1": 598, "id2": 8 }, "geometry": { "type": "LineString", "coordinates": [ [ 648500.174654272850603, 6863021.23165993951261 ], [ 648462.726360398926772, 6863214.086304467171431 ] ] } },
{ "type": "Feature", "properties": { "id": 1610, "id1": 599, "id2": 531 }, "geometry": { "type": "LineString", "coordinates": [ [ 648308.045494408346713, 6863002.829058894887567 ], [ 648301.123965034261346, 6862987.171983515843749 ] ] } },
{ "type": "Feature", "properties": { "id": 1612, "id1": 600, "id2": 361 }, "geometry": { "type": "LineString", "coordinates": [ [ 648322.48011926736217, 6863266.913136479444802 ], [ 648228.072619782527909, 6863335.907823991961777 ] ] } },
{ "type": "Feature", "properties": { "id": 1624, "id1": 601, "id2": 3374 }, "geometry": { "type": "LineString", "coordinates": [ [ 648227.146023069741204, 6862839.44112750981003 ], [ 648205.33771183155477, 6862872.001311257481575 ] ] } },
{ "type": "Feature", "properties": { "id": 1627, "id1": 643, "id2": 1424 }, "geometry": { "type": "LineString", "coordinates": [ [ 651266.45531452447176, 6863033.007895071990788 ], [ 651262.662852197187021, 6863024.434925223700702 ] ] } },
{ "type": "Feature", "properties": { "id": 1628, "id1": 644, "id2": 352 }, "geometry": { "type": "LineString", "coordinates": [ [ 651303.400059498730116, 6863099.69898868072778 ], [ 651303.32299754221458, 6863099.604221979156137 ] ] } },
{ "type": "Feature", "properties": { "id": 1629, "id1": 602, "id2": 1159 }, "geometry": { "type": "LineString", "coordinates": [ [ 648065.495720423525199, 6862911.377332511357963 ], [ 648199.977779682143591, 6862976.584550439380109 ] ] } },
{ "type": "Feature", "properties": { "id": 1637, "id1": 603, "id2": 2011 }, "geometry": { "type": "LineString", "coordinates": [ [ 648128.008878925465979, 6863026.194726144894958 ], [ 648104.666018600808457, 6863023.433635415509343 ] ] } },
{ "type": "Feature", "properties": { "id": 1638, "id1": 604, "id2": 271 }, "geometry": { "type": "LineString", "coordinates": [ [ 648092.811376391910017, 6863243.679763314314187 ], [ 648117.421509490581229, 6863234.888214567676187 ] ] } },
{ "type": "Feature", "properties": { "id": 1643, "id1": 605, "id2": 3425 }, "geometry": { "type": "LineString", "coordinates": [ [ 648011.234151236712933, 6863073.933928241021931 ], [ 648014.38503471261356, 6863066.926213646307588 ] ] } },
{ "type": "Feature", "properties": { "id": 1644, "id1": 606, "id2": 2838 }, "geometry": { "type": "LineString", "coordinates": [ [ 648152.444208265282214, 6863086.38992967363447 ], [ 648200.926845299778506, 6863111.734280673786998 ] ] } },
{ "type": "Feature", "properties": { "id": 1645, "id1": 607, "id2": 1403 }, "geometry": { "type": "LineString", "coordinates": [ [ 647894.303637352306396, 6862956.706806559115648 ], [ 647926.519053941126913, 6862969.479952732101083 ] ] } },
{ "type": "Feature", "properties": { "id": 1647, "id1": 608, "id2": 1671 }, "geometry": { "type": "LineString", "coordinates": [ [ 647789.259982585092075, 6862816.173092337325215 ], [ 647835.547985851415433, 6862902.718144454061985 ] ] } },
{ "type": "Feature", "properties": { "id": 1650, "id1": 609, "id2": 3057 }, "geometry": { "type": "LineString", "coordinates": [ [ 647920.251421206514351, 6863094.031660738401115 ], [ 647918.792251285980456, 6863094.840374499559402 ] ] } },
{ "type": "Feature", "properties": { "id": 1651, "id1": 610, "id2": 591 }, "geometry": { "type": "LineString", "coordinates": [ [ 648978.192087299190462, 6863280.442373021505773 ], [ 648754.93099759076722, 6862990.843968021683395 ] ] } },
{ "type": "Feature", "properties": { "id": 1663, "id1": 611, "id2": 279 }, "geometry": { "type": "LineString", "coordinates": [ [ 649665.415423941332847, 6863135.209130712784827 ], [ 649583.134471402969211, 6863292.566651050001383 ] ] } },
{ "type": "Feature", "properties": { "id": 1674, "id1": 612, "id2": 1078 }, "geometry": { "type": "LineString", "coordinates": [ [ 649198.770866086357273, 6863127.63965118303895 ], [ 649278.154037595610134, 6863031.241707649081945 ] ] } },
{ "type": "Feature", "properties": { "id": 1682, "id1": 613, "id2": 702 }, "geometry": { "type": "LineString", "coordinates": [ [ 651673.263234144542366, 6863645.918723955750465 ], [ 651620.303467947524041, 6863655.42057893704623 ] ] } },
{ "type": "Feature", "properties": { "id": 1684, "id1": 614, "id2": 541 }, "geometry": { "type": "LineString", "coordinates": [ [ 650542.928876400808804, 6863393.849984259344637 ], [ 650442.512182811857201, 6863390.599705644883215 ] ] } },
{ "type": "Feature", "properties": { "id": 1688, "id1": 615, "id2": 254 }, "geometry": { "type": "LineString", "coordinates": [ [ 650711.829336554044858, 6863336.630057433620095 ], [ 650713.074901932734065, 6863338.2339236298576 ] ] } },
{ "type": "Feature", "properties": { "id": 1689, "id1": 645, "id2": 2400 }, "geometry": { "type": "LineString", "coordinates": [ [ 651327.503854061826132, 6863144.584059430286288 ], [ 651328.876549443230033, 6863146.417471038177609 ] ] } },
{ "type": "Feature", "properties": { "id": 1690, "id1": 616, "id2": 73 }, "geometry": { "type": "LineString", "coordinates": [ [ 650939.1592344265664, 6863178.5342868110165 ], [ 650980.466624975204468, 6863204.208918045274913 ] ] } },
{ "type": "Feature", "properties": { "id": 1695, "id1": 617, "id2": 38 }, "geometry": { "type": "LineString", "coordinates": [ [ 650945.943843075423501, 6863479.994942654855549 ], [ 651081.566909047425725, 6863525.127761426381767 ] ] } },
{ "type": "Feature", "properties": { "id": 1703, "id1": 618, "id2": 683 }, "geometry": { "type": "LineString", "coordinates": [ [ 651033.042198516312055, 6863359.380810096859932 ], [ 651031.973337773699313, 6863357.402108936570585 ] ] } },
{ "type": "Feature", "properties": { "id": 1704, "id1": 619, "id2": 74 }, "geometry": { "type": "LineString", "coordinates": [ [ 651146.827458727173507, 6863503.52165506593883 ], [ 651059.658981337677687, 6863434.27011984679848 ] ] } },
{ "type": "Feature", "properties": { "id": 1710, "id1": 620, "id2": 666 }, "geometry": { "type": "LineString", "coordinates": [ [ 651097.761078604613431, 6863338.458396397531033 ], [ 651065.881455880007707, 6863313.839775218628347 ] ] } },
{ "type": "Feature", "properties": { "id": 1712, "id1": 621, "id2": 84 }, "geometry": { "type": "LineString", "coordinates": [ [ 651029.607145153800957, 6863097.209351778961718 ], [ 651031.510587346623652, 6863096.901109179481864 ] ] } },
{ "type": "Feature", "properties": { "id": 1713, "id1": 622, "id2": 896 }, "geometry": { "type": "LineString", "coordinates": [ [ 651242.005824381252751, 6863524.857791638933122 ], [ 651228.051371346111409, 6863460.492045065388083 ] ] } },
{ "type": "Feature", "properties": { "id": 1717, "id1": 623, "id2": 725 }, "geometry": { "type": "LineString", "coordinates": [ [ 651321.995353353326209, 6863548.149317825213075 ], [ 651316.241584610193968, 6863448.642489767633379 ] ] } },
{ "type": "Feature", "properties": { "id": 1719, "id1": 624, "id2": 1016 }, "geometry": { "type": "LineString", "coordinates": [ [ 651415.444927434320562, 6863441.781990807503462 ], [ 651404.002370543312281, 6863435.220931574702263 ] ] } },
{ "type": "Feature", "properties": { "id": 1721, "id1": 625, "id2": 282 }, "geometry": { "type": "LineString", "coordinates": [ [ 651402.77071892528329, 6863374.86990792863071 ], [ 651403.374702537432313, 6863375.204570896923542 ] ] } },
{ "type": "Feature", "properties": { "id": 1722, "id1": 626, "id2": 2164 }, "geometry": { "type": "LineString", "coordinates": [ [ 651442.591548562631942, 6863536.177073001861572 ], [ 651442.681423419504426, 6863538.250447195954621 ] ] } },
{ "type": "Feature", "properties": { "id": 1723, "id1": 627, "id2": 2902 }, "geometry": { "type": "LineString", "coordinates": [ [ 651383.72679997200612, 6863639.446536040864885 ], [ 651383.730195455020294, 6863638.078734200447798 ] ] } },
{ "type": "Feature", "properties": { "id": 1724, "id1": 628, "id2": 3576 }, "geometry": { "type": "LineString", "coordinates": [ [ 651409.756950468989089, 6863589.593067994341254 ], [ 651410.107744168839417, 6863589.994161579757929 ] ] } },
{ "type": "Feature", "properties": { "id": 1725, "id1": 629, "id2": 1052 }, "geometry": { "type": "LineString", "coordinates": [ [ 651432.393498313962482, 6863666.783079648390412 ], [ 651431.102825175155886, 6863662.223079975694418 ] ] } },
{ "type": "Feature", "properties": { "id": 1726, "id1": 630, "id2": 102 }, "geometry": { "type": "LineString", "coordinates": [ [ 651230.487674683216028, 6863319.373149407096207 ], [ 651274.010980073362589, 6863315.157689237035811 ] ] } },
{ "type": "Feature", "properties": { "id": 1729, "id1": 631, "id2": 2171 }, "geometry": { "type": "LineString", "coordinates": [ [ 651145.607282115961425, 6863156.932361887767911 ], [ 651110.452834256575443, 6863154.080003814771771 ] ] } },
{ "type": "Feature", "properties": { "id": 1734, "id1": 634, "id2": 2905 }, "geometry": { "type": "LineString", "coordinates": [ [ 651053.596746558090672, 6863049.447979347780347 ], [ 651054.905511785764247, 6863050.529737433418632 ] ] } },
{ "type": "Feature", "properties": { "id": 1735, "id1": 635, "id2": 2565 }, "geometry": { "type": "LineString", "coordinates": [ [ 651094.716832415433601, 6862961.122547051869333 ], [ 651109.538322394015267, 6862946.268756886012852 ] ] } },
{ "type": "Feature", "properties": { "id": 1737, "id1": 637, "id2": 1024 }, "geometry": { "type": "LineString", "coordinates": [ [ 651258.353930902667344, 6862915.420130085200071 ], [ 651344.365085694240406, 6863050.102492521516979 ] ] } },
{ "type": "Feature", "properties": { "id": 1741, "id1": 638, "id2": 3262 }, "geometry": { "type": "LineString", "coordinates": [ [ 651243.511788073228672, 6862831.596058550290763 ], [ 651229.855737696401775, 6862810.748864124529064 ] ] } },
{ "type": "Feature", "properties": { "id": 1743, "id1": 639, "id2": 148 }, "geometry": { "type": "LineString", "coordinates": [ [ 651245.439203462214209, 6862802.078436858952045 ], [ 651252.127223744988441, 6862816.753672112710774 ] ] } },
{ "type": "Feature", "properties": { "id": 1744, "id1": 640, "id2": 1276 }, "geometry": { "type": "LineString", "coordinates": [ [ 651396.968628411297686, 6862921.447710921056569 ], [ 651401.285479169106111, 6862927.602925004437566 ] ] } },
{ "type": "Feature", "properties": { "id": 1745, "id1": 646, "id2": 1051 }, "geometry": { "type": "LineString", "coordinates": [ [ 651320.838265789207071, 6863240.273021699860692 ], [ 651322.493039077729918, 6863239.865224606357515 ] ] } },
{ "type": "Feature", "properties": { "id": 1746, "id1": 647, "id2": 1774 }, "geometry": { "type": "LineString", "coordinates": [ [ 651375.655645732884295, 6863234.651738820597529 ], [ 651379.831495562219061, 6863228.50499601662159 ] ] } },
{ "type": "Feature", "properties": { "id": 1748, "id1": 648, "id2": 593 }, "geometry": { "type": "LineString", "coordinates": [ [ 651347.078807898447849, 6863327.396921519190073 ], [ 651349.672393475892022, 6863328.345348152332008 ] ] } },
{ "type": "Feature", "properties": { "id": 1749, "id1": 649, "id2": 2230 }, "geometry": { "type": "LineString", "coordinates": [ [ 651404.521908001508564, 6863308.941476953215897 ], [ 651406.520780515857041, 6863308.816706250421703 ] ] } },
{ "type": "Feature", "properties": { "id": 1750, "id1": 650, "id2": 3147 }, "geometry": { "type": "LineString", "coordinates": [ [ 651494.543000356177799, 6863630.642611485905945 ], [ 651495.75943463400472, 6863630.346311594359577 ] ] } },
{ "type": "Feature", "properties": { "id": 1751, "id1": 651, "id2": 883 }, "geometry": { "type": "LineString", "coordinates": [ [ 651520.12875737727154, 6863688.57605560310185 ], [ 651521.207504835445434, 6863686.421969400718808 ] ] } },
{ "type": "Feature", "properties": { "id": 1752, "id1": 652, "id2": 863 }, "geometry": { "type": "LineString", "coordinates": [ [ 651591.271056112949736, 6863550.344065562821925 ], [ 651581.014060465968214, 6863550.342858588322997 ] ] } },
{ "type": "Feature", "properties": { "id": 1754, "id1": 653, "id2": 3481 }, "geometry": { "type": "LineString", "coordinates": [ [ 651701.27608670189511, 6863554.274635411798954 ], [ 651703.40473498951178, 6863552.573227855376899 ] ] } },
{ "type": "Feature", "properties": { "id": 1755, "id1": 654, "id2": 201 }, "geometry": { "type": "LineString", "coordinates": [ [ 651641.056197313359007, 6863463.210249326191843 ], [ 651684.098352236207575, 6863436.689729428850114 ] ] } },
{ "type": "Feature", "properties": { "id": 1763, "id1": 655, "id2": 1958 }, "geometry": { "type": "LineString", "coordinates": [ [ 651363.650597753934562, 6863024.422871065326035 ], [ 651362.657876774203032, 6863020.954050498083234 ] ] } },
{ "type": "Feature", "properties": { "id": 1764, "id1": 656, "id2": 1252 }, "geometry": { "type": "LineString", "coordinates": [ [ 651478.323775497381575, 6862893.668448383919895 ], [ 651443.702185027301311, 6862778.892137800343335 ] ] } },
{ "type": "Feature", "properties": { "id": 1766, "id1": 657, "id2": 850 }, "geometry": { "type": "LineString", "coordinates": [ [ 651606.438773868489079, 6863250.317364449612796 ], [ 651648.46571696549654, 6863202.084314843639731 ] ] } },
{ "type": "Feature", "properties": { "id": 1769, "id1": 658, "id2": 830 }, "geometry": { "type": "LineString", "coordinates": [ [ 651606.414757299469784, 6863123.703615044243634 ], [ 651606.635256604407914, 6863125.966263603419065 ] ] } },
{ "type": "Feature", "properties": { "id": 1770, "id1": 659, "id2": 2721 }, "geometry": { "type": "LineString", "coordinates": [ [ 651467.728565969504416, 6863231.255864273756742 ], [ 651469.535946781514212, 6863232.394891085103154 ] ] } },
{ "type": "Feature", "properties": { "id": 1771, "id1": 660, "id2": 1175 }, "geometry": { "type": "LineString", "coordinates": [ [ 651517.463279226445593, 6863362.03058051597327 ], [ 651519.539449706906453, 6863361.267699914984405 ] ] } },
{ "type": "Feature", "properties": { "id": 1772, "id1": 661, "id2": 874 }, "geometry": { "type": "LineString", "coordinates": [ [ 651522.665226455079392, 6862808.591552511788905 ], [ 651512.195608157315291, 6862795.665708835236728 ] ] } },
{ "type": "Feature", "properties": { "id": 1775, "id1": 662, "id2": 3564 }, "geometry": { "type": "LineString", "coordinates": [ [ 651625.673258839175105, 6862857.705928046256304 ], [ 651633.774309015716426, 6862868.401241320185363 ] ] } },
{ "type": "Feature", "properties": { "id": 1776, "id1": 663, "id2": 3611 }, "geometry": { "type": "LineString", "coordinates": [ [ 651563.956311405054294, 6863000.924540339969099 ], [ 651540.226766212494113, 6862954.622658226639032 ] ] } },
{ "type": "Feature", "properties": { "id": 1777, "id1": 664, "id2": 401 }, "geometry": { "type": "LineString", "coordinates": [ [ 651607.043871449306607, 6863060.166826423257589 ], [ 651607.92311180755496, 6863059.085868342779577 ] ] } },
{ "type": "Feature", "properties": { "id": 1778, "id1": 665, "id2": 1074 }, "geometry": { "type": "LineString", "coordinates": [ [ 651630.819202565238811, 6863098.724642229266465 ], [ 651634.949035770841874, 6863098.086270357482135 ] ] } },
{ "type": "Feature", "properties": { "id": 1779, "id1": 666, "id2": 2987 }, "geometry": { "type": "LineString", "coordinates": [ [ 651629.451849596109241, 6863018.497697756625712 ], [ 651630.844281313125975, 6863016.904399768449366 ] ] } },
{ "type": "Feature", "properties": { "id": 1780, "id1": 667, "id2": 2504 }, "geometry": { "type": "LineString", "coordinates": [ [ 651683.37593302084133, 6862993.860386088490486 ], [ 651681.750399503973313, 6862989.854038601741195 ] ] } },
{ "type": "Feature", "properties": { "id": 1781, "id1": 668, "id2": 577 }, "geometry": { "type": "LineString", "coordinates": [ [ 651737.042352147749625, 6862945.129530932754278 ], [ 651730.347722496371716, 6862945.242045759223402 ] ] } },
{ "type": "Feature", "properties": { "id": 1782, "id1": 669, "id2": 2138 }, "geometry": { "type": "LineString", "coordinates": [ [ 651808.682258926215582, 6862895.78108680061996 ], [ 651835.657992983353324, 6862922.615405131131411 ] ] } },
{ "type": "Feature", "properties": { "id": 1784, "id1": 670, "id2": 1911 }, "geometry": { "type": "LineString", "coordinates": [ [ 651783.625518873217516, 6863154.219203081913292 ], [ 651774.973195839789696, 6863148.438213922083378 ] ] } },
{ "type": "Feature", "properties": { "id": 1786, "id1": 671, "id2": 2928 }, "geometry": { "type": "LineString", "coordinates": [ [ 651753.072289883275516, 6863216.416818360798061 ], [ 651754.071857401169837, 6863215.186312820762396 ] ] } },
{ "type": "Feature", "properties": { "id": 1787, "id1": 672, "id2": 346 }, "geometry": { "type": "LineString", "coordinates": [ [ 651803.718251670361497, 6863093.824143372476101 ], [ 651779.899389449390583, 6863082.495863979682326 ] ] } },
{ "type": "Feature", "properties": { "id": 1789, "id1": 673, "id2": 179 }, "geometry": { "type": "LineString", "coordinates": [ [ 651774.136878696270287, 6863424.214877085760236 ], [ 651777.001126122893766, 6863422.964230262674391 ] ] } },
{ "type": "Feature", "properties": { "id": 1790, "id1": 674, "id2": 92 }, "geometry": { "type": "LineString", "coordinates": [ [ 651775.710937930736691, 6863320.874914353713393 ], [ 651814.755650362698361, 6863356.961721796542406 ] ] } },
{ "type": "Feature", "properties": { "id": 1792, "id1": 675, "id2": 2039 }, "geometry": { "type": "LineString", "coordinates": [ [ 651895.005759502877481, 6863581.644924650900066 ], [ 651910.190045533003286, 6863627.007456860505044 ] ] } },
{ "type": "Feature", "properties": { "id": 1794, "id1": 676, "id2": 424 }, "geometry": { "type": "LineString", "coordinates": [ [ 652015.125857424689457, 6863536.714958448894322 ], [ 652018.803464060416445, 6863535.1035301303491 ] ] } },
{ "type": "Feature", "properties": { "id": 1795, "id1": 677, "id2": 1945 }, "geometry": { "type": "LineString", "coordinates": [ [ 652099.025150165311061, 6863502.323804070241749 ], [ 652101.564410190563649, 6863502.116998136974871 ] ] } },
{ "type": "Feature", "properties": { "id": 1796, "id1": 678, "id2": 1939 }, "geometry": { "type": "LineString", "coordinates": [ [ 651905.163813117309473, 6863447.180699743330479 ], [ 651908.183187530725263, 6863442.882041253149509 ] ] } },
{ "type": "Feature", "properties": { "id": 1797, "id1": 679, "id2": 2247 }, "geometry": { "type": "LineString", "coordinates": [ [ 651907.724137095385231, 6863388.318166308104992 ], [ 651914.4364701686427, 6863382.029049922712147 ] ] } },
{ "type": "Feature", "properties": { "id": 1798, "id1": 680, "id2": 1238 }, "geometry": { "type": "LineString", "coordinates": [ [ 651906.729994861874729, 6863318.486712233163416 ], [ 651902.263850345043465, 6863276.925967698916793 ] ] } },
{ "type": "Feature", "properties": { "id": 1801, "id1": 682, "id2": 399 }, "geometry": { "type": "LineString", "coordinates": [ [ 651862.171908050659113, 6863041.529775189235806 ], [ 651875.326612371602096, 6863048.317301746457815 ] ] } },
{ "type": "Feature", "properties": { "id": 1805, "id1": 684, "id2": 618 }, "geometry": { "type": "LineString", "coordinates": [ [ 652007.126085880910978, 6863265.827233797870576 ], [ 651946.788589178118855, 6863236.102997176349163 ] ] } },
{ "type": "Feature", "properties": { "id": 1807, "id1": 685, "id2": 2681 }, "geometry": { "type": "LineString", "coordinates": [ [ 652053.938856167369522, 6863366.070207705721259 ], [ 652040.760501776705496, 6863360.194086128845811 ] ] } },
{ "type": "Feature", "properties": { "id": 1809, "id1": 686, "id2": 2665 }, "geometry": { "type": "LineString", "coordinates": [ [ 652034.969335455098189, 6863196.723546219989657 ], [ 652103.131716323783621, 6863264.738986872136593 ] ] } },
{ "type": "Feature", "properties": { "id": 1811, "id1": 687, "id2": 226 }, "geometry": { "type": "LineString", "coordinates": [ [ 652006.356253674253821, 6863056.64327818993479 ], [ 652007.534587115165778, 6863066.331344186328351 ] ] } },
{ "type": "Feature", "properties": { "id": 1814, "id1": 688, "id2": 1225 }, "geometry": { "type": "LineString", "coordinates": [ [ 649596.082782641635276, 6862342.074177732691169 ], [ 649668.336147058173083, 6862347.634810683317482 ] ] } },
{ "type": "Feature", "properties": { "id": 1817, "id1": 689, "id2": 1919 }, "geometry": { "type": "LineString", "coordinates": [ [ 649607.639596204273403, 6862491.978022137656808 ], [ 649542.05848778760992, 6862495.346715174615383 ] ] } },
{ "type": "Feature", "properties": { "id": 1819, "id1": 690, "id2": 394 }, "geometry": { "type": "LineString", "coordinates": [ [ 649626.230143576511182, 6862634.066053505986929 ], [ 649712.848361780866981, 6862666.691950629465282 ] ] } },
{ "type": "Feature", "properties": { "id": 1823, "id1": 691, "id2": 1895 }, "geometry": { "type": "LineString", "coordinates": [ [ 652177.503176834667102, 6863558.726450289599597 ], [ 652179.659598715719767, 6863559.262230155989528 ] ] } },
{ "type": "Feature", "properties": { "id": 1824, "id1": 692, "id2": 3651 }, "geometry": { "type": "LineString", "coordinates": [ [ 652171.472428595414385, 6863486.995611248537898 ], [ 652173.979703353601508, 6863488.069095874205232 ] ] } },
{ "type": "Feature", "properties": { "id": 1825, "id1": 693, "id2": 2774 }, "geometry": { "type": "LineString", "coordinates": [ [ 652197.042708643362857, 6863484.020695669576526 ], [ 652199.639242751058191, 6863484.368527335114777 ] ] } },
{ "type": "Feature", "properties": { "id": 1826, "id1": 694, "id2": 136 }, "geometry": { "type": "LineString", "coordinates": [ [ 652228.773287277552299, 6863480.554387683980167 ], [ 652229.299298737780191, 6863479.091510456055403 ] ] } },
{ "type": "Feature", "properties": { "id": 1827, "id1": 695, "id2": 3327 }, "geometry": { "type": "LineString", "coordinates": [ [ 652268.638987747952342, 6863476.164976933039725 ], [ 652270.979013182921335, 6863476.562852388247848 ] ] } },
{ "type": "Feature", "properties": { "id": 1828, "id1": 696, "id2": 3042 }, "geometry": { "type": "LineString", "coordinates": [ [ 652273.400018158950843, 6863533.893541015684605 ], [ 652274.876563733560033, 6863530.415183305740356 ] ] } },
{ "type": "Feature", "properties": { "id": 1829, "id1": 697, "id2": 3341 }, "geometry": { "type": "LineString", "coordinates": [ [ 652234.351797781768255, 6863543.781091297976673 ], [ 652234.596096509834751, 6863543.776780945248902 ] ] } },
{ "type": "Feature", "properties": { "id": 1830, "id1": 698, "id2": 2437 }, "geometry": { "type": "LineString", "coordinates": [ [ 652203.710587706649676, 6863551.572172624990344 ], [ 652206.669245779165067, 6863552.337387992069125 ] ] } },
{ "type": "Feature", "properties": { "id": 1831, "id1": 699, "id2": 1624 }, "geometry": { "type": "LineString", "coordinates": [ [ 652225.762169781839475, 6863414.650366308167577 ], [ 652227.578179595642723, 6863414.975246737711132 ] ] } },
{ "type": "Feature", "properties": { "id": 1832, "id1": 700, "id2": 1183 }, "geometry": { "type": "LineString", "coordinates": [ [ 652209.617725691874512, 6863353.580250541679561 ], [ 652213.494417721754871, 6863355.744219772517681 ] ] } },
{ "type": "Feature", "properties": { "id": 1833, "id1": 701, "id2": 2105 }, "geometry": { "type": "LineString", "coordinates": [ [ 652354.731818735250272, 6863418.42591062374413 ], [ 652357.648604172165506, 6863420.721076926216483 ] ] } },
{ "type": "Feature", "properties": { "id": 1834, "id1": 702, "id2": 1763 }, "geometry": { "type": "LineString", "coordinates": [ [ 652350.526597478659824, 6863479.359932523220778 ], [ 652353.145018152543344, 6863480.879223631694913 ] ] } },
{ "type": "Feature", "properties": { "id": 1835, "id1": 703, "id2": 1096 }, "geometry": { "type": "LineString", "coordinates": [ [ 652343.493857171037234, 6863514.743228116072714 ], [ 652344.531890061451122, 6863515.487358546815813 ] ] } },
{ "type": "Feature", "properties": { "id": 1836, "id1": 704, "id2": 3423 }, "geometry": { "type": "LineString", "coordinates": [ [ 652458.501739166793413, 6863463.937531682662666 ], [ 652457.572685202467255, 6863464.496688455343246 ] ] } },
{ "type": "Feature", "properties": { "id": 1837, "id1": 705, "id2": 1842 }, "geometry": { "type": "LineString", "coordinates": [ [ 652459.401451240759343, 6863418.456701914779842 ], [ 652462.331228036200628, 6863421.674315080977976 ] ] } },
{ "type": "Feature", "properties": { "id": 1838, "id1": 706, "id2": 1116 }, "geometry": { "type": "LineString", "coordinates": [ [ 652369.666542577906512, 6863382.762228519655764 ], [ 652374.346381746116094, 6863386.683023485355079 ] ] } },
{ "type": "Feature", "properties": { "id": 1839, "id1": 707, "id2": 2867 }, "geometry": { "type": "LineString", "coordinates": [ [ 652158.465631127706729, 6863291.318561560474336 ], [ 652160.873866347363219, 6863291.935201675631106 ] ] } },
{ "type": "Feature", "properties": { "id": 1840, "id1": 708, "id2": 3447 }, "geometry": { "type": "LineString", "coordinates": [ [ 652142.780623689293861, 6862958.12074535060674 ], [ 652138.741115663666278, 6862960.150936968624592 ] ] } },
{ "type": "Feature", "properties": { "id": 1841, "id1": 709, "id2": 1203 }, "geometry": { "type": "LineString", "coordinates": [ [ 652149.672899415716529, 6863001.1422811569646 ], [ 652148.945923715247773, 6863003.701090609654784 ] ] } },
{ "type": "Feature", "properties": { "id": 1842, "id1": 710, "id2": 198 }, "geometry": { "type": "LineString", "coordinates": [ [ 652168.129613952245563, 6863063.202120688743889 ], [ 652168.839713233755901, 6863064.551813586615026 ] ] } },
{ "type": "Feature", "properties": { "id": 1843, "id1": 711, "id2": 1952 }, "geometry": { "type": "LineString", "coordinates": [ [ 652185.697878341539763, 6863144.819172715768218 ], [ 652186.867309196968563, 6863145.238500393927097 ] ] } },
{ "type": "Feature", "properties": { "id": 1844, "id1": 712, "id2": 115 }, "geometry": { "type": "LineString", "coordinates": [ [ 652269.654421751853079, 6862955.265826839953661 ], [ 652271.03414902894292, 6862955.509846369735897 ] ] } },
{ "type": "Feature", "properties": { "id": 1845, "id1": 713, "id2": 1569 }, "geometry": { "type": "LineString", "coordinates": [ [ 652286.455265139229596, 6863030.047130129300058 ], [ 652288.721373450942338, 6863031.929042400792241 ] ] } },
{ "type": "Feature", "properties": { "id": 1846, "id1": 714, "id2": 638 }, "geometry": { "type": "LineString", "coordinates": [ [ 652309.234135963721201, 6863116.142227857373655 ], [ 652315.555639113415964, 6863107.380936063826084 ] ] } },
{ "type": "Feature", "properties": { "id": 1847, "id1": 715, "id2": 280 }, "geometry": { "type": "LineString", "coordinates": [ [ 652374.662003868375905, 6862939.76152918022126 ], [ 652365.82120133691933, 6862940.885390969924629 ] ] } },
{ "type": "Feature", "properties": { "id": 1849, "id1": 716, "id2": 1049 }, "geometry": { "type": "LineString", "coordinates": [ [ 652356.909232461010106, 6862842.763428173959255 ], [ 652337.654545155935921, 6862883.423574986867607 ] ] } },
{ "type": "Feature", "properties": { "id": 1851, "id1": 717, "id2": 9 }, "geometry": { "type": "LineString", "coordinates": [ [ 652462.164298836491071, 6862855.484601516276598 ], [ 652409.370311310980469, 6862891.584608112461865 ] ] } },
{ "type": "Feature", "properties": { "id": 1856, "id1": 720, "id2": 810 }, "geometry": { "type": "LineString", "coordinates": [ [ 652498.103903334937058, 6862593.970380543731153 ], [ 652525.544709766283631, 6862649.861847940832376 ] ] } },
{ "type": "Feature", "properties": { "id": 1860, "id1": 723, "id2": 826 }, "geometry": { "type": "LineString", "coordinates": [ [ 652571.692364322021604, 6862769.563138687983155 ], [ 652570.989879777189344, 6862771.844059528782964 ] ] } },
{ "type": "Feature", "properties": { "id": 1861, "id1": 724, "id2": 129 }, "geometry": { "type": "LineString", "coordinates": [ [ 652588.443716989015229, 6862828.385670926421881 ], [ 652590.638672942644916, 6862829.736399489454925 ] ] } },
{ "type": "Feature", "properties": { "id": 1862, "id1": 725, "id2": 937 }, "geometry": { "type": "LineString", "coordinates": [ [ 652608.761748267803341, 6862888.794074840843678 ], [ 652612.823455021949485, 6862889.045849081128836 ] ] } },
{ "type": "Feature", "properties": { "id": 1863, "id1": 726, "id2": 3326 }, "geometry": { "type": "LineString", "coordinates": [ [ 652788.212323742569424, 6862809.348647798411548 ], [ 652795.044559376430698, 6862807.562756602652371 ] ] } },
{ "type": "Feature", "properties": { "id": 1864, "id1": 727, "id2": 1634 }, "geometry": { "type": "LineString", "coordinates": [ [ 652502.651191482320428, 6862981.682977263815701 ], [ 652571.817383098648861, 6863047.494785100221634 ] ] } },
{ "type": "Feature", "properties": { "id": 1867, "id1": 728, "id2": 402 }, "geometry": { "type": "LineString", "coordinates": [ [ 652500.444643113180064, 6862380.396059351973236 ], [ 652524.88578565523494, 6862367.796678829938173 ] ] } },
{ "type": "Feature", "properties": { "id": 1868, "id1": 729, "id2": 3205 }, "geometry": { "type": "LineString", "coordinates": [ [ 652582.804957859683782, 6862460.343082976527512 ], [ 652599.509057605988346, 6862453.550049624405801 ] ] } },
{ "type": "Feature", "properties": { "id": 1869, "id1": 730, "id2": 2286 }, "geometry": { "type": "LineString", "coordinates": [ [ 652525.416703297873028, 6863333.792009014636278 ], [ 652525.384322498575784, 6863351.924109710380435 ] ] } },
{ "type": "Feature", "properties": { "id": 1871, "id1": 732, "id2": 804 }, "geometry": { "type": "LineString", "coordinates": [ [ 652588.533515736809932, 6863393.351129757240415 ], [ 652662.442361169843934, 6863374.858226019889116 ] ] } },
{ "type": "Feature", "properties": { "id": 1873, "id1": 733, "id2": 603 }, "geometry": { "type": "LineString", "coordinates": [ [ 652607.045902163139544, 6863427.217207748442888 ], [ 652671.984714139485732, 6863404.204033511690795 ] ] } },
{ "type": "Feature", "properties": { "id": 1875, "id1": 734, "id2": 95 }, "geometry": { "type": "LineString", "coordinates": [ [ 652641.776287084911019, 6863335.31570569332689 ], [ 652647.964868757175282, 6863334.978151380084455 ] ] } },
{ "type": "Feature", "properties": { "id": 1876, "id1": 735, "id2": 852 }, "geometry": { "type": "LineString", "coordinates": [ [ 652575.080269420170225, 6863196.702569117769599 ], [ 652497.505229538073763, 6863159.873243334703147 ] ] } },
{ "type": "Feature", "properties": { "id": 1881, "id1": 736, "id2": 1291 }, "geometry": { "type": "LineString", "coordinates": [ [ 652487.92631794931367, 6863245.496859675273299 ], [ 652495.111778869642876, 6863263.741203249432147 ] ] } },
{ "type": "Feature", "properties": { "id": 1883, "id1": 737, "id2": 622 }, "geometry": { "type": "LineString", "coordinates": [ [ 652500.69431563175749, 6861199.416779648512602 ], [ 652680.012697367579676, 6861261.440470602363348 ] ] } },
{ "type": "Feature", "properties": { "id": 1891, "id1": 738, "id2": 6 }, "geometry": { "type": "LineString", "coordinates": [ [ 652462.254202371230349, 6863070.627673198468983 ], [ 652411.983863652101718, 6863080.961064121685922 ] ] } },
{ "type": "Feature", "properties": { "id": 1897, "id1": 739, "id2": 3434 }, "geometry": { "type": "LineString", "coordinates": [ [ 652404.852539810119197, 6863340.379579263739288 ], [ 652411.686121797072701, 6863349.018056053668261 ] ] } },
{ "type": "Feature", "properties": { "id": 1898, "id1": 740, "id2": 2236 }, "geometry": { "type": "LineString", "coordinates": [ [ 652325.113277044845745, 6863341.573677870444953 ], [ 652330.386436497210525, 6863347.483609809540212 ] ] } },
{ "type": "Feature", "properties": { "id": 1899, "id1": 758, "id2": 1805 }, "geometry": { "type": "LineString", "coordinates": [ [ 652548.900866878102534, 6860518.421643624082208 ], [ 652562.352081387653016, 6860535.950780909508467 ] ] } },
{ "type": "Feature", "properties": { "id": 1901, "id1": 759, "id2": 32 }, "geometry": { "type": "LineString", "coordinates": [ [ 652446.57214485888835, 6860560.444534457288682 ], [ 652478.615914107183926, 6860536.465486126951873 ] ] } },
{ "type": "Feature", "properties": { "id": 1906, "id1": 741, "id2": 225 }, "geometry": { "type": "LineString", "coordinates": [ [ 652293.030119495117106, 6863243.060667218640447 ], [ 652218.408832494984381, 6863287.855057455599308 ] ] } },
{ "type": "Feature", "properties": { "id": 1914, "id1": 742, "id2": 540 }, "geometry": { "type": "LineString", "coordinates": [ [ 653209.157224591821432, 6863480.231467822566628 ], [ 653238.058710068464279, 6863413.960633739829063 ] ] } },
{ "type": "Feature", "properties": { "id": 1919, "id1": 743, "id2": 2547 }, "geometry": { "type": "LineString", "coordinates": [ [ 653143.711162144434638, 6863400.766080561093986 ], [ 653143.051120315562002, 6863398.561016642488539 ] ] } },
{ "type": "Feature", "properties": { "id": 1920, "id1": 744, "id2": 2043 }, "geometry": { "type": "LineString", "coordinates": [ [ 652632.40181175863836, 6862943.167796706780791 ], [ 652649.774270002846606, 6862935.754739894531667 ] ] } },
{ "type": "Feature", "properties": { "id": 1922, "id1": 745, "id2": 1111 }, "geometry": { "type": "LineString", "coordinates": [ [ 653334.011918908217922, 6863337.36899942252785 ], [ 653266.746264586457983, 6863342.946422282606363 ] ] } },
{ "type": "Feature", "properties": { "id": 1924, "id1": 746, "id2": 27 }, "geometry": { "type": "LineString", "coordinates": [ [ 652817.3090721758781, 6862907.555893575772643 ], [ 652865.694629764417186, 6862940.040195317938924 ] ] } },
{ "type": "Feature", "properties": { "id": 1926, "id1": 747, "id2": 2548 }, "geometry": { "type": "LineString", "coordinates": [ [ 652762.183574225287884, 6862753.711046838201582 ], [ 652769.582010058802553, 6862751.117496613413095 ] ] } },
{ "type": "Feature", "properties": { "id": 1927, "id1": 748, "id2": 1249 }, "geometry": { "type": "LineString", "coordinates": [ [ 652932.13622647698503, 6862884.716538727283478 ], [ 652930.642492792569101, 6862876.512408961541951 ] ] } },
{ "type": "Feature", "properties": { "id": 1928, "id1": 749, "id2": 3238 }, "geometry": { "type": "LineString", "coordinates": [ [ 652739.733925777487457, 6862696.865866242907941 ], [ 652743.828893062775023, 6862696.418510528281331 ] ] } },
{ "type": "Feature", "properties": { "id": 1929, "id1": 750, "id2": 3087 }, "geometry": { "type": "LineString", "coordinates": [ [ 652669.120168483350426, 6862583.2629389828071 ], [ 652618.90394954092335, 6862499.709289190359414 ] ] } },
{ "type": "Feature", "properties": { "id": 1931, "id1": 751, "id2": 322 }, "geometry": { "type": "LineString", "coordinates": [ [ 652796.188131776289083, 6860949.033645816147327 ], [ 652816.811838225345127, 6860982.390121466480196 ] ] } },
{ "type": "Feature", "properties": { "id": 1936, "id1": 752, "id2": 1430 }, "geometry": { "type": "LineString", "coordinates": [ [ 652655.815690784482285, 6860468.387357517145574 ], [ 652658.464143482735381, 6860467.727026267908514 ] ] } },
{ "type": "Feature", "properties": { "id": 1937, "id1": 753, "id2": 806 }, "geometry": { "type": "LineString", "coordinates": [ [ 652597.182365899090655, 6860390.605817570351064 ], [ 652602.110872287652455, 6860387.004350365139544 ] ] } },
{ "type": "Feature", "properties": { "id": 1938, "id1": 754, "id2": 2346 }, "geometry": { "type": "LineString", "coordinates": [ [ 652525.065951736294664, 6860379.496120863594115 ], [ 652526.582412767340429, 6860378.632695863954723 ] ] } },
{ "type": "Feature", "properties": { "id": 1939, "id1": 755, "id2": 511 }, "geometry": { "type": "LineString", "coordinates": [ [ 652337.535976587678306, 6860293.193226888775826 ], [ 652302.340412341640331, 6860293.776624081656337 ] ] } },
{ "type": "Feature", "properties": { "id": 1945, "id1": 756, "id2": 473 }, "geometry": { "type": "LineString", "coordinates": [ [ 652446.898469675565138, 6860356.632177363149822 ], [ 652464.916647669044323, 6860364.426214988343418 ] ] } },
{ "type": "Feature", "properties": { "id": 1948, "id1": 757, "id2": 1679 }, "geometry": { "type": "LineString", "coordinates": [ [ 652443.472269115271047, 6860470.093193418346345 ], [ 652426.86087784555275, 6860518.534367536194623 ] ] } },
{ "type": "Feature", "properties": { "id": 1952, "id1": 760, "id2": 1723 }, "geometry": { "type": "LineString", "coordinates": [ [ 652221.212111312430352, 6860397.859061389230192 ], [ 652241.220922697684728, 6860258.074155759997666 ] ] } },
{ "type": "Feature", "properties": { "id": 1954, "id1": 761, "id2": 1806 }, "geometry": { "type": "LineString", "coordinates": [ [ 652204.592109347693622, 6860605.345893421210349 ], [ 652204.82001490984112, 6860604.418904377147555 ] ] } },
{ "type": "Feature", "properties": { "id": 1955, "id1": 762, "id2": 1154 }, "geometry": { "type": "LineString", "coordinates": [ [ 652138.782016616431065, 6860457.644249107688665 ], [ 652138.103110224590637, 6860459.519695118069649 ] ] } },
{ "type": "Feature", "properties": { "id": 1957, "id1": 763, "id2": 1481 }, "geometry": { "type": "LineString", "coordinates": [ [ 652112.514306853408925, 6860542.187404800206423 ], [ 652113.313364042784087, 6860540.746682275086641 ] ] } },
{ "type": "Feature", "properties": { "id": 1958, "id1": 764, "id2": 124 }, "geometry": { "type": "LineString", "coordinates": [ [ 652119.252034178120084, 6860639.582722060382366 ], [ 652119.628626221674494, 6860638.34761615563184 ] ] } },
{ "type": "Feature", "properties": { "id": 1959, "id1": 765, "id2": 1636 }, "geometry": { "type": "LineString", "coordinates": [ [ 652333.336866703815758, 6860481.805797724984586 ], [ 652331.865357811213471, 6860458.963568090461195 ] ] } },
{ "type": "Feature", "properties": { "id": 1962, "id1": 766, "id2": 151 }, "geometry": { "type": "LineString", "coordinates": [ [ 652323.468502073548734, 6860627.316340260207653 ], [ 652320.848016931326129, 6860628.207478540949523 ] ] } },
{ "type": "Feature", "properties": { "id": 1963, "id1": 767, "id2": 825 }, "geometry": { "type": "LineString", "coordinates": [ [ 652416.401081270654686, 6860664.028537785634398 ], [ 652252.71190404810477, 6860685.505166508257389 ] ] } },
{ "type": "Feature", "properties": { "id": 1967, "id1": 768, "id2": 193 }, "geometry": { "type": "LineString", "coordinates": [ [ 652480.9599099640036, 6860764.798359359614551 ], [ 652529.535497047705576, 6860780.975980086252093 ] ] } },
{ "type": "Feature", "properties": { "id": 1970, "id1": 769, "id2": 2935 }, "geometry": { "type": "LineString", "coordinates": [ [ 652529.013163372175768, 6860916.026903762482107 ], [ 652532.041135321953334, 6860912.681258335709572 ] ] } },
{ "type": "Feature", "properties": { "id": 1971, "id1": 770, "id2": 161 }, "geometry": { "type": "LineString", "coordinates": [ [ 653015.7159260106273, 6860328.429311589337885 ], [ 653012.435171893448569, 6860325.045004275627434 ] ] } },
{ "type": "Feature", "properties": { "id": 1972, "id1": 771, "id2": 1713 }, "geometry": { "type": "LineString", "coordinates": [ [ 653004.961547986138612, 6860625.349906128831208 ], [ 652998.394704637816176, 6860619.13347408734262 ] ] } },
{ "type": "Feature", "properties": { "id": 1974, "id1": 772, "id2": 951 }, "geometry": { "type": "LineString", "coordinates": [ [ 652363.279561226605438, 6860192.545530987903476 ], [ 652323.379403126658872, 6860179.993429412133992 ] ] } },
{ "type": "Feature", "properties": { "id": 1977, "id1": 773, "id2": 1248 }, "geometry": { "type": "LineString", "coordinates": [ [ 652480.049062304431573, 6860261.938296670094132 ], [ 652448.451310048927553, 6860240.323633601889014 ] ] } },
{ "type": "Feature", "properties": { "id": 1979, "id1": 774, "id2": 960 }, "geometry": { "type": "LineString", "coordinates": [ [ 652567.450512529117987, 6860296.849664659239352 ], [ 652566.477645321167074, 6860297.242187877185643 ] ] } },
{ "type": "Feature", "properties": { "id": 1980, "id1": 775, "id2": 634 }, "geometry": { "type": "LineString", "coordinates": [ [ 652647.045969431637786, 6860197.797107541002333 ], [ 652582.772890184191056, 6860169.214856272563338 ] ] } },
{ "type": "Feature", "properties": { "id": 1982, "id1": 776, "id2": 2798 }, "geometry": { "type": "LineString", "coordinates": [ [ 652683.879840678069741, 6860327.306734911166131 ], [ 652681.103569828905165, 6860327.617891511879861 ] ] } },
{ "type": "Feature", "properties": { "id": 1983, "id1": 777, "id2": 1008 }, "geometry": { "type": "LineString", "coordinates": [ [ 652765.448859538999386, 6860045.462689970619977 ], [ 652762.471675085951574, 6859991.230866370722651 ] ] } },
{ "type": "Feature", "properties": { "id": 1986, "id1": 778, "id2": 1050 }, "geometry": { "type": "LineString", "coordinates": [ [ 652651.04078867402859, 6860027.099759980104864 ], [ 652649.371727063087747, 6860038.083838024176657 ] ] } },
{ "type": "Feature", "properties": { "id": 1989, "id1": 779, "id2": 275 }, "geometry": { "type": "LineString", "coordinates": [ [ 652484.564921110519208, 6859938.139643408358097 ], [ 652526.803795833140612, 6859942.034386016428471 ] ] } },
{ "type": "Feature", "properties": { "id": 1993, "id1": 780, "id2": 559 }, "geometry": { "type": "LineString", "coordinates": [ [ 652449.849298255750909, 6860018.419562033377588 ], [ 652483.410276794922538, 6860014.484398567117751 ] ] } },
{ "type": "Feature", "properties": { "id": 1995, "id1": 781, "id2": 454 }, "geometry": { "type": "LineString", "coordinates": [ [ 652440.444710256066173, 6860119.813180685043335 ], [ 652341.736129890778102, 6860110.622573466040194 ] ] } },
{ "type": "Feature", "properties": { "id": 2000, "id1": 782, "id2": 1807 }, "geometry": { "type": "LineString", "coordinates": [ [ 652017.195606870460324, 6859969.778279630467296 ], [ 652038.443712160456926, 6859979.131219131872058 ] ] } },
{ "type": "Feature", "properties": { "id": 2002, "id1": 783, "id2": 413 }, "geometry": { "type": "LineString", "coordinates": [ [ 652140.836967518785968, 6860108.057685639709234 ], [ 652098.300123500754125, 6860067.676623990759254 ] ] } },
{ "type": "Feature", "properties": { "id": 2004, "id1": 784, "id2": 311 }, "geometry": { "type": "LineString", "coordinates": [ [ 652374.645515417098068, 6859769.937766512855887 ], [ 652384.913971683592536, 6859758.846794323064387 ] ] } },
{ "type": "Feature", "properties": { "id": 2005, "id1": 785, "id2": 252 }, "geometry": { "type": "LineString", "coordinates": [ [ 652396.798190525383689, 6859827.676980929449201 ], [ 652405.776527154142968, 6859823.442328289151192 ] ] } },
{ "type": "Feature", "properties": { "id": 2007, "id1": 786, "id2": 2892 }, "geometry": { "type": "LineString", "coordinates": [ [ 652444.065190620371141, 6859835.015854883939028 ], [ 652474.671384357148781, 6859850.959781072102487 ] ] } },
{ "type": "Feature", "properties": { "id": 2008, "id1": 787, "id2": 550 }, "geometry": { "type": "LineString", "coordinates": [ [ 652548.790177133050747, 6859836.811161290854216 ], [ 652499.230618777335621, 6859801.019628481939435 ] ] } },
{ "type": "Feature", "properties": { "id": 2010, "id1": 788, "id2": 1527 }, "geometry": { "type": "LineString", "coordinates": [ [ 653401.794589151395485, 6860411.344138353131711 ], [ 653393.514825784950517, 6860597.020116086117923 ] ] } },
{ "type": "Feature", "properties": { "id": 2013, "id1": 789, "id2": 919 }, "geometry": { "type": "LineString", "coordinates": [ [ 652669.839465327793732, 6859474.035084334202111 ], [ 652659.488401808775961, 6859472.874796306714416 ] ] } },
{ "type": "Feature", "properties": { "id": 2020, "id1": 790, "id2": 836 }, "geometry": { "type": "LineString", "coordinates": [ [ 652742.13621947763022, 6859581.025441551581025 ], [ 652743.027136629563756, 6859579.87816879991442 ] ] } },
{ "type": "Feature", "properties": { "id": 2021, "id1": 791, "id2": 1820 }, "geometry": { "type": "LineString", "coordinates": [ [ 652831.674777928506956, 6859684.027777708135545 ], [ 652830.565749577479437, 6859687.462280599400401 ] ] } },
{ "type": "Feature", "properties": { "id": 2022, "id1": 792, "id2": 243 }, "geometry": { "type": "LineString", "coordinates": [ [ 652938.790925070643425, 6859951.358412264846265 ], [ 652860.760782116092741, 6859976.54559972602874 ] ] } },
{ "type": "Feature", "properties": { "id": 2027, "id1": 793, "id2": 1043 }, "geometry": { "type": "LineString", "coordinates": [ [ 653018.080970006179996, 6860161.877270460128784 ], [ 652978.250524863484316, 6860094.435530994087458 ] ] } },
{ "type": "Feature", "properties": { "id": 2030, "id1": 794, "id2": 3102 }, "geometry": { "type": "LineString", "coordinates": [ [ 652841.943278255057521, 6860128.287147611379623 ], [ 652846.22335177147761, 6860111.74448293633759 ] ] } },
{ "type": "Feature", "properties": { "id": 2031, "id1": 795, "id2": 2425 }, "geometry": { "type": "LineString", "coordinates": [ [ 652570.35880986484699, 6859747.051816786639392 ], [ 652602.135953500634059, 6859780.3943409929052 ] ] } },
{ "type": "Feature", "properties": { "id": 2033, "id1": 796, "id2": 853 }, "geometry": { "type": "LineString", "coordinates": [ [ 652667.687629737891257, 6859724.396853462792933 ], [ 652689.794476348673925, 6859828.702682890929282 ] ] } },
{ "type": "Feature", "properties": { "id": 2035, "id1": 797, "id2": 1224 }, "geometry": { "type": "LineString", "coordinates": [ [ 652789.761621540179476, 6859868.058274637907743 ], [ 652717.636893937480636, 6859730.496019759215415 ] ] } },
{ "type": "Feature", "properties": { "id": 2038, "id1": 813, "id2": 1355 }, "geometry": { "type": "LineString", "coordinates": [ [ 651476.127950432826765, 6859434.473981661722064 ], [ 651481.426506593474187, 6859430.091285069473088 ] ] } },
{ "type": "Feature", "properties": { "id": 2040, "id1": 798, "id2": 60 }, "geometry": { "type": "LineString", "coordinates": [ [ 652222.780128079233691, 6859904.793024698272347 ], [ 652125.711003684089519, 6859810.169976187869906 ] ] } },
{ "type": "Feature", "properties": { "id": 2047, "id1": 799, "id2": 245 }, "geometry": { "type": "LineString", "coordinates": [ [ 652232.35032647207845, 6859538.859522350132465 ], [ 652267.471307711093687, 6859742.479013433679938 ] ] } },
{ "type": "Feature", "properties": { "id": 2061, "id1": 800, "id2": 26 }, "geometry": { "type": "LineString", "coordinates": [ [ 652562.812970722094178, 6859297.250808429904282 ], [ 652532.386814818135463, 6859237.003221375867724 ] ] } },
{ "type": "Feature", "properties": { "id": 2066, "id1": 801, "id2": 374 }, "geometry": { "type": "LineString", "coordinates": [ [ 652385.80377643276006, 6859296.903268774971366 ], [ 652457.166647559497505, 6859410.023469368927181 ] ] } },
{ "type": "Feature", "properties": { "id": 2068, "id1": 802, "id2": 34 }, "geometry": { "type": "LineString", "coordinates": [ [ 651843.305308008915745, 6859740.329145153984427 ], [ 651769.468822423019446, 6859548.549312707968056 ] ] } },
{ "type": "Feature", "properties": { "id": 2076, "id1": 803, "id2": 2789 }, "geometry": { "type": "LineString", "coordinates": [ [ 651319.971822701627389, 6861769.148222162388265 ], [ 651319.414626131416298, 6861768.610799542628229 ] ] } },
{ "type": "Feature", "properties": { "id": 2077, "id1": 804, "id2": 270 }, "geometry": { "type": "LineString", "coordinates": [ [ 651330.188016732339747, 6861836.590457562357187 ], [ 651331.795446270843968, 6861837.446963348425925 ] ] } },
{ "type": "Feature", "properties": { "id": 2078, "id1": 805, "id2": 377 }, "geometry": { "type": "LineString", "coordinates": [ [ 651372.692000132868998, 6861889.005960224196315 ], [ 651387.304596868809313, 6861810.5668232049793 ] ] } },
{ "type": "Feature", "properties": { "id": 2080, "id1": 806, "id2": 227 }, "geometry": { "type": "LineString", "coordinates": [ [ 651079.506489308085293, 6861312.21550119202584 ], [ 651088.473934443667531, 6861280.632589072920382 ] ] } },
{ "type": "Feature", "properties": { "id": 2083, "id1": 807, "id2": 1468 }, "geometry": { "type": "LineString", "coordinates": [ [ 651156.206793029676192, 6861266.187410946004093 ], [ 651156.007401280105114, 6861268.740280421450734 ] ] } },
{ "type": "Feature", "properties": { "id": 2084, "id1": 808, "id2": 507 }, "geometry": { "type": "LineString", "coordinates": [ [ 651941.363224160159007, 6859419.124433692544699 ], [ 651942.574992914684117, 6859417.433738770894706 ] ] } },
{ "type": "Feature", "properties": { "id": 2085, "id1": 809, "id2": 752 }, "geometry": { "type": "LineString", "coordinates": [ [ 651985.963123778114095, 6859549.623281779699028 ], [ 651987.022786795743741, 6859550.46176774892956 ] ] } },
{ "type": "Feature", "properties": { "id": 2086, "id1": 810, "id2": 936 }, "geometry": { "type": "LineString", "coordinates": [ [ 652033.708637999487109, 6859226.725293837487698 ], [ 652052.72647176112514, 6859238.514471015892923 ] ] } },
{ "type": "Feature", "properties": { "id": 2092, "id1": 811, "id2": 763 }, "geometry": { "type": "LineString", "coordinates": [ [ 651777.933089879457839, 6859376.638000153936446 ], [ 651778.799218006199226, 6859376.080379739403725 ] ] } },
{ "type": "Feature", "properties": { "id": 2093, "id1": 812, "id2": 152 }, "geometry": { "type": "LineString", "coordinates": [ [ 652016.596712810918689, 6859445.605440028943121 ], [ 652017.659287074347958, 6859444.907294103875756 ] ] } },
{ "type": "Feature", "properties": { "id": 2094, "id1": 854, "id2": 643 }, "geometry": { "type": "LineString", "coordinates": [ [ 653813.601215306902304, 6862891.346603731624782 ], [ 653780.368594444589689, 6862878.797172274440527 ] ] } },
{ "type": "Feature", "properties": { "id": 2098, "id1": 814, "id2": 560 }, "geometry": { "type": "LineString", "coordinates": [ [ 651509.391073251608759, 6859595.635568366385996 ], [ 651550.03510387474671, 6859529.711706747300923 ] ] } },
{ "type": "Feature", "properties": { "id": 2101, "id1": 815, "id2": 2300 }, "geometry": { "type": "LineString", "coordinates": [ [ 651568.925539291696623, 6859858.85373816639185 ], [ 651570.394608983187936, 6859857.035063568502665 ] ] } },
{ "type": "Feature", "properties": { "id": 2102, "id1": 816, "id2": 259 }, "geometry": { "type": "LineString", "coordinates": [ [ 651190.085156286717393, 6860780.311868849210441 ], [ 651261.214953059330583, 6860381.320695351809263 ] ] } },
{ "type": "Feature", "properties": { "id": 2143, "id1": 817, "id2": 696 }, "geometry": { "type": "LineString", "coordinates": [ [ 651518.374415383324958, 6860231.687167588621378 ], [ 651498.748631190042943, 6860122.148734956048429 ] ] } },
{ "type": "Feature", "properties": { "id": 2149, "id1": 818, "id2": 684 }, "geometry": { "type": "LineString", "coordinates": [ [ 651389.293735805316828, 6859983.09000155236572 ], [ 651406.45695073378738, 6859987.006486318074167 ] ] } },
{ "type": "Feature", "properties": { "id": 2151, "id1": 819, "id2": 321 }, "geometry": { "type": "LineString", "coordinates": [ [ 651137.545342988683842, 6859608.224818053655326 ], [ 651192.913958606193773, 6859547.112890913151205 ] ] } },
{ "type": "Feature", "properties": { "id": 2154, "id1": 820, "id2": 528 }, "geometry": { "type": "LineString", "coordinates": [ [ 651205.837278591818176, 6859825.991501200944185 ], [ 651245.69933293259237, 6859738.402045082300901 ] ] } },
{ "type": "Feature", "properties": { "id": 2157, "id1": 822, "id2": 2148 }, "geometry": { "type": "LineString", "coordinates": [ [ 651580.773341432213783, 6860492.576952188275754 ], [ 651569.499421369284391, 6860495.616668147034943 ] ] } },
{ "type": "Feature", "properties": { "id": 2159, "id1": 823, "id2": 786 }, "geometry": { "type": "LineString", "coordinates": [ [ 649932.146936745382845, 6860504.589167578145862 ], [ 649840.501242641243152, 6860422.635409052483737 ] ] } },
{ "type": "Feature", "properties": { "id": 2166, "id1": 824, "id2": 714 }, "geometry": { "type": "LineString", "coordinates": [ [ 650657.612872509169392, 6860347.172843502834439 ], [ 650768.085040511796251, 6860247.04926008824259 ] ] } },
{ "type": "Feature", "properties": { "id": 2170, "id1": 825, "id2": 1533 }, "geometry": { "type": "LineString", "coordinates": [ [ 651064.013047028915025, 6860058.800172735005617 ], [ 650943.885976673453115, 6860083.72397193312645 ] ] } },
{ "type": "Feature", "properties": { "id": 2177, "id1": 826, "id2": 2245 }, "geometry": { "type": "LineString", "coordinates": [ [ 651012.777266972581856, 6859708.803011152893305 ], [ 651103.057989807683043, 6859956.14794975426048 ] ] } },
{ "type": "Feature", "properties": { "id": 2178, "id1": 827, "id2": 313 }, "geometry": { "type": "LineString", "coordinates": [ [ 650779.802412550896406, 6860571.33188293594867 ], [ 650814.157341962913051, 6860627.847483679652214 ] ] } },
{ "type": "Feature", "properties": { "id": 2195, "id1": 828, "id2": 354 }, "geometry": { "type": "LineString", "coordinates": [ [ 654189.569481673184782, 6863369.118710350245237 ], [ 654229.596392634673975, 6863304.02771551720798 ] ] } },
{ "type": "Feature", "properties": { "id": 2197, "id1": 829, "id2": 76 }, "geometry": { "type": "LineString", "coordinates": [ [ 654187.819743607426062, 6863589.316433562897146 ], [ 654296.515351160080172, 6863581.884242462925613 ] ] } },
{ "type": "Feature", "properties": { "id": 2203, "id1": 830, "id2": 3 }, "geometry": { "type": "LineString", "coordinates": [ [ 653914.528129232930951, 6863413.391024594195187 ], [ 653904.054552760440856, 6863484.294903043657541 ] ] } },
{ "type": "Feature", "properties": { "id": 2211, "id1": 831, "id2": 81 }, "geometry": { "type": "LineString", "coordinates": [ [ 654457.826533738872968, 6863200.757136872038245 ], [ 654564.204202180029824, 6863236.665671621449292 ] ] } },
{ "type": "Feature", "properties": { "id": 2215, "id1": 832, "id2": 108 }, "geometry": { "type": "LineString", "coordinates": [ [ 654300.123397729708813, 6863353.73913455195725 ], [ 654236.840356082539074, 6863451.118882747367024 ] ] } },
{ "type": "Feature", "properties": { "id": 2217, "id1": 833, "id2": 329 }, "geometry": { "type": "LineString", "coordinates": [ [ 654064.798071350087412, 6863062.005338427610695 ], [ 654015.73295067215804, 6863070.925698595121503 ] ] } },
{ "type": "Feature", "properties": { "id": 2229, "id1": 834, "id2": 463 }, "geometry": { "type": "LineString", "coordinates": [ [ 653901.84721781022381, 6863232.006417457945645 ], [ 653812.333660784643143, 6863065.139998569153249 ] ] } },
{ "type": "Feature", "properties": { "id": 2233, "id1": 835, "id2": 574 }, "geometry": { "type": "LineString", "coordinates": [ [ 654406.888875633710995, 6863352.275016049854457 ], [ 654406.831374908331782, 6863375.660345400683582 ] ] } },
{ "type": "Feature", "properties": { "id": 2234, "id1": 836, "id2": 855 }, "geometry": { "type": "LineString", "coordinates": [ [ 654496.143820705008693, 6863390.52762843016535 ], [ 654474.506093099014834, 6863422.559113139286637 ] ] } },
{ "type": "Feature", "properties": { "id": 2242, "id1": 840, "id2": 16 }, "geometry": { "type": "LineString", "coordinates": [ [ 654674.285091470344923, 6862312.777493947185576 ], [ 654988.74152779742144, 6862282.268308787606657 ] ] } },
{ "type": "Feature", "properties": { "id": 2281, "id1": 841, "id2": 160 }, "geometry": { "type": "LineString", "coordinates": [ [ 654190.025179621414281, 6862794.553995960392058 ], [ 654205.705058271647431, 6862958.97541341278702 ] ] } },
{ "type": "Feature", "properties": { "id": 2295, "id1": 842, "id2": 229 }, "geometry": { "type": "LineString", "coordinates": [ [ 654668.665101062972099, 6862850.221761720255017 ], [ 654613.526200706837699, 6862623.462890957482159 ] ] } },
{ "type": "Feature", "properties": { "id": 2316, "id1": 843, "id2": 1138 }, "geometry": { "type": "LineString", "coordinates": [ [ 655109.635113488999195, 6862267.898296487517655 ], [ 655108.691839048988186, 6862270.127522031776607 ] ] } },
{ "type": "Feature", "properties": { "id": 2317, "id1": 844, "id2": 59 }, "geometry": { "type": "LineString", "coordinates": [ [ 654231.333326120511629, 6861793.528557375073433 ], [ 654191.667997389566153, 6861768.811896353960037 ] ] } },
{ "type": "Feature", "properties": { "id": 2328, "id1": 845, "id2": 28 }, "geometry": { "type": "LineString", "coordinates": [ [ 654667.980891617829911, 6861929.905714523978531 ], [ 654595.271671863272786, 6861930.179611019790173 ] ] } },
{ "type": "Feature", "properties": { "id": 2342, "id1": 846, "id2": 1439 }, "geometry": { "type": "LineString", "coordinates": [ [ 655033.736812400165945, 6862514.566460623405874 ], [ 654945.63232016027905, 6862599.777046266943216 ] ] } },
{ "type": "Feature", "properties": { "id": 2345, "id1": 847, "id2": 134 }, "geometry": { "type": "LineString", "coordinates": [ [ 654362.394570445991121, 6862532.943611042574048 ], [ 654528.824118009069934, 6862595.645249608904123 ] ] } },
{ "type": "Feature", "properties": { "id": 2359, "id1": 848, "id2": 436 }, "geometry": { "type": "LineString", "coordinates": [ [ 654520.736524195875973, 6861488.122496732510626 ], [ 654501.159182238858193, 6861385.833869900554419 ] ] } },
{ "type": "Feature", "properties": { "id": 2365, "id1": 849, "id2": 4 }, "geometry": { "type": "LineString", "coordinates": [ [ 654278.884826708585024, 6861536.823430869728327 ], [ 654169.144051812007092, 6861549.888150407932699 ] ] } },
{ "type": "Feature", "properties": { "id": 2372, "id1": 850, "id2": 3291 }, "geometry": { "type": "LineString", "coordinates": [ [ 653634.872800048440695, 6862800.221078340895474 ], [ 653636.219989412697032, 6862798.632444123737514 ] ] } },
{ "type": "Feature", "properties": { "id": 2373, "id1": 851, "id2": 2996 }, "geometry": { "type": "LineString", "coordinates": [ [ 653728.408128779032268, 6862848.931743280030787 ], [ 653727.567071903380565, 6862834.537851105444133 ] ] } },
{ "type": "Feature", "properties": { "id": 2374, "id1": 852, "id2": 1740 }, "geometry": { "type": "LineString", "coordinates": [ [ 653689.799257813603617, 6862941.031100740656257 ], [ 653688.950462759239599, 6862958.585315957665443 ] ] } },
{ "type": "Feature", "properties": { "id": 2375, "id1": 853, "id2": 85 }, "geometry": { "type": "LineString", "coordinates": [ [ 653774.499997741426341, 6862982.993102270178497 ], [ 653822.672389065031894, 6862999.386380700394511 ] ] } },
{ "type": "Feature", "properties": { "id": 2378, "id1": 855, "id2": 563 }, "geometry": { "type": "LineString", "coordinates": [ [ 653801.627558642532676, 6862684.568640294484794 ], [ 653947.230310610379092, 6862646.337084771133959 ] ] } },
{ "type": "Feature", "properties": { "id": 2390, "id1": 856, "id2": 2216 }, "geometry": { "type": "LineString", "coordinates": [ [ 653694.348111193976365, 6862208.397285689599812 ], [ 653696.009051608038135, 6862202.946760771796107 ] ] } },
{ "type": "Feature", "properties": { "id": 2391, "id1": 857, "id2": 353 }, "geometry": { "type": "LineString", "coordinates": [ [ 653909.578964248648845, 6862401.121806676499546 ], [ 653795.185137581662275, 6862183.766295260749757 ] ] } },
{ "type": "Feature", "properties": { "id": 2409, "id1": 858, "id2": 2167 }, "geometry": { "type": "LineString", "coordinates": [ [ 654064.094778833095916, 6862077.630461304448545 ], [ 654048.042364684049971, 6862043.756125536747277 ] ] } },
{ "type": "Feature", "properties": { "id": 2422, "id1": 859, "id2": 324 }, "geometry": { "type": "LineString", "coordinates": [ [ 654894.674010390765034, 6861548.776138351298869 ], [ 654772.285875582601875, 6861600.276676090434194 ] ] } },
{ "type": "Feature", "properties": { "id": 2435, "id1": 860, "id2": 144 }, "geometry": { "type": "LineString", "coordinates": [ [ 653721.393263711128384, 6863074.356043792329729 ], [ 653746.428284479537979, 6863063.596623127348721 ] ] } },
{ "type": "Feature", "properties": { "id": 2438, "id1": 861, "id2": 114 }, "geometry": { "type": "LineString", "coordinates": [ [ 653637.964580029831268, 6863065.476413394324481 ], [ 653643.329271489055827, 6863055.490401324816048 ] ] } },
{ "type": "Feature", "properties": { "id": 2439, "id1": 862, "id2": 500 }, "geometry": { "type": "LineString", "coordinates": [ [ 653562.534169193706475, 6863027.727765335701406 ], [ 653578.566346795880236, 6863062.84753951523453 ] ] } },
{ "type": "Feature", "properties": { "id": 2443, "id1": 863, "id2": 2574 }, "geometry": { "type": "LineString", "coordinates": [ [ 653601.475938240415417, 6862914.746509060263634 ], [ 653599.326478368253447, 6862907.044362687505782 ] ] } },
{ "type": "Feature", "properties": { "id": 2445, "id1": 864, "id2": 256 }, "geometry": { "type": "LineString", "coordinates": [ [ 654680.16397099988535, 6861036.977691506035626 ], [ 654461.195698511088267, 6861091.48184906039387 ] ] } },
{ "type": "Feature", "properties": { "id": 2460, "id1": 865, "id2": 149 }, "geometry": { "type": "LineString", "coordinates": [ [ 655247.406428977497853, 6860343.81366229429841 ], [ 655249.458852846408263, 6860219.388739670626819 ] ] } },
{ "type": "Feature", "properties": { "id": 2464, "id1": 866, "id2": 1735 }, "geometry": { "type": "LineString", "coordinates": [ [ 655185.169444942031987, 6860518.264468238689005 ], [ 655214.75115942757111, 6860641.937768430449069 ] ] } },
{ "type": "Feature", "properties": { "id": 2468, "id1": 867, "id2": 717 }, "geometry": { "type": "LineString", "coordinates": [ [ 654987.344433134654537, 6860691.010213481262326 ], [ 655074.963158517261036, 6860809.515389905311167 ] ] } },
{ "type": "Feature", "properties": { "id": 2473, "id1": 868, "id2": 19 }, "geometry": { "type": "LineString", "coordinates": [ [ 655476.666184063768014, 6861270.671369793824852 ], [ 655347.821119467611425, 6861273.932857361622155 ] ] } },
{ "type": "Feature", "properties": { "id": 2478, "id1": 869, "id2": 913 }, "geometry": { "type": "LineString", "coordinates": [ [ 655228.795295269112103, 6860973.974265424534678 ], [ 655080.793961633811705, 6860959.958831812255085 ] ] } },
{ "type": "Feature", "properties": { "id": 2485, "id1": 870, "id2": 1653 }, "geometry": { "type": "LineString", "coordinates": [ [ 655136.535432495642453, 6861278.82928142696619 ], [ 654955.757530675153248, 6861302.252629771828651 ] ] } },
{ "type": "Feature", "properties": { "id": 2489, "id1": 871, "id2": 69 }, "geometry": { "type": "LineString", "coordinates": [ [ 653840.030046910047531, 6861343.7097492152825 ], [ 653865.889667925308459, 6861400.996463503688574 ] ] } },
{ "type": "Feature", "properties": { "id": 2496, "id1": 872, "id2": 1885 }, "geometry": { "type": "LineString", "coordinates": [ [ 653590.628263648482971, 6863225.062444523908198 ], [ 653685.996634013601579, 6863263.676716317422688 ] ] } },
{ "type": "Feature", "properties": { "id": 2503, "id1": 891, "id2": 679 }, "geometry": { "type": "LineString", "coordinates": [ [ 655653.282673211535439, 6860887.376877321861684 ], [ 655712.387961042462848, 6860864.166222331114113 ] ] } },
{ "type": "Feature", "properties": { "id": 2506, "id1": 873, "id2": 829 }, "geometry": { "type": "LineString", "coordinates": [ [ 654806.993554788408801, 6860313.486619650386274 ], [ 654846.585278760292567, 6860436.531233431771398 ] ] } },
{ "type": "Feature", "properties": { "id": 2512, "id1": 874, "id2": 249 }, "geometry": { "type": "LineString", "coordinates": [ [ 654864.130502491840161, 6860163.970749758183956 ], [ 654614.056934118387289, 6860352.112864197231829 ] ] } },
{ "type": "Feature", "properties": { "id": 2516, "id1": 876, "id2": 2196 }, "geometry": { "type": "LineString", "coordinates": [ [ 655122.435129255056381, 6860081.742906492203474 ], [ 655116.679794543655589, 6860085.92184666916728 ] ] } },
{ "type": "Feature", "properties": { "id": 2517, "id1": 877, "id2": 100 }, "geometry": { "type": "LineString", "coordinates": [ [ 654328.542333486140706, 6860691.672580283135176 ], [ 654328.228237893315963, 6860860.409956580027938 ] ] } },
{ "type": "Feature", "properties": { "id": 2541, "id1": 879, "id2": 142 }, "geometry": { "type": "LineString", "coordinates": [ [ 654080.780014681513421, 6860910.724954127334058 ], [ 654088.438594855368137, 6860992.46497761644423 ] ] } },
{ "type": "Feature", "properties": { "id": 2559, "id1": 880, "id2": 1071 }, "geometry": { "type": "LineString", "coordinates": [ [ 654132.441046079271473, 6861342.514394708909094 ], [ 654135.95112878526561, 6861274.604129702784121 ] ] } },
{ "type": "Feature", "properties": { "id": 2564, "id1": 881, "id2": 671 }, "geometry": { "type": "LineString", "coordinates": [ [ 653992.282606874243356, 6861452.732942852191627 ], [ 654050.921007596189156, 6861406.638538363389671 ] ] } },
{ "type": "Feature", "properties": { "id": 2566, "id1": 882, "id2": 2296 }, "geometry": { "type": "LineString", "coordinates": [ [ 653948.373857293627225, 6861630.776085204444826 ], [ 653948.336520286626182, 6861632.1303904755041 ] ] } },
{ "type": "Feature", "properties": { "id": 2567, "id1": 883, "id2": 380 }, "geometry": { "type": "LineString", "coordinates": [ [ 654252.64331139170099, 6861257.924195973202586 ], [ 654168.730615002685227, 6861239.117874688468874 ] ] } },
{ "type": "Feature", "properties": { "id": 2576, "id1": 884, "id2": 2991 }, "geometry": { "type": "LineString", "coordinates": [ [ 654389.498205452691764, 6861279.646226529031992 ], [ 654435.21789212373551, 6861334.556491385214031 ] ] } },
{ "type": "Feature", "properties": { "id": 2578, "id1": 885, "id2": 369 }, "geometry": { "type": "LineString", "coordinates": [ [ 654374.560751224053092, 6861023.056069048121572 ], [ 654373.728926257579587, 6861025.490825338289142 ] ] } },
{ "type": "Feature", "properties": { "id": 2579, "id1": 886, "id2": 236 }, "geometry": { "type": "LineString", "coordinates": [ [ 653965.065683097345755, 6860546.809736113995314 ], [ 653825.081537703983486, 6860812.886302212253213 ] ] } },
{ "type": "Feature", "properties": { "id": 2585, "id1": 887, "id2": 910 }, "geometry": { "type": "LineString", "coordinates": [ [ 654218.689669208717532, 6860242.547626961953938 ], [ 654240.429578321170993, 6860404.172932142391801 ] ] } },
{ "type": "Feature", "properties": { "id": 2587, "id1": 888, "id2": 433 }, "geometry": { "type": "LineString", "coordinates": [ [ 653353.066842664731666, 6863095.318818095140159 ], [ 653346.698173238080926, 6863209.409490389749408 ] ] } },
{ "type": "Feature", "properties": { "id": 2590, "id1": 889, "id2": 67 }, "geometry": { "type": "LineString", "coordinates": [ [ 653939.80116331402678, 6861078.57464852090925 ], [ 654019.512647054158151, 6861117.587409962899983 ] ] } },
{ "type": "Feature", "properties": { "id": 2598, "id1": 890, "id2": 328 }, "geometry": { "type": "LineString", "coordinates": [ [ 654299.786674853647128, 6861102.632891145534813 ], [ 654298.361729601281695, 6861101.629885262809694 ] ] } },
{ "type": "Feature", "properties": { "id": 2599, "id1": 892, "id2": 862 }, "geometry": { "type": "LineString", "coordinates": [ [ 655897.408051770646125, 6860537.964354614727199 ], [ 655946.672699612448923, 6860246.685625188052654 ] ] } },
{ "type": "Feature", "properties": { "id": 2606, "id1": 893, "id2": 966 }, "geometry": { "type": "LineString", "coordinates": [ [ 655915.514737527817488, 6860854.463750397786498 ], [ 655912.995224114740267, 6860858.847541034221649 ] ] } },
{ "type": "Feature", "properties": { "id": 2610, "id1": 894, "id2": 832 }, "geometry": { "type": "LineString", "coordinates": [ [ 655860.499156502075493, 6861218.394559050910175 ], [ 655867.677446887595579, 6861212.646260396577418 ] ] } },
{ "type": "Feature", "properties": { "id": 2612, "id1": 895, "id2": 2846 }, "geometry": { "type": "LineString", "coordinates": [ [ 655784.774912488064729, 6861326.946418576873839 ], [ 655776.289770347531885, 6861311.090968096628785 ] ] } },
{ "type": "Feature", "properties": { "id": 2613, "id1": 896, "id2": 944 }, "geometry": { "type": "LineString", "coordinates": [ [ 655659.852614362724125, 6861320.157956239767373 ], [ 655658.178555843536742, 6861318.4506332334131 ] ] } },
{ "type": "Feature", "properties": { "id": 2617, "id1": 898, "id2": 1244 }, "geometry": { "type": "LineString", "coordinates": [ [ 653718.888621808611788, 6861124.774879055097699 ], [ 653732.096203686553054, 6861081.563392568379641 ] ] } },
{ "type": "Feature", "properties": { "id": 2621, "id1": 899, "id2": 55 }, "geometry": { "type": "LineString", "coordinates": [ [ 653657.337580026010983, 6860867.284311325289309 ], [ 653591.175221052835695, 6860817.606525337323546 ] ] } },
{ "type": "Feature", "properties": { "id": 2629, "id1": 900, "id2": 219 }, "geometry": { "type": "LineString", "coordinates": [ [ 653803.691238992614672, 6861953.029307747259736 ], [ 653865.9629207191756, 6861860.122783653438091 ] ] } },
{ "type": "Feature", "properties": { "id": 2634, "id1": 901, "id2": 1580 }, "geometry": { "type": "LineString", "coordinates": [ [ 653790.250439718482085, 6861797.447304731234908 ], [ 653812.822591698844917, 6861764.727135548368096 ] ] } },
{ "type": "Feature", "properties": { "id": 2637, "id1": 902, "id2": 557 }, "geometry": { "type": "LineString", "coordinates": [ [ 652934.840784116298892, 6863270.040189895778894 ], [ 653076.794312677695416, 6863232.794159808196127 ] ] } },
{ "type": "Feature", "properties": { "id": 2639, "id1": 903, "id2": 2404 }, "geometry": { "type": "LineString", "coordinates": [ [ 653045.258626861381344, 6863299.519989557564259 ], [ 653285.469896107912064, 6863236.905153769999743 ] ] } },
{ "type": "Feature", "properties": { "id": 2642, "id1": 904, "id2": 482 }, "geometry": { "type": "LineString", "coordinates": [ [ 652743.834256058325991, 6863100.978599986992776 ], [ 652819.680813060840592, 6863138.157928729429841 ] ] } },
{ "type": "Feature", "properties": { "id": 2653, "id1": 905, "id2": 12 }, "geometry": { "type": "LineString", "coordinates": [ [ 652998.771164428442717, 6863095.763342961668968 ], [ 653061.318809950840659, 6863064.166316408663988 ] ] } },
{ "type": "Feature", "properties": { "id": 2657, "id1": 906, "id2": 766 }, "geometry": { "type": "LineString", "coordinates": [ [ 653058.783800116158091, 6863172.862633486278355 ], [ 653042.121847656206228, 6863180.262723888270557 ] ] } },
{ "type": "Feature", "properties": { "id": 2660, "id1": 907, "id2": 195 }, "geometry": { "type": "LineString", "coordinates": [ [ 652821.199366441578604, 6863239.636862085200846 ], [ 652825.382211420335807, 6863239.209531077183783 ] ] } },
{ "type": "Feature", "properties": { "id": 2661, "id1": 908, "id2": 3296 }, "geometry": { "type": "LineString", "coordinates": [ [ 652957.497757154982537, 6863006.920900946483016 ], [ 652961.634146452066489, 6863004.21177585516125 ] ] } },
{ "type": "Feature", "properties": { "id": 2662, "id1": 909, "id2": 749 }, "geometry": { "type": "LineString", "coordinates": [ [ 653209.601688809460029, 6862966.58780184853822 ], [ 653241.046963233617134, 6862901.691334202885628 ] ] } },
{ "type": "Feature", "properties": { "id": 2677, "id1": 910, "id2": 180 }, "geometry": { "type": "LineString", "coordinates": [ [ 652612.455962131381966, 6862216.259974412620068 ], [ 652600.712602873099968, 6862217.854937519878149 ] ] } },
{ "type": "Feature", "properties": { "id": 2679, "id1": 911, "id2": 2213 }, "geometry": { "type": "LineString", "coordinates": [ [ 652660.611379500362091, 6862297.647676185704768 ], [ 652652.919388998299837, 6862301.598319798707962 ] ] } },
{ "type": "Feature", "properties": { "id": 2680, "id1": 912, "id2": 2170 }, "geometry": { "type": "LineString", "coordinates": [ [ 652686.331158072920516, 6862347.043785277754068 ], [ 652683.162171463714913, 6862350.879935830831528 ] ] } },
{ "type": "Feature", "properties": { "id": 2681, "id1": 913, "id2": 1677 }, "geometry": { "type": "LineString", "coordinates": [ [ 652516.101029172656126, 6862265.526014833711088 ], [ 652516.258660075138323, 6862269.859146665781736 ] ] } },
{ "type": "Feature", "properties": { "id": 2682, "id1": 914, "id2": 912 }, "geometry": { "type": "LineString", "coordinates": [ [ 652374.649917004746385, 6862300.751066532917321 ], [ 652376.589594026561826, 6862301.344530258327723 ] ] } },
{ "type": "Feature", "properties": { "id": 2683, "id1": 915, "id2": 641 }, "geometry": { "type": "LineString", "coordinates": [ [ 652451.830759345786646, 6862310.762800774537027 ], [ 652454.028262619976886, 6862328.754582964815199 ] ] } },
{ "type": "Feature", "properties": { "id": 2685, "id1": 916, "id2": 35 }, "geometry": { "type": "LineString", "coordinates": [ [ 652549.337013333220966, 6862393.445374181494117 ], [ 652568.633082254207693, 6862378.875924337655306 ] ] } },
{ "type": "Feature", "properties": { "id": 2686, "id1": 917, "id2": 308 }, "geometry": { "type": "LineString", "coordinates": [ [ 652747.869130009319633, 6862441.4195965686813 ], [ 652763.18755491450429, 6862390.415964609012008 ] ] } },
{ "type": "Feature", "properties": { "id": 2689, "id1": 918, "id2": 3255 }, "geometry": { "type": "LineString", "coordinates": [ [ 652837.433588001294993, 6862547.634338825009763 ], [ 652835.044623656896874, 6862548.43593827355653 ] ] } },
{ "type": "Feature", "properties": { "id": 2690, "id1": 919, "id2": 2231 }, "geometry": { "type": "LineString", "coordinates": [ [ 652923.473945892066695, 6862665.759250393137336 ], [ 652920.793211327167228, 6862663.973798231221735 ] ] } },
{ "type": "Feature", "properties": { "id": 2691, "id1": 920, "id2": 2232 }, "geometry": { "type": "LineString", "coordinates": [ [ 653002.568488561548293, 6862782.573974655009806 ], [ 653005.341040746541694, 6862783.022975486703217 ] ] } },
{ "type": "Feature", "properties": { "id": 2692, "id1": 921, "id2": 194 }, "geometry": { "type": "LineString", "coordinates": [ [ 653072.705815693479963, 6862793.459511628374457 ], [ 653049.738306603743695, 6862850.004133039154112 ] ] } },
{ "type": "Feature", "properties": { "id": 2694, "id1": 922, "id2": 1940 }, "geometry": { "type": "LineString", "coordinates": [ [ 652837.76996791374404, 6862223.533932857215405 ], [ 652838.720116132521071, 6862226.232210741378367 ] ] } },
{ "type": "Feature", "properties": { "id": 2695, "id1": 923, "id2": 2059 }, "geometry": { "type": "LineString", "coordinates": [ [ 652968.661901674116962, 6862035.630051661282778 ], [ 652968.976544800912961, 6862035.989371496252716 ] ] } },
{ "type": "Feature", "properties": { "id": 2696, "id1": 924, "id2": 2628 }, "geometry": { "type": "LineString", "coordinates": [ [ 652893.429184420499951, 6862082.152720589190722 ], [ 652895.359547211672179, 6862083.250079444609582 ] ] } },
{ "type": "Feature", "properties": { "id": 2697, "id1": 925, "id2": 538 }, "geometry": { "type": "LineString", "coordinates": [ [ 652810.980728819733486, 6861989.209103456698358 ], [ 652821.03919581824448, 6862012.1205167286098 ] ] } },
{ "type": "Feature", "properties": { "id": 2699, "id1": 926, "id2": 1409 }, "geometry": { "type": "LineString", "coordinates": [ [ 652755.267880177358165, 6861999.036139708943665 ], [ 652762.72237007971853, 6862034.320166919380426 ] ] } },
{ "type": "Feature", "properties": { "id": 2701, "id1": 928, "id2": 729 }, "geometry": { "type": "LineString", "coordinates": [ [ 652800.545326862833463, 6862109.240343309938908 ], [ 652800.746362288482487, 6862109.809180129319429 ] ] } },
{ "type": "Feature", "properties": { "id": 2702, "id1": 929, "id2": 1544 }, "geometry": { "type": "LineString", "coordinates": [ [ 652744.69165552360937, 6862142.034958911128342 ], [ 652747.570642141858116, 6862144.062928340397775 ] ] } },
{ "type": "Feature", "properties": { "id": 2707, "id1": 932, "id2": 2724 }, "geometry": { "type": "LineString", "coordinates": [ [ 652693.76379744685255, 6862167.41736511234194 ], [ 652692.47973754548002, 6862167.110573043115437 ] ] } },
{ "type": "Feature", "properties": { "id": 2708, "id1": 933, "id2": 2778 }, "geometry": { "type": "LineString", "coordinates": [ [ 652779.533129682764411, 6862265.055091746151447 ], [ 652777.23493680160027, 6862264.088757877238095 ] ] } },
{ "type": "Feature", "properties": { "id": 2709, "id1": 934, "id2": 2986 }, "geometry": { "type": "LineString", "coordinates": [ [ 652857.875087745371275, 6862314.719905781559646 ], [ 652854.037841159384698, 6862321.21506371255964 ] ] } },
{ "type": "Feature", "properties": { "id": 2710, "id1": 935, "id2": 409 }, "geometry": { "type": "LineString", "coordinates": [ [ 653031.257003251230344, 6862102.365422068163753 ], [ 652939.610737205948681, 6862201.366674098186195 ] ] } },
{ "type": "Feature", "properties": { "id": 2715, "id1": 936, "id2": 964 }, "geometry": { "type": "LineString", "coordinates": [ [ 653058.105354639701545, 6862241.725416267290711 ], [ 653060.727546325302683, 6862242.756555433385074 ] ] } },
{ "type": "Feature", "properties": { "id": 2716, "id1": 937, "id2": 2480 }, "geometry": { "type": "LineString", "coordinates": [ [ 652947.223054609727114, 6862405.297527632676065 ], [ 652948.842875522677787, 6862405.858964625746012 ] ] } },
{ "type": "Feature", "properties": { "id": 2717, "id1": 938, "id2": 888 }, "geometry": { "type": "LineString", "coordinates": [ [ 652871.362395638483576, 6862194.476313918828964 ], [ 652872.362841546186246, 6862195.913311885669827 ] ] } },
{ "type": "Feature", "properties": { "id": 2718, "id1": 939, "id2": 3121 }, "geometry": { "type": "LineString", "coordinates": [ [ 653149.841413773829117, 6862688.764865870587528 ], [ 653153.690674240817316, 6862688.886349447071552 ] ] } },
{ "type": "Feature", "properties": { "id": 2719, "id1": 940, "id2": 1994 }, "geometry": { "type": "LineString", "coordinates": [ [ 653237.717531607020646, 6862777.59579735994339 ], [ 653244.910916296183132, 6862781.206964009441435 ] ] } },
{ "type": "Feature", "properties": { "id": 2720, "id1": 941, "id2": 1463 }, "geometry": { "type": "LineString", "coordinates": [ [ 653154.894885096000507, 6861980.835585607215762 ], [ 653101.360215794062242, 6861955.413203282281756 ] ] } },
{ "type": "Feature", "properties": { "id": 2724, "id1": 942, "id2": 948 }, "geometry": { "type": "LineString", "coordinates": [ [ 653248.352649520267732, 6861845.166005423292518 ], [ 653249.498225065879524, 6861845.314874218776822 ] ] } },
{ "type": "Feature", "properties": { "id": 2725, "id1": 943, "id2": 793 }, "geometry": { "type": "LineString", "coordinates": [ [ 653202.385562122915871, 6861869.471229327842593 ], [ 653204.766204045619816, 6861869.479972465895116 ] ] } },
{ "type": "Feature", "properties": { "id": 2726, "id1": 944, "id2": 1521 }, "geometry": { "type": "LineString", "coordinates": [ [ 653218.148464119876735, 6861916.711299179121852 ], [ 653221.176144622615539, 6861916.728715432807803 ] ] } },
{ "type": "Feature", "properties": { "id": 2727, "id1": 945, "id2": 2739 }, "geometry": { "type": "LineString", "coordinates": [ [ 653265.276221163454466, 6861899.814587138593197 ], [ 653267.704048726358451, 6861899.421734474599361 ] ] } },
{ "type": "Feature", "properties": { "id": 2728, "id1": 946, "id2": 633 }, "geometry": { "type": "LineString", "coordinates": [ [ 653281.747672151424922, 6861888.820742677897215 ], [ 653284.240853377035819, 6861888.519742282107472 ] ] } },
{ "type": "Feature", "properties": { "id": 2729, "id1": 947, "id2": 665 }, "geometry": { "type": "LineString", "coordinates": [ [ 653277.273233183426782, 6861985.140184417366982 ], [ 653279.648755458067171, 6861984.629756667651236 ] ] } },
{ "type": "Feature", "properties": { "id": 2730, "id1": 948, "id2": 685 }, "geometry": { "type": "LineString", "coordinates": [ [ 653246.758720769779757, 6862163.00271453242749 ], [ 653248.113762121181935, 6862161.425231361761689 ] ] } },
{ "type": "Feature", "properties": { "id": 2731, "id1": 949, "id2": 128 }, "geometry": { "type": "LineString", "coordinates": [ [ 653174.79900187253952, 6862192.760736411437392 ], [ 653176.811817749170586, 6862192.778849952854216 ] ] } },
{ "type": "Feature", "properties": { "id": 2732, "id1": 950, "id2": 627 }, "geometry": { "type": "LineString", "coordinates": [ [ 653320.008363067638129, 6862111.695817085914314 ], [ 653323.090609114035033, 6862110.805025050416589 ] ] } },
{ "type": "Feature", "properties": { "id": 2733, "id1": 951, "id2": 315 }, "geometry": { "type": "LineString", "coordinates": [ [ 653294.069804277271032, 6862305.170735988765955 ], [ 653297.847721789265051, 6862303.84206853620708 ] ] } },
{ "type": "Feature", "properties": { "id": 2734, "id1": 952, "id2": 920 }, "geometry": { "type": "LineString", "coordinates": [ [ 653416.944301758427173, 6862033.419897077605128 ], [ 653470.816985220531933, 6862016.899330508895218 ] ] } },
{ "type": "Feature", "properties": { "id": 2735, "id1": 953, "id2": 1363 }, "geometry": { "type": "LineString", "coordinates": [ [ 653425.785568824969232, 6862087.613690504804254 ], [ 653429.102319373399951, 6862086.877974295057356 ] ] } },
{ "type": "Feature", "properties": { "id": 2738, "id1": 955, "id2": 1706 }, "geometry": { "type": "LineString", "coordinates": [ [ 653444.509892286965623, 6861918.062351608648896 ], [ 653447.22391476854682, 6861918.190633671358228 ] ] } },
{ "type": "Feature", "properties": { "id": 2739, "id1": 956, "id2": 3677 }, "geometry": { "type": "LineString", "coordinates": [ [ 653435.287449191673659, 6861828.408518401905894 ], [ 653440.737736419308931, 6861825.669762395322323 ] ] } },
{ "type": "Feature", "properties": { "id": 2740, "id1": 957, "id2": 2710 }, "geometry": { "type": "LineString", "coordinates": [ [ 653610.471459205378778, 6861839.334550026804209 ], [ 653611.824938617413864, 6861840.702233937568963 ] ] } },
{ "type": "Feature", "properties": { "id": 2741, "id1": 958, "id2": 2536 }, "geometry": { "type": "LineString", "coordinates": [ [ 653608.282029904890805, 6862032.965941177681088 ], [ 653608.218940735794604, 6862031.725719500333071 ] ] } },
{ "type": "Feature", "properties": { "id": 2742, "id1": 959, "id2": 3207 }, "geometry": { "type": "LineString", "coordinates": [ [ 653591.025299321045168, 6862192.831235873512924 ], [ 653593.258919169311412, 6862192.218618517741561 ] ] } },
{ "type": "Feature", "properties": { "id": 2743, "id1": 960, "id2": 619 }, "geometry": { "type": "LineString", "coordinates": [ [ 653475.673373905825429, 6862136.600637928582728 ], [ 653437.01602743496187, 6862147.231775236316025 ] ] } },
{ "type": "Feature", "properties": { "id": 2745, "id1": 961, "id2": 1589 }, "geometry": { "type": "LineString", "coordinates": [ [ 653412.569441468571313, 6862235.261677381582558 ], [ 653414.24286682147067, 6862233.88433694653213 ] ] } },
{ "type": "Feature", "properties": { "id": 2746, "id1": 962, "id2": 1718 }, "geometry": { "type": "LineString", "coordinates": [ [ 650961.361165003152564, 6861291.492218106985092 ], [ 650995.964457517955452, 6861294.692416176199913 ] ] } },
{ "type": "Feature", "properties": { "id": 2748, "id1": 963, "id2": 988 }, "geometry": { "type": "LineString", "coordinates": [ [ 650964.83429264195729, 6861193.989996834658086 ], [ 650929.602532663848251, 6861185.353220101445913 ] ] } },
{ "type": "Feature", "properties": { "id": 2750, "id1": 964, "id2": 1781 }, "geometry": { "type": "LineString", "coordinates": [ [ 653483.440862042014487, 6862299.347797248512506 ], [ 653485.438105582841672, 6862297.287211320362985 ] ] } },
{ "type": "Feature", "properties": { "id": 2751, "id1": 965, "id2": 3343 }, "geometry": { "type": "LineString", "coordinates": [ [ 653556.962735655833967, 6862367.050113289617002 ], [ 653557.866706990986131, 6862365.89360726531595 ] ] } },
{ "type": "Feature", "properties": { "id": 2752, "id1": 966, "id2": 3451 }, "geometry": { "type": "LineString", "coordinates": [ [ 653471.116847044904716, 6862476.667331798933446 ], [ 653472.735505755059421, 6862475.62540886644274 ] ] } },
{ "type": "Feature", "properties": { "id": 2753, "id1": 967, "id2": 1394 }, "geometry": { "type": "LineString", "coordinates": [ [ 653478.297135271597654, 6862609.943100418895483 ], [ 653473.756260756286792, 6862557.150462070479989 ] ] } },
{ "type": "Feature", "properties": { "id": 2757, "id1": 968, "id2": 675 }, "geometry": { "type": "LineString", "coordinates": [ [ 652892.222466479288414, 6863401.910649885423481 ], [ 652884.009893533890136, 6863406.31386299803853 ] ] } },
{ "type": "Feature", "properties": { "id": 2758, "id1": 969, "id2": 790 }, "geometry": { "type": "LineString", "coordinates": [ [ 653455.841761584859341, 6863121.01575038395822 ], [ 653467.822623231564648, 6863234.358337724581361 ] ] } },
{ "type": "Feature", "properties": { "id": 2764, "id1": 970, "id2": 420 }, "geometry": { "type": "LineString", "coordinates": [ [ 653527.631340909516439, 6862869.69805537071079 ], [ 653549.478650166769512, 6862807.049041920341551 ] ] } },
{ "type": "Feature", "properties": { "id": 2766, "id1": 972, "id2": 2839 }, "geometry": { "type": "LineString", "coordinates": [ [ 653369.682085525710136, 6862749.835278670303524 ], [ 653372.951617770129815, 6862749.723456474021077 ] ] } },
{ "type": "Feature", "properties": { "id": 2767, "id1": 973, "id2": 123 }, "geometry": { "type": "LineString", "coordinates": [ [ 653445.838531907182187, 6862769.406185183674097 ], [ 653448.370019044843502, 6862768.479395263828337 ] ] } },
{ "type": "Feature", "properties": { "id": 2768, "id1": 974, "id2": 3064 }, "geometry": { "type": "LineString", "coordinates": [ [ 653422.360874322941527, 6862908.152419769205153 ], [ 653425.579097680747509, 6862906.313260610215366 ] ] } },
{ "type": "Feature", "properties": { "id": 2769, "id1": 975, "id2": 963 }, "geometry": { "type": "LineString", "coordinates": [ [ 653363.198574767913669, 6862843.462155195884407 ], [ 653366.438755013281479, 6862843.341542636975646 ] ] } },
{ "type": "Feature", "properties": { "id": 2770, "id1": 976, "id2": 1281 }, "geometry": { "type": "LineString", "coordinates": [ [ 653353.037926719640382, 6862656.938971522264183 ], [ 653358.876848191255704, 6862661.098573212511837 ] ] } },
{ "type": "Feature", "properties": { "id": 2771, "id1": 977, "id2": 410 }, "geometry": { "type": "LineString", "coordinates": [ [ 653329.982393621932715, 6862704.053435563109815 ], [ 653335.382622566539794, 6862705.395490649156272 ] ] } },
{ "type": "Feature", "properties": { "id": 2772, "id1": 978, "id2": 3167 }, "geometry": { "type": "LineString", "coordinates": [ [ 653268.648470800020732, 6862623.140741103328764 ], [ 653270.818879992468283, 6862622.399443948641419 ] ] } },
{ "type": "Feature", "properties": { "id": 2773, "id1": 979, "id2": 3587 }, "geometry": { "type": "LineString", "coordinates": [ [ 653316.492401424911804, 6862610.442720321938396 ], [ 653319.508689767681062, 6862610.645559418946505 ] ] } },
{ "type": "Feature", "properties": { "id": 2774, "id1": 980, "id2": 2433 }, "geometry": { "type": "LineString", "coordinates": [ [ 653355.401886459556408, 6862580.59942408464849 ], [ 653358.18926108640153, 6862581.04230456892401 ] ] } },
{ "type": "Feature", "properties": { "id": 2775, "id1": 981, "id2": 3373 }, "geometry": { "type": "LineString", "coordinates": [ [ 653284.022187123307958, 6862564.048553611151874 ], [ 653285.641848117229529, 6862564.319530279375613 ] ] } },
{ "type": "Feature", "properties": { "id": 2776, "id1": 982, "id2": 2605 }, "geometry": { "type": "LineString", "coordinates": [ [ 653337.464502660906874, 6862514.798454629257321 ], [ 653339.217467395588756, 6862514.34259173180908 ] ] } },
{ "type": "Feature", "properties": { "id": 2777, "id1": 983, "id2": 1330 }, "geometry": { "type": "LineString", "coordinates": [ [ 653350.049725284916349, 6862433.081122907809913 ], [ 653352.435933763976209, 6862430.973504616878927 ] ] } },
{ "type": "Feature", "properties": { "id": 2778, "id1": 984, "id2": 838 }, "geometry": { "type": "LineString", "coordinates": [ [ 653327.868398448801599, 6862393.288206623867154 ], [ 653331.619526507682167, 6862390.619516408070922 ] ] } },
{ "type": "Feature", "properties": { "id": 2779, "id1": 985, "id2": 3217 }, "geometry": { "type": "LineString", "coordinates": [ [ 653258.983147548977286, 6862460.386685435660183 ], [ 653260.850052498630248, 6862460.02765429764986 ] ] } },
{ "type": "Feature", "properties": { "id": 2780, "id1": 986, "id2": 428 }, "geometry": { "type": "LineString", "coordinates": [ [ 653210.42025684681721, 6862533.249145411886275 ], [ 653212.401820878498256, 6862533.354694053530693 ] ] } },
{ "type": "Feature", "properties": { "id": 2781, "id1": 987, "id2": 2815 }, "geometry": { "type": "LineString", "coordinates": [ [ 653175.698534305673093, 6862388.846648817881942 ], [ 653184.483004034729674, 6862391.973757990635931 ] ] } },
{ "type": "Feature", "properties": { "id": 2782, "id1": 988, "id2": 2056 }, "geometry": { "type": "LineString", "coordinates": [ [ 653118.982950373203494, 6862316.592320037074387 ], [ 653121.091911120107397, 6862317.433869852684438 ] ] } },
{ "type": "Feature", "properties": { "id": 2783, "id1": 989, "id2": 294 }, "geometry": { "type": "LineString", "coordinates": [ [ 653096.298827994265594, 6862469.944634505547583 ], [ 653102.501069831312634, 6862473.713317869231105 ] ] } },
{ "type": "Feature", "properties": { "id": 2784, "id1": 990, "id2": 2468 }, "geometry": { "type": "LineString", "coordinates": [ [ 653147.494039307464845, 6862558.477150716818869 ], [ 653150.379365038708784, 6862558.732798197306693 ] ] } },
{ "type": "Feature", "properties": { "id": 2785, "id1": 991, "id2": 2555 }, "geometry": { "type": "LineString", "coordinates": [ [ 653214.914176709251478, 6862650.870967578142881 ], [ 653218.203371823416092, 6862650.620549923740327 ] ] } },
{ "type": "Feature", "properties": { "id": 2786, "id1": 992, "id2": 1621 }, "geometry": { "type": "LineString", "coordinates": [ [ 653297.332853094791062, 6862758.961853029206395 ], [ 653304.401482519810088, 6862761.904117885045707 ] ] } },
{ "type": "Feature", "properties": { "id": 2787, "id1": 993, "id2": 46 }, "geometry": { "type": "LineString", "coordinates": [ [ 653062.359025712008588, 6862575.447505266405642 ], [ 653064.489231937564909, 6862575.005180634558201 ] ] } },
{ "type": "Feature", "properties": { "id": 2788, "id1": 994, "id2": 3506 }, "geometry": { "type": "LineString", "coordinates": [ [ 652998.208758512279019, 6862577.841661800630391 ], [ 652999.907493336359039, 6862583.788973185233772 ] ] } },
{ "type": "Feature", "properties": { "id": 2789, "id1": 995, "id2": 1087 }, "geometry": { "type": "LineString", "coordinates": [ [ 653361.796171501977369, 6861648.444492657668889 ], [ 653361.865129316225648, 6861647.71438857447356 ] ] } },
{ "type": "Feature", "properties": { "id": 2790, "id1": 996, "id2": 437 }, "geometry": { "type": "LineString", "coordinates": [ [ 652860.213370024808683, 6861965.361977569758892 ], [ 652848.708214730489999, 6861946.048524132929742 ] ] } },
{ "type": "Feature", "properties": { "id": 2792, "id1": 997, "id2": 390 }, "geometry": { "type": "LineString", "coordinates": [ [ 652989.005568411783315, 6861927.194496064446867 ], [ 653011.999854524736293, 6861936.112784716300666 ] ] } },
{ "type": "Feature", "properties": { "id": 2796, "id1": 998, "id2": 1684 }, "geometry": { "type": "LineString", "coordinates": [ [ 653463.171162670711055, 6861602.210420345887542 ], [ 653521.013388614286669, 6861618.099497145973146 ] ] } },
{ "type": "Feature", "properties": { "id": 2799, "id1": 999, "id2": 1778 }, "geometry": { "type": "LineString", "coordinates": [ [ 653111.932224930264056, 6861667.933617622591555 ], [ 653115.066919532837346, 6861671.116553883999586 ] ] } },
{ "type": "Feature", "properties": { "id": 2800, "id1": 1000, "id2": 930 }, "geometry": { "type": "LineString", "coordinates": [ [ 653170.135537814814597, 6861538.37894656509161 ], [ 653172.871172811719589, 6861537.599862704053521 ] ] } },
{ "type": "Feature", "properties": { "id": 2801, "id1": 1001, "id2": 2715 }, "geometry": { "type": "LineString", "coordinates": [ [ 653266.543726521427743, 6861698.000457123853266 ], [ 653332.411100376746617, 6861722.543493675999343 ] ] } },
{ "type": "Feature", "properties": { "id": 2804, "id1": 1002, "id2": 1156 }, "geometry": { "type": "LineString", "coordinates": [ [ 653200.19912889727857, 6861604.932969019748271 ], [ 653201.19240650406573, 6861606.205196880735457 ] ] } },
{ "type": "Feature", "properties": { "id": 2805, "id1": 1003, "id2": 1345 }, "geometry": { "type": "LineString", "coordinates": [ [ 653274.749854400521144, 6861549.545982850715518 ], [ 653275.70496850006748, 6861549.45171182602644 ] ] } },
{ "type": "Feature", "properties": { "id": 2806, "id1": 1004, "id2": 1714 }, "geometry": { "type": "LineString", "coordinates": [ [ 653653.548390281270258, 6861766.6150515479967 ], [ 653655.065949075855315, 6861769.826059311628342 ] ] } },
{ "type": "Feature", "properties": { "id": 2807, "id1": 1005, "id2": 3260 }, "geometry": { "type": "LineString", "coordinates": [ [ 652653.979406594415195, 6861895.846430325880647 ], [ 652653.990854461793788, 6861899.557380286045372 ] ] } },
{ "type": "Feature", "properties": { "id": 2808, "id1": 1006, "id2": 1796 }, "geometry": { "type": "LineString", "coordinates": [ [ 652723.465879432857037, 6861838.104730797000229 ], [ 652734.54287985607516, 6861827.200483854860067 ] ] } },
{ "type": "Feature", "properties": { "id": 2810, "id1": 1007, "id2": 2152 }, "geometry": { "type": "LineString", "coordinates": [ [ 652771.166725525632501, 6861902.892078896053135 ], [ 652787.289745378773659, 6861897.420036362484097 ] ] } },
{ "type": "Feature", "properties": { "id": 2815, "id1": 1011, "id2": 1788 }, "geometry": { "type": "LineString", "coordinates": [ [ 652562.898380166967399, 6861929.983938687480986 ], [ 652599.756348579307087, 6861940.708850712515414 ] ] } },
{ "type": "Feature", "properties": { "id": 2817, "id1": 1012, "id2": 310 }, "geometry": { "type": "LineString", "coordinates": [ [ 652523.906177491298877, 6861903.744239292107522 ], [ 652518.473396611749195, 6861907.929388486780226 ] ] } },
{ "type": "Feature", "properties": { "id": 2818, "id1": 1013, "id2": 2255 }, "geometry": { "type": "LineString", "coordinates": [ [ 652561.035896974499337, 6861879.626901186071336 ], [ 652563.288423738791607, 6861899.862102708779275 ] ] } },
{ "type": "Feature", "properties": { "id": 2819, "id1": 1014, "id2": 2130 }, "geometry": { "type": "LineString", "coordinates": [ [ 652595.712613741517998, 6861857.258463382720947 ], [ 652618.822699166368693, 6861842.761253881268203 ] ] } },
{ "type": "Feature", "properties": { "id": 2822, "id1": 1022, "id2": 3183 }, "geometry": { "type": "LineString", "coordinates": [ [ 652852.009435569634661, 6861799.465071597136557 ], [ 652849.569919945672154, 6861803.371222001500428 ] ] } },
{ "type": "Feature", "properties": { "id": 2823, "id1": 1023, "id2": 1542 }, "geometry": { "type": "LineString", "coordinates": [ [ 652939.542086092638783, 6861863.873495100997388 ], [ 652940.64221343502868, 6861866.301794773899019 ] ] } },
{ "type": "Feature", "properties": { "id": 2824, "id1": 1024, "id2": 2654 }, "geometry": { "type": "LineString", "coordinates": [ [ 653169.97444180061575, 6861733.959085988812149 ], [ 653112.8557230316801, 6861801.835862742736936 ] ] } },
{ "type": "Feature", "properties": { "id": 2826, "id1": 1026, "id2": 337 }, "geometry": { "type": "LineString", "coordinates": [ [ 652999.904530720203184, 6861835.976721392013133 ], [ 653002.0678781963652, 6861837.991350284777582 ] ] } },
{ "type": "Feature", "properties": { "id": 2827, "id1": 1027, "id2": 3162 }, "geometry": { "type": "LineString", "coordinates": [ [ 652932.37426754029002, 6861658.901752289384604 ], [ 652939.019683333579451, 6861662.842889629304409 ] ] } },
{ "type": "Feature", "properties": { "id": 2828, "id1": 1028, "id2": 3076 }, "geometry": { "type": "LineString", "coordinates": [ [ 652943.299729154328816, 6861715.600326210260391 ], [ 652945.698105122079141, 6861717.290658453479409 ] ] } },
{ "type": "Feature", "properties": { "id": 2829, "id1": 1029, "id2": 3517 }, "geometry": { "type": "LineString", "coordinates": [ [ 652993.171915670274757, 6861738.64320898335427 ], [ 652996.002755618072115, 6861740.04562143329531 ] ] } },
{ "type": "Feature", "properties": { "id": 2830, "id1": 1030, "id2": 3649 }, "geometry": { "type": "LineString", "coordinates": [ [ 653052.506984575768001, 6861704.4577622031793 ], [ 653055.348669939790852, 6861705.148031213320792 ] ] } },
{ "type": "Feature", "properties": { "id": 2831, "id1": 1031, "id2": 330 }, "geometry": { "type": "LineString", "coordinates": [ [ 653014.583669335464947, 6861614.8163091102615 ], [ 653054.807009248994291, 6861591.462791104800999 ] ] } },
{ "type": "Feature", "properties": { "id": 2833, "id1": 1032, "id2": 706 }, "geometry": { "type": "LineString", "coordinates": [ [ 655433.362331999000162, 6861635.489453760907054 ], [ 655486.828539162757806, 6861402.902636729180813 ] ] } },
{ "type": "Feature", "properties": { "id": 2852, "id1": 1033, "id2": 526 }, "geometry": { "type": "LineString", "coordinates": [ [ 655170.1216366692679, 6862025.949848816730082 ], [ 655043.872984892572276, 6861959.521419515833259 ] ] } },
{ "type": "Feature", "properties": { "id": 2866, "id1": 1035, "id2": 110 }, "geometry": { "type": "LineString", "coordinates": [ [ 649315.111362037132494, 6860959.57988737989217 ], [ 649444.075533283641562, 6860801.459157831035554 ] ] } }
]
}
