event-id,visible,timestamp,location-long,location-lat,algorithm-marked-outlier,argos:altitude,argos:best-level,argos:calcul-freq,argos:iq,argos:lat1,argos:lat2,argos:lc,argos:lon1,argos:lon2,argos:nb-mes,argos:nb-mes-120,argos:nopc,argos:pass-duration,argos:sensor-1,argos:sensor-2,argos:sensor-3,argos:sensor-4,sensor-type,individual-taxon-canonical-name,tag-local-identifier,individual-local-identifier,study-name
"622999638",true,2014/02/20,-5.85300000000001,39.013,,292,-130,401.6709301,"0",39.013,39.013,B,-5.853,-5.853,"2","0","3",59,"151","200","2","1",argos-doppler-shift,Limosa limosa,"134755",Aldeboarn,Continental black-tailed godwits (data from Senner et al. 2015)
"622999639",true,2014/02/20,-5.93000000000001,39.021,,287,-127,401.6709166,"50",39.021,39.021,"3",-5.93,-5.93,"4","0","3",297,"152","196","1","11",argos-doppler-shift,Limosa limosa,"134755",Aldeboarn,Continental black-tailed godwits (data from Senner et al. 2015)
"622999640",true,2014/02/20,-5.93299999999999,39.016,,287,-131,401.6709195,"8",39.016,39.016,B,-5.933,-5.933,"1","0","3",0,"151","188","2","27",argos-doppler-shift,Limosa limosa,"134755",Aldeboarn,Continental black-tailed godwits (data from Senner et al. 2015)
"622999641",true,2014/02/20,-5.928,39.024,,287,-128,401.6709145,"50",39.024,39.024,"3",-5.928,-5.928,"7","0","3",534,"3","1","0","1",argos-doppler-shift,Limosa limosa,"134755",Aldeboarn,Continental black-tailed godwits (data from Senner et al. 2015)
"622999642",true,2014/02/20,-5.92899999999997,39.021,,287,-134,401.6709169,"8",39.021,39.021,B,-5.929,-5.929,"1","0","3",0,"146","184","3","45",argos-doppler-shift,Limosa limosa,"134755",Aldeboarn,Continental black-tailed godwits (data from Senner et al. 2015)
"622999643",true,2014/02/20,-5.93099999999998,39.022,,287,-122,401.6709176,"58",39.022,39.022,"3",-5.931,-5.931,"7","0","3",415,"4","1","0","1",argos-doppler-shift,Limosa limosa,"134755",Aldeboarn,Continental black-tailed godwits (data from Senner et al. 2015)
"622999644",true,2014/02/20,-5.928,39.023,,287,-125,401.6709189,"58",39.023,39.023,"3",-5.928,-5.928,"7","0","3",473,"6","1","0","1",argos-doppler-shift,Limosa limosa,"134755",Aldeboarn,Continental black-tailed godwits (data from Senner et al. 2015)
"622999645",true,2014/02/20,-5.93099999999998,39.021,,287,-117,401.6709192,"58",39.021,39.021,"2",-5.931,-5.931,"6","2","3",298,"7","1","0","1",argos-doppler-shift,Limosa limosa,"134755",Aldeboarn,Continental black-tailed godwits (data from Senner et al. 2015)
"622999646",true,2014/02/20,-5.93000000000001,39.023,,287,-123,401.6709192,"8",39.023,39.023,A,-5.93,-5.93,"3","0","3",295,"9","1","0","1",argos-doppler-shift,Limosa limosa,"134755",Aldeboarn,Continental black-tailed godwits (data from Senner et al. 2015)
"622999647",true,2014/02/20,-5.93700000000001,39.023,,289,-131,401.6709206,"50",39.023,39.023,"2",-5.937,-5.937,"7","0","3",355,"9","1","0","1",argos-doppler-shift,Limosa limosa,"134755",Aldeboarn,Continental black-tailed godwits (data from Senner et al. 2015)
"622999648",true,2014/02/20,-5.92899999999997,39.019,,287,-120,401.6709209,"58",39.019,39.019,"2",-5.929,-5.929,"8","0","3",532,"10","1","0","1",argos-doppler-shift,Limosa limosa,"134755",Aldeboarn,Continental black-tailed godwits (data from Senner et al. 2015)
"622999649",true,2014/02/20,-5.93099999999998,39.021,,287,-123,401.6709207,"50",39.021,39.021,"2",-5.931,-5.931,"8","0","3",592,"10","1","0","1",argos-doppler-shift,Limosa limosa,"134755",Aldeboarn,Continental black-tailed godwits (data from Senner et al. 2015)
"622999650",true,2014/02/20,-5.93099999999998,39.021,,287,-119,401.6709208,"58",39.021,39.021,"3",-5.931,-5.931,"8","1","3",594,"10","1","0","1",argos-doppler-shift,Limosa limosa,"134755",Aldeboarn,Continental black-tailed godwits (data from Senner et al. 2015)
"622999651",true,2014/02/22,-5.92700000000002,39.059,,299,-131,401.6709184,"0",39.059,39.059,A,-5.927,-5.927,"3","0","3",294,"1","2","0","1",argos-doppler-shift,Limosa limosa,"134755",Aldeboarn,Continental black-tailed godwits (data from Senner et al. 2015)
"622999652",true,2014/02/22,-5.92000000000002,39.063,,299,-120,401.670919,"0",39.063,39.063,A,-5.92,-5.92,"3","0","3",118,"1","2","0","1",argos-doppler-shift,Limosa limosa,"134755",Aldeboarn,Continental black-tailed godwits (data from Senner et al. 2015)
"622999653",true,2014/02/22,-5.90499999999997,39.068,,299,-114,401.6709197,"40",39.068,39.068,"0",-5.905,-5.905,"7","4","3",524,"144","192","2","0",argos-doppler-shift,Limosa limosa,"134755",Aldeboarn,Continental black-tailed godwits (data from Senner et al. 2015)
"622999654",true,2014/02/22,-5.90699999999998,39.068,,299,-133,401.6709211,"8",39.068,39.068,B,-5.907,-5.907,"1","0","3",0,"2","2","0","1",argos-doppler-shift,Limosa limosa,"134755",Aldeboarn,Continental black-tailed godwits (data from Senner et al. 2015)
"622999655",true,2014/02/22,-5.90499999999997,39.071,,302,-136,401.6709155,"8",39.071,39.071,B,-5.905,-5.905,"2","0","3",60,"151","184","1","29",argos-doppler-shift,Limosa limosa,"134755",Aldeboarn,Continental black-tailed godwits (data from Senner et al. 2015)
"622999656",true,2014/02/23,-5.92500000000001,39.066,,302,-120,401.6709185,"58",39.066,39.066,"3",-5.925,-5.925,"7","0","3",358,"7","2","0","1",argos-doppler-shift,Limosa limosa,"134755",Aldeboarn,Continental black-tailed godwits (data from Senner et al. 2015)
"622999657",true,2014/02/23,-5.92399999999998,39.065,,301,-124,401.670921,"68",39.065,39.065,"3",-5.924,-5.924,"7","0","3",416,"8","2","0","1",argos-doppler-shift,Limosa limosa,"134755",Aldeboarn,Continental black-tailed godwits (data from Senner et al. 2015)
"622999658",true,2014/02/23,-5.92000000000002,39.065,,300,-139,401.6709221,"0",39.065,39.065,B,-5.92,-5.92,"2","0","3",119,"144","160","1","12",argos-doppler-shift,Limosa limosa,"134755",Aldeboarn,Continental black-tailed godwits (data from Senner et al. 2015)
"622999659",true,2014/02/23,-5.91899999999998,39.065,,299,-127,401.6709239,"58",39.065,39.065,"2",-5.919,-5.919,"4","0","3",177,"139","156","3","24",argos-doppler-shift,Limosa limosa,"134755",Aldeboarn,Continental black-tailed godwits (data from Senner et al. 2015)
"622999660",true,2014/02/23,-5.92200000000003,39.064,,300,-131,401.670922,"0",39.064,39.064,A,-5.922,-5.922,"3","0","3",118,"9","2","0","1",argos-doppler-shift,Limosa limosa,"134755",Aldeboarn,Continental black-tailed godwits (data from Senner et al. 2015)
"622999661",true,2014/02/23,-5.92599999999999,39.059,,299,-130,401.6709301,"58",39.059,39.059,"1",-5.926,-5.926,"5","0","3",226,"116","152","2","39",argos-doppler-shift,Limosa limosa,"134755",Aldeboarn,Continental black-tailed godwits (data from Senner et al. 2015)
"622999662",true,2014/02/25,-5.96600000000001,39.08,,309,-124,401.6709265,"0",39.08,39.08,B,-5.966,-5.966,"2","0","3",178,"151","188","3","49",argos-doppler-shift,Limosa limosa,"134755",Aldeboarn,Continental black-tailed godwits (data from Senner et al. 2015)
"622999663",true,2014/02/25,-5.94999999999999,39.06,,296,-119,401.6709166,"50",39.06,39.06,"3",-5.95,-5.95,"6","1","3",416,"149","184","2","49",argos-doppler-shift,Limosa limosa,"134755",Aldeboarn,Continental black-tailed godwits (data from Senner et al. 2015)
"622999664",true,2014/02/25,-5.95299999999997,39.062,,294,-120,401.6709178,"50",39.062,39.062,"3",-5.953,-5.953,"7","0","3",473,"1","3","0","1",argos-doppler-shift,Limosa limosa,"134755",Aldeboarn,Continental black-tailed godwits (data from Senner et al. 2015)
"622999665",true,2014/02/25,-5.96699999999998,38.946,,279,-135,401.6709527,"47",38.946,38.946,"0",-5.967,-5.967,"4","0","3",451,"128","172","1","2",argos-doppler-shift,Limosa limosa,"134755",Aldeboarn,Continental black-tailed godwits (data from Senner et al. 2015)
"622999666",true,2014/02/25,-5.98099999999999,38.987,,279,-128,401.6709153,"40",38.987,38.987,"0",-5.981,-5.981,"6","0","3",402,"3","3","0","1",argos-doppler-shift,Limosa limosa,"134755",Aldeboarn,Continental black-tailed godwits (data from Senner et al. 2015)
"622999667",true,2014/02/25,-5.93200000000002,39.006,,288,-123,401.6709152,"58",39.006,39.006,"2",-5.932,-5.932,"4","0","3",300,"152","164","3","7",argos-doppler-shift,Limosa limosa,"134755",Aldeboarn,Continental black-tailed godwits (data from Senner et al. 2015)
"622999668",true,2014/02/25,-5.93700000000001,39.009,,287,-122,401.6709162,"58",39.009,39.009,"2",-5.937,-5.937,"5","0","3",302,"154","160","2","22",argos-doppler-shift,Limosa limosa,"134755",Aldeboarn,Continental black-tailed godwits (data from Senner et al. 2015)
"622999669",true,2014/02/25,-5.93400000000003,39.009,,287,-116,401.6709165,"58",39.009,39.009,"3",-5.934,-5.934,"7","4","3",362,"6","3","0","1",argos-doppler-shift,Limosa limosa,"134755",Aldeboarn,Continental black-tailed godwits (data from Senner et al. 2015)
"622999670",true,2014/02/25,-6.00999999999999,38.99,,294,-121,401.6709183,"48",38.99,38.99,"0",-6.01,-6.01,"6","0","3",476,"9","3","0","1",argos-doppler-shift,Limosa limosa,"134755",Aldeboarn,Continental black-tailed godwits (data from Senner et al. 2015)
"622999671",true,2014/02/27,-5.87599999999998,38.995,,280,-126,401.6709612,"0",38.995,38.995,A,-5.876,-5.876,"3","0","3",286,"122","164","2","22",argos-doppler-shift,Limosa limosa,"134755",Aldeboarn,Continental black-tailed godwits (data from Senner et al. 2015)
"622999672",true,2014/02/27,-5.85199999999998,39.085,,315,-127,401.6709131,"40",39.085,39.085,"0",-5.852,-5.852,"6","0","3",465,"1","4","0","1",argos-doppler-shift,Limosa limosa,"134755",Aldeboarn,Continental black-tailed godwits (data from Senner et al. 2015)
"622999673",true,2014/02/27,-5.86099999999999,39.06,,294,-122,401.6709214,"58",39.06,39.06,"2",-5.861,-5.861,"4","0","3",179,"149","156","1","62",argos-doppler-shift,Limosa limosa,"134755",Aldeboarn,Continental black-tailed godwits (data from Senner et al. 2015)
"622999674",true,2014/02/27,-5.85300000000001,39.062,,303,-126,401.6709161,"50",39.062,39.062,"2",-5.853,-5.853,"5","0","3",423,"3","4","0","1",argos-doppler-shift,Limosa limosa,"134755",Aldeboarn,Continental black-tailed godwits (data from Senner et al. 2015)
"622999675",true,2014/02/27,-5.86500000000001,39.071,,330,-124,401.6709071,"8",39.071,39.071,A,-5.865,-5.865,"3","0","3",122,"156","152","2","47",argos-doppler-shift,Limosa limosa,"134755",Aldeboarn,Continental black-tailed godwits (data from Senner et al. 2015)
"622999676",true,2014/02/27,-5.916,39.065,,298,-121,401.6709196,"57",39.065,39.065,"3",-5.916,-5.916,"6","0","3",316,"149","152","1","61",argos-doppler-shift,Limosa limosa,"134755",Aldeboarn,Continental black-tailed godwits (data from Senner et al. 2015)
"622999677",true,2014/02/27,-5.92599999999999,39.07,,303,-127,401.6709146,"8",39.07,39.07,A,-5.926,-5.926,"3","0","3",121,"153","148","3","15",argos-doppler-shift,Limosa limosa,"134755",Aldeboarn,Continental black-tailed godwits (data from Senner et al. 2015)
"622999678",true,2014/02/27,-5.92500000000001,39.07,,303,-130,401.6709132,"0",39.07,39.07,B,-5.925,-5.925,"1","0","3",0,"154","144","1","15",argos-doppler-shift,Limosa limosa,"134755",Aldeboarn,Continental black-tailed godwits (data from Senner et al. 2015)
"622999679",true,2014/02/27,-5.92500000000001,39.068,,302,-127,401.6709163,"50",39.068,39.068,"3",-5.925,-5.925,"5","0","3",366,"154","144","1","17",argos-doppler-shift,Limosa limosa,"134755",Aldeboarn,Continental black-tailed godwits (data from Senner et al. 2015)
"622999680",true,2014/02/27,-5.93799999999999,39.065,,301,-131,401.6709151,"8",39.065,39.065,B,-5.938,-5.938,"2","0","3",121,"150","144","1","18",argos-doppler-shift,Limosa limosa,"134755",Aldeboarn,Continental black-tailed godwits (data from Senner et al. 2015)
"622999681",true,2014/02/27,-5.94799999999998,39.061,,297,-109,401.6709118,"58",39.061,39.061,"1",-5.948,-5.948,"7","5","3",492,"159","144","2","27",argos-doppler-shift,Limosa limosa,"134755",Aldeboarn,Continental black-tailed godwits (data from Senner et al. 2015)
"622999682",true,2014/02/27,-5.93200000000002,39.061,,300,-124,401.6709135,"50",39.061,39.061,"2",-5.932,-5.932,"6","0","3",430,"157","140","3","31",argos-doppler-shift,Limosa limosa,"134755",Aldeboarn,Continental black-tailed godwits (data from Senner et al. 2015)
"622999683",true,2014/02/27,-5.94499999999999,39.06,,298,-136,401.6709223,"7",39.06,39.06,B,-5.945,-5.945,"1","0","3",0,"133","140","2","33",argos-doppler-shift,Limosa limosa,"134755",Aldeboarn,Continental black-tailed godwits (data from Senner et al. 2015)
"622999684",true,2014/02/27,-5.91699999999997,39.078,,305,-128,401.6709101,"58",39.078,39.078,"1",-5.917,-5.917,"5","0","3",304,"151","136","3","35",argos-doppler-shift,Limosa limosa,"134755",Aldeboarn,Continental black-tailed godwits (data from Senner et al. 2015)
"622999685",true,2014/02/27,-5.91899999999998,39.079,,306,-138,401.6709103,"0",39.079,39.079,B,-5.919,-5.919,"1","0","3",0,"150","138","2","37",argos-doppler-shift,Limosa limosa,"134755",Aldeboarn,Continental black-tailed godwits (data from Senner et al. 2015)
"622999686",false,2014/03/02,,,true,0,-133,401.65,"0",,,Z,,,"1","0",,,"144","152","2","4",argos-doppler-shift,Limosa limosa,"134755",Aldeboarn,Continental black-tailed godwits (data from Senner et al. 2015)
"622999687",true,2014/03/02,-5.92500000000001,39.067,,302,-121,401.6709233,"50",39.067,39.067,"2",-5.925,-5.925,"4","0","3",239,"4","5","0","1",argos-doppler-shift,Limosa limosa,"134755",Aldeboarn,Continental black-tailed godwits (data from Senner et al. 2015)
"622999688",true,2014/03/02,-5.91800000000001,39.066,,299,-121,401.6709185,"58",39.066,39.066,"2",-5.918,-5.918,"6","0","3",363,"152","144","2","26",argos-doppler-shift,Limosa limosa,"134755",Aldeboarn,Continental black-tailed godwits (data from Senner et al. 2015)
"622999689",true,2014/03/02,-5.92500000000001,39.07,,303,-137,401.6709168,"50",39.07,39.07,"1",-5.925,-5.925,"5","0","3",244,"154","144","2","27",argos-doppler-shift,Limosa limosa,"134755",Aldeboarn,Continental black-tailed godwits (data from Senner et al. 2015)
"622999690",true,2014/03/02,-5.92500000000001,39.069,,303,-128,401.6709125,"50",39.069,39.069,"1",-5.925,-5.925,"4","0","3",183,"6","5","0","1",argos-doppler-shift,Limosa limosa,"134755",Aldeboarn,Continental black-tailed godwits (data from Senner et al. 2015)
"622999691",true,2014/03/02,-5.92599999999999,39.065,,302,-124,401.670915,"58",39.065,39.065,"3",-5.926,-5.926,"4","0","3",366,"154","140","3","37",argos-doppler-shift,Limosa limosa,"134755",Aldeboarn,Continental black-tailed godwits (data from Senner et al. 2015)
"622999692",true,2014/03/02,-5.92700000000002,39.071,,304,-131,401.6709161,"8",39.071,39.071,B,-5.927,-5.927,"1","0","3",0,"154","140","2","35",argos-doppler-shift,Limosa limosa,"134755",Aldeboarn,Continental black-tailed godwits (data from Senner et al. 2015)
"622999693",true,2014/03/02,-5.92500000000001,39.063,,301,-129,401.6709195,"68",39.063,39.063,"2",-5.925,-5.925,"5","0","3",362,"7","5","0","1",argos-doppler-shift,Limosa limosa,"134755",Aldeboarn,Continental black-tailed godwits (data from Senner et al. 2015)
"622999694",true,2014/03/02,-5.92399999999998,39.066,,301,-123,401.6709203,"50",39.066,39.066,"3",-5.924,-5.924,"8","0","3",481,"7","5","0","1",argos-doppler-shift,Limosa limosa,"134755",Aldeboarn,Continental black-tailed godwits (data from Senner et al. 2015)
"622999695",true,2014/03/02,-5.92500000000001,39.072,,303,-136,401.6709264,"8",39.072,39.072,B,-5.925,-5.925,"1","0","3",0,"9","5","0","1",argos-doppler-shift,Limosa limosa,"134755",Aldeboarn,Continental black-tailed godwits (data from Senner et al. 2015)
"622999696",true,2014/03/02,-5.86200000000002,39.058,,294,-125,401.6709097,"58",39.058,39.058,"3",-5.862,-5.862,"6","0","3",379,"165","112","2","47",argos-doppler-shift,Limosa limosa,"134755",Aldeboarn,Continental black-tailed godwits (data from Senner et al. 2015)
"622999697",true,2014/03/02,-5.863,39.058,,294,-125,401.6709097,"58",39.058,39.058,"3",-5.863,-5.863,"6","0","3",379,"165","112","2","47",argos-doppler-shift,Limosa limosa,"134755",Aldeboarn,Continental black-tailed godwits (data from Senner et al. 2015)
"622999698",true,2014/03/04,-5.935,39.021,,288,-128,401.670913,"50",39.021,39.021,"1",-5.935,-5.935,"4","0","3",179,"154","188","1","60",argos-doppler-shift,Limosa limosa,"134755",Aldeboarn,Continental black-tailed godwits (data from Senner et al. 2015)
"622999699",true,2014/03/04,-5.94499999999999,39.026,,289,-116,401.6709148,"58",39.026,39.026,"3",-5.945,-5.945,"7","3","3",420,"2","6","0","1",argos-doppler-shift,Limosa limosa,"134755",Aldeboarn,Continental black-tailed godwits (data from Senner et al. 2015)
"622999700",true,2014/03/04,-5.892,39.025,,287,-127,401.67093,"7",39.025,39.025,B,-5.892,-5.892,"2","0","3",117,"2","6","0","1",argos-doppler-shift,Limosa limosa,"134755",Aldeboarn,Continental black-tailed godwits (data from Senner et al. 2015)
"622999701",true,2014/03/04,-5.95999999999998,39.012,,292,-122,401.6709147,"50",39.012,39.012,"1",-5.96,-5.96,"5","0","3",291,"150","188","2","33",argos-doppler-shift,Limosa limosa,"134755",Aldeboarn,Continental black-tailed godwits (data from Senner et al. 2015)
"622999702",true,2014/03/04,-5.94200000000001,39.024,,289,-132,401.6709083,"8",39.024,39.024,A,-5.942,-5.942,"3","0","3",494,"171","184","2","45",argos-doppler-shift,Limosa limosa,"134755",Aldeboarn,Continental black-tailed godwits (data from Senner et al. 2015)
"622999703",true,2014/03/04,-5.93200000000002,39.004,,288,-132,401.6709074,"58",39.004,39.004,"2",-5.932,-5.932,"4","0","3",233,"168","188","1","55",argos-doppler-shift,Limosa limosa,"134755",Aldeboarn,Continental black-tailed godwits (data from Senner et al. 2015)
"622999704",true,2014/03/04,-5.96600000000001,39.015,,294,-120,401.6709104,"58",39.015,39.015,"2",-5.966,-5.966,"8","0","3",545,"6","6","0","1",argos-doppler-shift,Limosa limosa,"134755",Aldeboarn,Continental black-tailed godwits (data from Senner et al. 2015)
"622999705",true,2014/03/04,-5.94999999999999,39.023,,290,-119,401.6709132,"58",39.023,39.023,"2",-5.95,-5.95,"6","1","3",301,"156","172","2","1",argos-doppler-shift,Limosa limosa,"134755",Aldeboarn,Continental black-tailed godwits (data from Senner et al. 2015)
"622999706",true,2014/03/04,-5.94900000000001,39.024,,290,-139,401.6709261,"0",39.024,39.024,B,-5.949,-5.949,"1","0","3",0,"127","172","1","4",argos-doppler-shift,Limosa limosa,"134755",Aldeboarn,Continental black-tailed godwits (data from Senner et al. 2015)
"622999707",true,2014/03/04,-5.93900000000002,39.022,,288,-126,401.6709187,"50",39.022,39.022,"2",-5.939,-5.939,"4","0","3",187,"149","172","2","5",argos-doppler-shift,Limosa limosa,"134755",Aldeboarn,Continental black-tailed godwits (data from Senner et al. 2015)
"622999708",true,2014/03/04,-5.93700000000001,39.025,,289,-120,401.6709161,"58",39.025,39.025,"2",-5.937,-5.937,"6","0","3",422,"151","164","3","49",argos-doppler-shift,Limosa limosa,"134755",Aldeboarn,Continental black-tailed godwits (data from Senner et al. 2015)
"622999709",true,2014/03/04,-5.93700000000001,39.025,,289,-136,401.6709201,"0",39.025,39.025,B,-5.937,-5.937,"1","0","3",0,"151","164","2","49",argos-doppler-shift,Limosa limosa,"134755",Aldeboarn,Continental black-tailed godwits (data from Senner et al. 2015)
"622999710",true,2014/03/06,-5.99099999999999,38.999,,286,-128,401.6709119,"40",38.999,38.999,"1",-5.991,-5.991,"4","0","3",348,"1","7","0","1",argos-doppler-shift,Limosa limosa,"134755",Aldeboarn,Continental black-tailed godwits (data from Senner et al. 2015)
"622999711",true,2014/03/06,-5.98500000000001,38.987,,277,-138,401.6709086,"0",38.987,38.987,B,-5.985,-5.985,"2","0","3",57,"163","192","3","27",argos-doppler-shift,Limosa limosa,"134755",Aldeboarn,Continental black-tailed godwits (data from Senner et al. 2015)
"622999712",true,2014/03/06,-5.94999999999999,39.059,,294,-129,401.6709132,"58",39.059,39.059,"1",-5.95,-5.95,"5","0","3",288,"3","7","0","1",argos-doppler-shift,Limosa limosa,"134755",Aldeboarn,Continental black-tailed godwits (data from Senner et al. 2015)
"622999713",true,2014/03/06,-5.94900000000001,39.059,,297,-128,401.6709081,"60",39.059,39.059,"2",-5.949,-5.949,"5","0","3",231,"160","184","3","57",argos-doppler-shift,Limosa limosa,"134755",Aldeboarn,Continental black-tailed godwits (data from Senner et al. 2015)
"622999714",true,2014/03/06,-5.94999999999999,39.06,,296,-117,401.6709073,"60",39.06,39.06,"3",-5.95,-5.95,"5","2","3",289,"161","180","1","61",argos-doppler-shift,Limosa limosa,"134755",Aldeboarn,Continental black-tailed godwits (data from Senner et al. 2015)
"622999715",true,2014/03/06,-5.94600000000003,39.058,,298,-122,401.670912,"58",39.058,39.058,"1",-5.946,-5.946,"4","0","3",230,"156","176","1","3",argos-doppler-shift,Limosa limosa,"134755",Aldeboarn,Continental black-tailed godwits (data from Senner et al. 2015)
"622999716",true,2014/03/06,-5.94799999999998,39.061,,298,-126,401.6709078,"40",39.061,39.061,"0",-5.948,-5.948,"5","0","3",303,"5","7","0","1",argos-doppler-shift,Limosa limosa,"134755",Aldeboarn,Continental black-tailed godwits (data from Senner et al. 2015)
"622999717",true,2014/03/06,-5.94099999999997,39.068,,301,-118,401.6709053,"40",39.068,39.068,"1",-5.941,-5.941,"7","3","3",486,"159","172","3","11",argos-doppler-shift,Limosa limosa,"134755",Aldeboarn,Continental black-tailed godwits (data from Senner et al. 2015)
"622999718",true,2014/03/07,-5.952,39.062,,298,-123,401.6709126,"68",39.062,39.062,"3",-5.952,-5.952,"7","0","3",349,"9","7","0","1",argos-doppler-shift,Limosa limosa,"134755",Aldeboarn,Continental black-tailed godwits (data from Senner et al. 2015)
"622999719",false,2014/03/09,,,true,0,-136,401.65,"0",,,Z,,,"1","0",,,"149","188","1","13",argos-doppler-shift,Limosa limosa,"134755",Aldeboarn,Continental black-tailed godwits (data from Senner et al. 2015)
"622999720",true,2014/03/09,-5.93400000000003,39.056,,295,-128,401.6709158,"60",39.056,39.056,"3",-5.934,-5.934,"5","0","3",238,"151","184","1","15",argos-doppler-shift,Limosa limosa,"134755",Aldeboarn,Continental black-tailed godwits (data from Senner et al. 2015)
"622999721",true,2014/03/09,-5.93099999999998,39.059,,299,-133,401.6709169,"8",39.059,39.059,B,-5.931,-5.931,"1","0","3",0,"151","180","3","21",argos-doppler-shift,Limosa limosa,"134755",Aldeboarn,Continental black-tailed godwits (data from Senner et al. 2015)
"622999722",true,2014/03/09,-5.93400000000003,39.057,,296,-121,401.6709125,"68",39.057,39.057,"1",-5.934,-5.934,"4","0","3",303,"157","176","2","43",argos-doppler-shift,Limosa limosa,"134755",Aldeboarn,Continental black-tailed godwits (data from Senner et al. 2015)
"622999723",true,2014/03/09,-5.95100000000002,39.062,,295,-121,401.6709155,"58",39.062,39.062,"1",-5.951,-5.951,"4","0","3",180,"4","8","0","1",argos-doppler-shift,Limosa limosa,"134755",Aldeboarn,Continental black-tailed godwits (data from Senner et al. 2015)
"622999724",true,2014/03/09,-5.95299999999997,39.061,,295,-121,401.6709141,"8",39.061,39.061,A,-5.953,-5.953,"3","0","3",120,"155","172","3","57",argos-doppler-shift,Limosa limosa,"134755",Aldeboarn,Continental black-tailed godwits (data from Senner et al. 2015)
"622999725",true,2014/03/09,-5.94900000000001,39.054,,297,-120,401.6709236,"60",39.054,39.054,"1",-5.949,-5.949,"4","0","3",231,"131","168","2","62",argos-doppler-shift,Limosa limosa,"134755",Aldeboarn,Continental black-tailed godwits (data from Senner et al. 2015)
"622999726",true,2014/03/09,-5.94799999999998,39.047,,292,-131,401.670908,"8",39.047,39.047,B,-5.948,-5.948,"1","0","3",0,"132","164","1","26",argos-doppler-shift,Limosa limosa,"134755",Aldeboarn,Continental black-tailed godwits (data from Senner et al. 2015)
"622999727",true,2014/03/09,-5.73200000000003,39.036,,304,-116,401.6709121,"48",39.036,39.036,"0",-5.732,-5.732,"6","4","3",401,"8","8","0","1",argos-doppler-shift,Limosa limosa,"134755",Aldeboarn,Continental black-tailed godwits (data from Senner et al. 2015)
"622999728",true,2014/03/09,-5.75599999999997,39.041,,303,-121,401.6709124,"40",39.041,39.041,"0",-5.756,-5.756,"5","0","3",580,"125","164","2","7",argos-doppler-shift,Limosa limosa,"134755",Aldeboarn,Continental black-tailed godwits (data from Senner et al. 2015)
"622999729",true,2014/03/09,-5.68200000000002,39.06,,318,-122,401.6709208,"48",39.06,39.06,"0",-5.682,-5.682,"4","0","3",283,"9","8","0","1",argos-doppler-shift,Limosa limosa,"134755",Aldeboarn,Continental black-tailed godwits (data from Senner et al. 2015)
"622999730",true,2014/03/09,-5.65800000000002,39.071,,317,-125,401.6709216,"8",39.071,39.071,B,-5.658,-5.658,"2","0","3",234,"166","168","2","47",argos-doppler-shift,Limosa limosa,"134755",Aldeboarn,Continental black-tailed godwits (data from Senner et al. 2015)
"622999731",true,2014/03/09,-5.70299999999997,39.069,,335,-132,401.6709088,"0",39.069,39.069,B,-5.703,-5.703,"2","0","3",59,"165","168","2","48",argos-doppler-shift,Limosa limosa,"134755",Aldeboarn,Continental black-tailed godwits (data from Senner et al. 2015)
"622999732",true,2014/03/11,-6.012,38.965,,281,-128,401.6709081,"50",38.965,38.965,"1",-6.012,-6.012,"6","0","3",346,"1","9","0","1",argos-doppler-shift,Limosa limosa,"134755",Aldeboarn,Continental black-tailed godwits (data from Senner et al. 2015)
"622999733",true,2014/03/11,-5.98700000000002,38.969,,275,-121,401.6709165,"8",38.969,38.969,B,-5.987,-5.987,"1","0","3",0,"174","200","3","62",argos-doppler-shift,Limosa limosa,"134755",Aldeboarn,Continental black-tailed godwits (data from Senner et al. 2015)
"622999734",true,2014/03/11,-6,38.967,,272,-131,401.6709128,"0",38.967,38.967,B,-6,-6,"1","0","3",0,"2","9","0","1",argos-doppler-shift,Limosa limosa,"134755",Aldeboarn,Continental black-tailed godwits (data from Senner et al. 2015)
"622999735",true,2014/03/11,-6.012,38.97,,273,-125,401.670905,"58",38.97,38.97,"2",-6.012,-6.012,"4","0","3",416,"176","192","2","38",argos-doppler-shift,Limosa limosa,"134755",Aldeboarn,Continental black-tailed godwits (data from Senner et al. 2015)
"622999736",true,2014/03/11,-5.98599999999999,38.988,,278,-122,401.6709061,"58",38.988,38.988,"1",-5.986,-5.986,"7","0","3",474,"173","200","2","23",argos-doppler-shift,Limosa limosa,"134755",Aldeboarn,Continental black-tailed godwits (data from Senner et al. 2015)
"622999737",true,2014/03/11,-5.98000000000002,38.987,,280,-121,401.670913,"50",38.987,38.987,"3",-5.98,-5.98,"4","0","3",171,"157","200","3","35",argos-doppler-shift,Limosa limosa,"134755",Aldeboarn,Continental black-tailed godwits (data from Senner et al. 2015)
"622999738",true,2014/03/11,-5.96699999999998,38.995,,287,-138,401.6709025,"8",38.995,38.995,B,-5.967,-5.967,"1","0","3",0,"5","9","0","1",argos-doppler-shift,Limosa limosa,"134755",Aldeboarn,Continental black-tailed godwits (data from Senner et al. 2015)
"622999739",true,2014/03/11,-5.96800000000002,38.983,,296,-131,401.6709129,"50",38.983,38.983,"2",-5.968,-5.968,"4","0","3",407,"167","192","3","19",argos-doppler-shift,Limosa limosa,"134755",Aldeboarn,Continental black-tailed godwits (data from Senner et al. 2015)
"622999740",true,2014/03/11,-6.02199999999999,38.995,,279,-117,401.6709157,"58",38.995,38.995,"2",-6.022,-6.022,"5","3","3",299,"9","9","0","1",argos-doppler-shift,Limosa limosa,"134755",Aldeboarn,Continental black-tailed godwits (data from Senner et al. 2015)
"622999741",true,2014/03/11,-6.02199999999999,38.995,,278,-117,401.6709141,"58",38.995,38.995,"2",-6.022,-6.022,"4","3","3",239,"153","184","2","42",argos-doppler-shift,Limosa limosa,"134755",Aldeboarn,Continental black-tailed godwits (data from Senner et al. 2015)
"622999742",true,2014/03/11,-5.93700000000001,39.057,,295,-117,401.670911,"58",39.057,39.057,"2",-5.937,-5.937,"5","2","3",305,"10","9","0","1",argos-doppler-shift,Limosa limosa,"134755",Aldeboarn,Continental black-tailed godwits (data from Senner et al. 2015)
"622999743",true,2014/03/11,-5.93700000000001,39.058,,296,-140,401.670913,"0",39.058,39.058,B,-5.937,-5.937,"1","0","3",0,"158","172","1","60",argos-doppler-shift,Limosa limosa,"134755",Aldeboarn,Continental black-tailed godwits (data from Senner et al. 2015)
"622999744",true,2014/03/11,-6,39.051,,297,-124,401.6709176,"0",39.051,39.051,B,-6,-6,"2","0","3",61,"157","172","3","62",argos-doppler-shift,Limosa limosa,"134755",Aldeboarn,Continental black-tailed godwits (data from Senner et al. 2015)
"622999745",false,2014/03/13,-6.13900000000001,39.027,true,358,-126,401.6709206,"0",39.027,39.027,A,-6.139,-6.139,"3","0","3",174,"1","10","0","1",argos-doppler-shift,Limosa limosa,"134755",Aldeboarn,Continental black-tailed godwits (data from Senner et al. 2015)
"622999746",false,2014/03/13,-5.82400000000001,39.225,true,458,-121,401.6708705,"0",39.225,39.225,B,-5.824,-5.824,"2","0","3",116,"115","192","2","14",argos-doppler-shift,Limosa limosa,"134755",Aldeboarn,Continental black-tailed godwits (data from Senner et al. 2015)
"622999747",true,2014/03/13,-5.76299999999998,39.092,,307,-124,401.6709239,"55",39.092,39.092,"2",-5.763,-5.763,"4","0","3",230,"135","188","3","32",argos-doppler-shift,Limosa limosa,"134755",Aldeboarn,Continental black-tailed godwits (data from Senner et al. 2015)
"622999748",true,2014/03/13,-5.75599999999997,39.076,,308,-136,401.6709318,"0",39.076,39.076,B,-5.756,-5.756,"1","0","3",0,"141","28","1","57",argos-doppler-shift,Limosa limosa,"134755",Aldeboarn,Continental black-tailed godwits (data from Senner et al. 2015)
"622999749",true,2014/03/13,-5.726,39.098,,320,-113,401.6709269,"48",39.098,39.098,"1",-5.726,-5.726,"7","4","3",396,"3","10","0","1",argos-doppler-shift,Limosa limosa,"134755",Aldeboarn,Continental black-tailed godwits (data from Senner et al. 2015)
"622999750",true,2014/03/13,-5.74400000000003,39.089,,312,-128,401.6709272,"8",39.089,39.089,A,-5.744,-5.744,"3","0","3",117,"204","180","3","14",argos-doppler-shift,Limosa limosa,"134755",Aldeboarn,Continental black-tailed godwits (data from Senner et al. 2015)
"622999751",true,2014/03/14,-5.75599999999997,39.091,,310,-121,401.6709247,"58",39.091,39.091,"2",-5.756,-5.756,"6","0","3",410,"8","10","0","1",argos-doppler-shift,Limosa limosa,"134755",Aldeboarn,Continental black-tailed godwits (data from Senner et al. 2015)
"622999752",true,2014/03/14,-5.75599999999997,39.09,,309,-125,401.6709288,"68",39.09,39.09,"3",-5.756,-5.756,"7","0","3",347,"129","156","2","29",argos-doppler-shift,Limosa limosa,"134755",Aldeboarn,Continental black-tailed godwits (data from Senner et al. 2015)
"622999753",true,2014/03/14,-5.75599999999997,39.091,,310,-133,401.6709292,"0",39.091,39.091,A,-5.756,-5.756,"3","0","3",290,"129","156","1","33",argos-doppler-shift,Limosa limosa,"134755",Aldeboarn,Continental black-tailed godwits (data from Senner et al. 2015)
"622999754",true,2014/03/16,-5.75599999999997,39.092,,310,-133,401.670934,"60",39.092,39.092,"2",-5.756,-5.756,"5","0","3",292,"117","196","1","59",argos-doppler-shift,Limosa limosa,"134755",Aldeboarn,Continental black-tailed godwits (data from Senner et al. 2015)
"622999755",true,2014/03/16,-5.75599999999997,39.092,,310,-133,401.670934,"60",39.092,39.092,"3",-5.756,-5.756,"5","0","3",292,"117","196","1","59",argos-doppler-shift,Limosa limosa,"134755",Aldeboarn,Continental black-tailed godwits (data from Senner et al. 2015)
"622999756",true,2014/03/16,-5.75700000000001,39.092,,310,-129,401.6709349,"50",39.092,39.092,"2",-5.757,-5.757,"4","0","3",294,"117","196","2","0",argos-doppler-shift,Limosa limosa,"134755",Aldeboarn,Continental black-tailed godwits (data from Senner et al. 2015)
"622999757",true,2014/03/16,-5.75700000000001,39.092,,310,-129,401.6709349,"50",39.092,39.092,"2",-5.757,-5.757,"4","0","3",294,"117","196","2","0",argos-doppler-shift,Limosa limosa,"134755",Aldeboarn,Continental black-tailed godwits (data from Senner et al. 2015)
"622999758",true,2014/03/16,-5.755,39.09,,310,-132,401.6709324,"58",39.09,39.09,"2",-5.755,-5.755,"4","0","3",296,"122","188","2","22",argos-doppler-shift,Limosa limosa,"134755",Aldeboarn,Continental black-tailed godwits (data from Senner et al. 2015)
"622999759",true,2014/03/16,-5.75599999999997,39.089,,309,-121,401.6709324,"68",39.089,39.089,"3",-5.756,-5.756,"4","0","3",355,"2","11","0","1",argos-doppler-shift,Limosa limosa,"134755",Aldeboarn,Continental black-tailed godwits (data from Senner et al. 2015)
"622999760",true,2014/03/16,-5.75799999999998,39.09,,309,-120,401.6709314,"50",39.09,39.09,"3",-5.758,-5.758,"5","0","3",237,"122","184","1","50",argos-doppler-shift,Limosa limosa,"134755",Aldeboarn,Continental black-tailed godwits (data from Senner et al. 2015)
"622999761",true,2014/03/16,-5.75799999999998,39.09,,308,-120,401.6709314,"50",39.09,39.09,"3",-5.758,-5.758,"5","0","3",237,"122","184","1","50",argos-doppler-shift,Limosa limosa,"134755",Aldeboarn,Continental black-tailed godwits (data from Senner et al. 2015)
"622999762",true,2014/03/16,-5.75700000000001,39.088,,308,-129,401.6709277,"8",39.088,39.088,B,-5.757,-5.757,"2","0","3",60,"133","180","3","1",argos-doppler-shift,Limosa limosa,"134755",Aldeboarn,Continental black-tailed godwits (data from Senner et al. 2015)
"622999763",true,2014/03/16,-5.75200000000001,39.088,,310,-136,401.6709183,"8",39.088,39.088,B,-5.752,-5.752,"2","0","3",60,"154","176","2","3",argos-doppler-shift,Limosa limosa,"134755",Aldeboarn,Continental black-tailed godwits (data from Senner et al. 2015)
"622999764",true,2014/03/16,-5.75099999999998,39.088,,310,-136,401.6709183,"8",39.088,39.088,B,-5.751,-5.751,"2","0","3",60,"154","176","2","3",argos-doppler-shift,Limosa limosa,"134755",Aldeboarn,Continental black-tailed godwits (data from Senner et al. 2015)
"622999765",false,2014/03/16,-5.60700000000003,38.995,true,308,-129,401.6709478,"40",38.995,38.995,"0",-5.607,-5.607,"4","0","3",567,"119","176","2","12",argos-doppler-shift,Limosa limosa,"134755",Aldeboarn,Continental black-tailed godwits (data from Senner et al. 2015)
"622999766",true,2014/03/16,-5.60599999999999,39.116,,351,-122,401.670936,"8",39.116,39.116,A,-5.606,-5.606,"3","0","3",173,"159","192","2","57",argos-doppler-shift,Limosa limosa,"134755",Aldeboarn,Continental black-tailed godwits (data from Senner et al. 2015)
"622999767",true,2014/03/16,-5.60599999999999,39.117,,351,-122,401.670936,"8",39.117,39.117,A,-5.606,-5.606,"3","0","3",173,"159","192","2","57",argos-doppler-shift,Limosa limosa,"134755",Aldeboarn,Continental black-tailed godwits (data from Senner et al. 2015)
"622999768",true,2014/03/16,-5.601,39.068,,339,-121,401.6709081,"58",39.068,39.068,"2",-5.601,-5.601,"5","0","3",413,"7","11","0","1",argos-doppler-shift,Limosa limosa,"134755",Aldeboarn,Continental black-tailed godwits (data from Senner et al. 2015)
"622999769",true,2014/03/16,-5.601,39.068,,339,-121,401.6709081,"58",39.068,39.068,"2",-5.601,-5.601,"5","0","3",413,"7","11","0","1",argos-doppler-shift,Limosa limosa,"134755",Aldeboarn,Continental black-tailed godwits (data from Senner et al. 2015)
"622999770",true,2014/03/16,-5.61200000000002,39.07,,333,-121,401.6709078,"40",39.07,39.07,"1",-5.612,-5.612,"7","0","3",414,"163","192","2","11",argos-doppler-shift,Limosa limosa,"134755",Aldeboarn,Continental black-tailed godwits (data from Senner et al. 2015)
"622999771",true,2014/03/16,-5.61399999999998,39.07,,332,-121,401.6709078,"40",39.07,39.07,"1",-5.614,-5.614,"7","0","3",414,"163","192","2","11",argos-doppler-shift,Limosa limosa,"134755",Aldeboarn,Continental black-tailed godwits (data from Senner et al. 2015)
"622999772",true,2014/03/16,-5.59699999999998,39.063,,349,-115,401.6709047,"58",39.063,39.063,"2",-5.597,-5.597,"5","4","3",236,"8","11","0","1",argos-doppler-shift,Limosa limosa,"134755",Aldeboarn,Continental black-tailed godwits (data from Senner et al. 2015)
"622999773",true,2014/03/16,-5.59699999999998,39.063,,349,-115,401.6709048,"58",39.063,39.063,"2",-5.597,-5.597,"5","4","3",236,"8","11","0","1",argos-doppler-shift,Limosa limosa,"134755",Aldeboarn,Continental black-tailed godwits (data from Senner et al. 2015)
"622999774",true,2014/03/16,-5.63499999999999,39.039,,365,-133,401.6708968,"8",39.039,39.039,B,-5.635,-5.635,"2","0","3",63,"178","188","1","28",argos-doppler-shift,Limosa limosa,"134755",Aldeboarn,Continental black-tailed godwits (data from Senner et al. 2015)
"622999775",true,2014/03/16,-5.63400000000001,39.039,,366,-133,401.6708966,"8",39.039,39.039,B,-5.634,-5.634,"2","0","3",63,"178","188","1","28",argos-doppler-shift,Limosa limosa,"134755",Aldeboarn,Continental black-tailed godwits (data from Senner et al. 2015)
"622999776",false,2014/03/18,,,true,0,-132,401.65,"0",,,Z,,,"1","0",,,"162","188","2","1",argos-doppler-shift,Limosa limosa,"134755",Aldeboarn,Continental black-tailed godwits (data from Senner et al. 2015)
"622999777",false,2014/03/18,,,true,0,-130,401.65,"0",,,Z,,,"1","0",,,"146","188","3","8",argos-doppler-shift,Limosa limosa,"134755",Aldeboarn,Continental black-tailed godwits (data from Senner et al. 2015)
"622999778",true,2014/03/18,-1.25799999999998,46.408,,51,-129,401.6709113,"60",46.408,54.156,A,-1.258,39.376,"3","0","3",183,"158","160","1","18",argos-doppler-shift,Limosa limosa,"134755",Aldeboarn,Continental black-tailed godwits (data from Senner et al. 2015)
"622999779",true,2014/03/18,-1.25400000000002,46.4,,51,-125,401.6709113,"50",46.4,46.4,"3",-1.254,-1.254,"4","0","3",367,"159","156","1","24",argos-doppler-shift,Limosa limosa,"134755",Aldeboarn,Continental black-tailed godwits (data from Senner et al. 2015)
"622999780",true,2014/03/18,-1.25099999999998,46.399,,51,-132,401.6709125,"60",46.399,46.399,"3",-1.251,-1.251,"5","0","3",246,"9","12","0","1",argos-doppler-shift,Limosa limosa,"134755",Aldeboarn,Continental black-tailed godwits (data from Senner et al. 2015)
"622999781",true,2014/03/18,-1.255,46.406,,52,-132,401.6709182,"8",46.406,46.406,B,-1.255,-1.255,"1","0","3",0,"129","152","2","44",argos-doppler-shift,Limosa limosa,"134755",Aldeboarn,Continental black-tailed godwits (data from Senner et al. 2015)
"622999782",true,2014/03/18,-1.255,46.399,,51,-117,401.6709219,"50",46.399,46.399,"2",-1.255,-1.255,"5","3","3",416,"143","152","1","52",argos-doppler-shift,Limosa limosa,"134755",Aldeboarn,Continental black-tailed godwits (data from Senner et al. 2015)
"622999783",true,2014/03/20,-1.24299999999999,46.4,,51,-125,401.6709193,"0",46.4,46.4,B,-1.243,-1.243,"2","0","3",59,"152","200","2","53",argos-doppler-shift,Limosa limosa,"134755",Aldeboarn,Continental black-tailed godwits (data from Senner et al. 2015)
"622999784",true,2014/03/20,-1.24400000000003,46.4,,51,-136,401.6709212,"50",46.4,46.4,"2",-1.244,-1.244,"4","0","3",177,"152","200","3","53",argos-doppler-shift,Limosa limosa,"134755",Aldeboarn,Continental black-tailed godwits (data from Senner et al. 2015)
"622999785",true,2014/03/20,-1.24299999999999,46.399,,51,-122,401.6709185,"0",46.399,46.399,B,-1.243,-1.243,"1","0","3",0,"152","200","2","53",argos-doppler-shift,Limosa limosa,"134755",Aldeboarn,Continental black-tailed godwits (data from Senner et al. 2015)
"622999786",true,2014/03/20,-1.24700000000001,46.398,,51,-122,401.6709198,"0",46.398,46.398,B,-1.247,-1.247,"1","0","3",0,"152","200","2","53",argos-doppler-shift,Limosa limosa,"134755",Aldeboarn,Continental black-tailed godwits (data from Senner et al. 2015)
"622999787",true,2014/03/20,-1.24299999999999,46.403,,51,-128,401.670916,"58",46.403,46.403,"1",-1.243,-1.243,"4","0","3",177,"148","188","3","59",argos-doppler-shift,Limosa limosa,"134755",Aldeboarn,Continental black-tailed godwits (data from Senner et al. 2015)
"622999788",true,2014/03/20,-1.24400000000003,46.405,,51,-128,401.6709162,"58",46.405,46.405,"1",-1.244,-1.244,"4","0","3",177,"148","188","3","59",argos-doppler-shift,Limosa limosa,"134755",Aldeboarn,Continental black-tailed godwits (data from Senner et al. 2015)
"622999789",true,2014/03/20,-1.25400000000002,46.405,,52,-128,401.6709141,"50",46.405,46.405,"2",-1.254,-1.254,"4","0","3",296,"2","13","0","1",argos-doppler-shift,Limosa limosa,"134755",Aldeboarn,Continental black-tailed godwits (data from Senner et al. 2015)
"622999790",true,2014/03/20,-1.255,46.407,,52,-128,401.6709141,"50",46.407,46.407,"2",-1.255,-1.255,"4","0","3",296,"2","13","0","1",argos-doppler-shift,Limosa limosa,"134755",Aldeboarn,Continental black-tailed godwits (data from Senner et al. 2015)
"622999791",true,2014/03/21,-1.25,46.397,,51,-131,401.6709212,"8",46.397,46.397,B,-1.25,-1.25,"2","0","3",59,"5","13","0","1",argos-doppler-shift,Limosa limosa,"134755",Aldeboarn,Continental black-tailed godwits (data from Senner et al. 2015)
"622999792",true,2014/03/21,-1.24900000000002,46.399,,51,-131,401.6709214,"8",46.399,46.399,B,-1.249,-1.249,"2","0","3",59,"5","13","0","1",argos-doppler-shift,Limosa limosa,"134755",Aldeboarn,Continental black-tailed godwits (data from Senner et al. 2015)
"622999793",true,2014/03/21,-1.24700000000001,46.396,,51,-121,401.6709283,"68",46.396,46.396,"3",-1.247,-1.247,"6","0","3",484,"130","164","1","2",argos-doppler-shift,Limosa limosa,"134755",Aldeboarn,Continental black-tailed godwits (data from Senner et al. 2015)
"622999794",true,2014/03/21,-1.25,46.396,,51,-122,401.6709275,"58",46.396,46.396,"3",-1.25,-1.25,"7","0","3",407,"8","13","0","1",argos-doppler-shift,Limosa limosa,"134755",Aldeboarn,Continental black-tailed godwits (data from Senner et al. 2015)
"622999795",true,2014/03/21,-1.24900000000002,46.396,,51,-122,401.6709275,"58",46.396,46.396,"3",-1.249,-1.249,"7","0","3",407,"8","13","0","1",argos-doppler-shift,Limosa limosa,"134755",Aldeboarn,Continental black-tailed godwits (data from Senner et al. 2015)
"622999796",true,2014/03/21,-1.24900000000002,46.397,,51,-140,401.6709254,"0",46.397,46.397,B,-1.249,-1.249,"1","0","3",0,"134","156","3","51",argos-doppler-shift,Limosa limosa,"134755",Aldeboarn,Continental black-tailed godwits (data from Senner et al. 2015)
"622999797",true,2014/03/21,-1.24599999999998,46.399,,51,-123,401.6709247,"50",46.399,46.399,"3",-1.246,-1.246,"5","0","3",234,"136","156","2","59",argos-doppler-shift,Limosa limosa,"134755",Aldeboarn,Continental black-tailed godwits (data from Senner et al. 2015)
"622999798",true,2014/03/21,-1.24599999999998,46.399,,51,-123,401.6709248,"50",46.399,46.399,"3",-1.246,-1.246,"5","0","3",234,"136","156","2","59",argos-doppler-shift,Limosa limosa,"134755",Aldeboarn,Continental black-tailed godwits (data from Senner et al. 2015)
"622999799",true,2014/03/21,-1.238,46.394,,51,-119,401.6709266,"58",46.394,46.394,"3",-1.238,-1.238,"7","1","3",410,"135","152","3","29",argos-doppler-shift,Limosa limosa,"134755",Aldeboarn,Continental black-tailed godwits (data from Senner et al. 2015)
"622999800",true,2014/03/21,-1.24700000000001,46.398,,51,-126,401.6709267,"8",46.398,46.398,B,-1.247,-1.247,"1","0","3",0,"136","152","3","27",argos-doppler-shift,Limosa limosa,"134755",Aldeboarn,Continental black-tailed godwits (data from Senner et al. 2015)
"622999801",true,2014/03/21,-1.25,46.397,,51,-128,401.670927,"50",46.397,46.397,"3",-1.25,-1.25,"8","0","3",410,"10","13","0","1",argos-doppler-shift,Limosa limosa,"134755",Aldeboarn,Continental black-tailed godwits (data from Senner et al. 2015)
"622999802",true,2014/03/21,-1.25,46.397,,51,-128,401.6709269,"50",46.397,46.397,"3",-1.25,-1.25,"8","0","3",410,"10","13","0","1",argos-doppler-shift,Limosa limosa,"134755",Aldeboarn,Continental black-tailed godwits (data from Senner et al. 2015)
"622999803",true,2014/03/21,-1.24900000000002,46.398,,51,-123,401.6709301,"60",46.398,46.398,"3",-1.249,-1.249,"5","0","3",346,"10","13","0","1",argos-doppler-shift,Limosa limosa,"134755",Aldeboarn,Continental black-tailed godwits (data from Senner et al. 2015)
"622999804",true,2014/03/23,-1.20800000000003,46.43,,50,-125,401.6709287,"50",46.43,46.43,"3",-1.208,-1.208,"5","0","3",285,"1","14","0","1",argos-doppler-shift,Limosa limosa,"134755",Aldeboarn,Continental black-tailed godwits (data from Senner et al. 2015)
"622999805",true,2014/03/23,-1.20800000000003,46.43,,50,-120,401.6709294,"50",46.43,46.43,"3",-1.208,-1.208,"6","0","3",400,"1","14","0","1",argos-doppler-shift,Limosa limosa,"134755",Aldeboarn,Continental black-tailed godwits (data from Senner et al. 2015)
"622999806",true,2014/03/23,-1.20999999999998,46.431,,51,-124,401.6709263,"50",46.431,46.431,"3",-1.21,-1.21,"5","0","3",406,"140","192","3","53",argos-doppler-shift,Limosa limosa,"134755",Aldeboarn,Continental black-tailed godwits (data from Senner et al. 2015)
"622999807",true,2014/03/23,-1.24400000000003,46.396,,51,-125,401.6709223,"58",46.396,46.396,"2",-1.244,-1.244,"4","0","3",177,"2","14","0","1",argos-doppler-shift,Limosa limosa,"134755",Aldeboarn,Continental black-tailed godwits (data from Senner et al. 2015)
"622999808",true,2014/03/23,-1.22899999999998,46.388,,52,-138,401.6709279,"0",46.388,46.388,B,-1.229,-1.229,"2","0","3",58,"140","188","2","6",argos-doppler-shift,Limosa limosa,"134755",Aldeboarn,Continental black-tailed godwits (data from Senner et al. 2015)
"622999809",true,2014/03/23,-1.23899999999998,46.472,,58,-127,401.6709607,"7",46.472,46.472,A,-1.239,-1.239,"3","0","3",271,"4","14","0","1",argos-doppler-shift,Limosa limosa,"134755",Aldeboarn,Continental black-tailed godwits (data from Senner et al. 2015)
"622999810",true,2014/03/23,-1.22300000000001,46.486,,72,-129,401.6709696,"7",46.486,46.486,B,-1.223,-1.223,"2","0","3",52,"103","192","2","29",argos-doppler-shift,Limosa limosa,"134755",Aldeboarn,Continental black-tailed godwits (data from Senner et al. 2015)
"622999811",true,2014/03/23,-1.19099999999997,46.447,,51,-113,401.6709142,"58",46.447,46.447,"2",-1.191,-1.191,"9","4","3",540,"6","14","0","1",argos-doppler-shift,Limosa limosa,"134755",Aldeboarn,Continental black-tailed godwits (data from Senner et al. 2015)
"622999812",true,2014/03/23,-1.149,46.438,,52,-121,401.6709128,"50",46.438,46.438,"2",-1.149,-1.149,"8","0","3",485,"6","14","0","1",argos-doppler-shift,Limosa limosa,"134755",Aldeboarn,Continental black-tailed godwits (data from Senner et al. 2015)
"622999813",true,2014/03/23,-1.161,46.44,,52,-129,401.6709099,"58",46.44,46.44,"2",-1.161,-1.161,"5","0","3",359,"7","14","0","1",argos-doppler-shift,Limosa limosa,"134755",Aldeboarn,Continental black-tailed godwits (data from Senner et al. 2015)
"622999814",true,2014/03/23,-1.12400000000002,46.446,,51,-125,401.6709154,"57",46.446,46.446,"1",-1.124,-1.124,"5","0","3",240,"181","188","2","51",argos-doppler-shift,Limosa limosa,"134755",Aldeboarn,Continental black-tailed godwits (data from Senner et al. 2015)
"622999815",true,2014/03/23,-1.12099999999998,46.442,,51,-134,401.6709156,"0",46.442,46.442,B,-1.121,-1.121,"2","0","3",59,"173","184","2","62",argos-doppler-shift,Limosa limosa,"134755",Aldeboarn,Continental black-tailed godwits (data from Senner et al. 2015)
"622999816",true,2014/03/23,-1.17099999999999,46.436,,52,-123,401.6709095,"50",46.436,46.436,"2",-1.171,-1.171,"6","0","3",355,"8","14","0","1",argos-doppler-shift,Limosa limosa,"134755",Aldeboarn,Continental black-tailed godwits (data from Senner et al. 2015)
"622999817",true,2014/03/23,-1.166,46.44,,52,-130,401.6709079,"58",46.44,46.44,"2",-1.166,-1.166,"4","0","3",312,"9","14","0","1",argos-doppler-shift,Limosa limosa,"134755",Aldeboarn,Continental black-tailed godwits (data from Senner et al. 2015)
"622999818",true,2014/03/23,-1.16300000000001,46.44,,52,-127,401.670908,"50",46.44,46.44,"3",-1.163,-1.163,"8","0","3",597,"10","14","0","1",argos-doppler-shift,Limosa limosa,"134755",Aldeboarn,Continental black-tailed godwits (data from Senner et al. 2015)
"622999819",true,2014/03/25,-1.233,46.4,,51,-121,401.6709216,"0",46.4,46.4,A,-1.233,-1.233,"3","0","3",234,"145","192","1","11",argos-doppler-shift,Limosa limosa,"134755",Aldeboarn,Continental black-tailed godwits (data from Senner et al. 2015)
"622999820",true,2014/03/25,-1.19799999999998,46.42,,51,-133,401.6709177,"8",46.42,46.42,B,-1.198,-1.198,"2","0","3",59,"5","15","0","1",argos-doppler-shift,Limosa limosa,"134755",Aldeboarn,Continental black-tailed godwits (data from Senner et al. 2015)
"622999821",true,2014/03/25,-1.20600000000002,46.434,,50,-122,401.6709306,"57",46.434,46.434,"3",-1.206,-1.206,"7","0","3",403,"6","15","0","1",argos-doppler-shift,Limosa limosa,"134755",Aldeboarn,Continental black-tailed godwits (data from Senner et al. 2015)
"622999822",true,2014/03/25,-1.19600000000003,46.437,,50,-127,401.6709245,"8",46.437,46.437,B,-1.196,-1.196,"1","0","3",0,"140","164","3","61",argos-doppler-shift,Limosa limosa,"134755",Aldeboarn,Continental black-tailed godwits (data from Senner et al. 2015)
"622999823",true,2014/03/25,-1.19299999999998,46.451,,52,-126,401.6709192,"8",46.451,46.451,A,-1.193,-1.193,"3","0","3",117,"134","160","3","11",argos-doppler-shift,Limosa limosa,"134755",Aldeboarn,Continental black-tailed godwits (data from Senner et al. 2015)
"622999824",true,2014/03/25,-1.20499999999998,46.433,,50,-124,401.6709287,"58",46.433,46.433,"3",-1.205,-1.205,"5","0","3",290,"131","160","1","18",argos-doppler-shift,Limosa limosa,"134755",Aldeboarn,Continental black-tailed godwits (data from Senner et al. 2015)
"622999825",true,2014/03/25,-1.20400000000001,46.437,,50,-114,401.6709274,"58",46.437,46.437,"3",-1.204,-1.204,"6","2","3",349,"8","15","0","1",argos-doppler-shift,Limosa limosa,"134755",Aldeboarn,Continental black-tailed godwits (data from Senner et al. 2015)
"622999826",true,2014/03/25,-1.21100000000001,46.431,,51,-125,401.6709271,"58",46.431,46.431,"3",-1.211,-1.211,"6","0","3",467,"136","156","1","43",argos-doppler-shift,Limosa limosa,"134755",Aldeboarn,Continental black-tailed godwits (data from Senner et al. 2015)
"622999827",true,2014/03/25,-1.21300000000002,46.432,,51,-127,401.6709264,"0",46.432,46.432,A,-1.213,-1.213,"3","0","3",175,"9","15","0","1",argos-doppler-shift,Limosa limosa,"134755",Aldeboarn,Continental black-tailed godwits (data from Senner et al. 2015)
"622999828",true,2014/03/25,-1.209,46.419,,51,-130,401.6709346,"8",46.419,46.419,A,-1.209,-1.209,"3","0","3",117,"134","152","1","27",argos-doppler-shift,Limosa limosa,"134755",Aldeboarn,Continental black-tailed godwits (data from Senner et al. 2015)
"622999829",false,2014/03/27,,,true,0,-122,401.65,"0",,,Z,,,"1","0",,,"96","196","3","63",argos-doppler-shift,Limosa limosa,"134755",Aldeboarn,Continental black-tailed godwits (data from Senner et al. 2015)
"622999830",false,2014/03/27,,,true,0,,401.65,"0",,,Z,,,"4",,,391,"88","188","1","22",argos-doppler-shift,Limosa limosa,"134755",Aldeboarn,Continental black-tailed godwits (data from Senner et al. 2015)
"622999831",true,2014/03/27,-0.620000000000005,47.928,,158,-132,401.6709319,"40",47.928,47.928,"0",-0.62,-0.62,"5","0","3",237,"2","16","0","1",argos-doppler-shift,Limosa limosa,"134755",Aldeboarn,Continental black-tailed godwits (data from Senner et al. 2015)
"622999832",false,2014/03/27,-0.920000000000016,47.934,true,121,-133,401.6710152,"4",47.934,47.934,B,-0.92,-0.92,"2","0","3",356,"95","184","2","41",argos-doppler-shift,Limosa limosa,"134755",Aldeboarn,Continental black-tailed godwits (data from Senner et al. 2015)
"622999833",true,2014/03/27,-0.896999999999991,48.172,,205,-124,401.6709257,"40",48.172,48.172,"0",-0.897,-0.897,"7","0","3",534,"94","180","2","46",argos-doppler-shift,Limosa limosa,"134755",Aldeboarn,Continental black-tailed godwits (data from Senner et al. 2015)
"622999834",false,2014/03/27,,,true,0,,401.65,"0",,,Z,,,"4",,,237,"59","44","1","15",argos-doppler-shift,Limosa limosa,"134755",Aldeboarn,Continental black-tailed godwits (data from Senner et al. 2015)
"622999835",true,2014/03/28,-0.0790000000000077,49.341,,0,-127,401.6709481,"8",49.341,49.341,A,-0.079,-0.079,"3","0","3",420,"5","144","0","53",argos-doppler-shift,Limosa limosa,"134755",Aldeboarn,Continental black-tailed godwits (data from Senner et al. 2015)
"622999836",false,2014/03/28,-0.0199999999999818,49.507,true,0,-133,401.6708256,"8",49.507,49.507,B,-0.02,-0.02,"1","0","3",0,"104","160","1","47",argos-doppler-shift,Limosa limosa,"134755",Aldeboarn,Continental black-tailed godwits (data from Senner et al. 2015)
"622999837",true,2014/03/28,0.535,49.536,,158,-129,401.6708626,"0",49.536,49.536,B,0.535,0.535,"2","0","3",522,"7","16","0","10",argos-doppler-shift,Limosa limosa,"134755",Aldeboarn,Continental black-tailed godwits (data from Senner et al. 2015)
"622999838",true,2014/03/28,0.542,49.556,,183,-129,401.6708684,"8",49.556,49.556,B,0.542,0.542,"2","0","3",522,"7","16","0","10",argos-doppler-shift,Limosa limosa,"134755",Aldeboarn,Continental black-tailed godwits (data from Senner et al. 2015)
"622999839",false,2014/03/28,0.654,50.319,true,0,-122,401.6709362,"46",50.319,50.319,"0",0.654,0.654,"5","0","3",412,"8","16","0","1",argos-doppler-shift,Limosa limosa,"134755",Aldeboarn,Continental black-tailed godwits (data from Senner et al. 2015)
"622999840",true,2014/03/28,1.448,50.186,,0,-123,401.6709509,"40",50.186,50.186,"1",1.448,1.448,"5","0","3",413,"8","16","0","1",argos-doppler-shift,Limosa limosa,"134755",Aldeboarn,Continental black-tailed godwits (data from Senner et al. 2015)
"622999841",false,2014/03/28,0.835,50.359,true,0,-138,401.6708999,"0",50.359,50.359,B,0.835,0.835,"1","0","3",0,"116","156","3","47",argos-doppler-shift,Limosa limosa,"134755",Aldeboarn,Continental black-tailed godwits (data from Senner et al. 2015)
"622999842",true,2014/03/28,1.494,50.161,,49,-122,401.6709271,"46",50.161,50.161,"1",1.494,1.494,"8","0","3",470,"10","16","0","1",argos-doppler-shift,Limosa limosa,"134755",Aldeboarn,Continental black-tailed godwits (data from Senner et al. 2015)
"622999843",true,2014/03/28,1.512,50.149,,50,-130,401.6709372,"50",50.149,50.149,"2",1.512,1.512,"5","0","3",293,"134","152","2","61",argos-doppler-shift,Limosa limosa,"134755",Aldeboarn,Continental black-tailed godwits (data from Senner et al. 2015)
"622999844",true,2014/03/28,1.507,50.155,,49,-122,401.6709342,"50",50.155,50.155,"3",1.507,1.507,"7","0","3",410,"10","16","0","1",argos-doppler-shift,Limosa limosa,"134755",Aldeboarn,Continental black-tailed godwits (data from Senner et al. 2015)
"622999845",false,2014/03/30,7.448,53.7,true,0,-120,401.6696596,"31",53.7,53.7,Z,7.448,7.448,"2","0","1",58,"143","196","1","17",argos-doppler-shift,Limosa limosa,"134755",Aldeboarn,Continental black-tailed godwits (data from Senner et al. 2015)
"622999846",true,2014/03/30,4.352,51.841,,43,-120,401.6709234,"50",51.841,51.841,"1",4.352,4.352,"7","0","3",352,"1","17","0","1",argos-doppler-shift,Limosa limosa,"134755",Aldeboarn,Continental black-tailed godwits (data from Senner et al. 2015)
"622999847",true,2014/03/30,4.32,51.86,,43,-126,401.6709101,"0",51.86,51.86,B,4.32,4.32,"2","0","3",112,"121","192","3","31",argos-doppler-shift,Limosa limosa,"134755",Aldeboarn,Continental black-tailed godwits (data from Senner et al. 2015)
"622999848",true,2014/03/30,4.331,51.903,,45,-134,401.6708933,"0",51.903,51.903,A,4.331,4.331,"3","0","3",111,"114","188","1","38",argos-doppler-shift,Limosa limosa,"134755",Aldeboarn,Continental black-tailed godwits (data from Senner et al. 2015)
"622999849",true,2014/03/30,4.729,51.816,,45,-131,401.6709376,"45",51.816,51.816,"0",4.729,4.729,"5","0","3",462,"132","188","3","57",argos-doppler-shift,Limosa limosa,"134755",Aldeboarn,Continental black-tailed godwits (data from Senner et al. 2015)
"622999850",true,2014/03/30,4.735,51.816,,45,-129,401.6709271,"50",51.816,51.816,"3",4.735,4.735,"6","0","3",313,"3","17","0","1",argos-doppler-shift,Limosa limosa,"134755",Aldeboarn,Continental black-tailed godwits (data from Senner et al. 2015)
"622999851",true,2014/03/30,4.744,51.834,,43,-125,401.6709097,"58",51.834,51.834,"2",4.744,4.744,"6","0","3",307,"5","17","3","1",argos-doppler-shift,Limosa limosa,"134755",Aldeboarn,Continental black-tailed godwits (data from Senner et al. 2015)
"622999852",true,2014/03/30,4.737,51.836,,43,-119,401.6709103,"50",51.836,51.836,"3",4.737,4.737,"5","1","3",312,"172","204","3","57",argos-doppler-shift,Limosa limosa,"134755",Aldeboarn,Continental black-tailed godwits (data from Senner et al. 2015)
"622999853",true,2014/03/30,4.759,51.842,,43,-120,401.6709127,"48",51.842,51.842,"0",4.759,4.759,"5","0","3",650,"171","200","2","23",argos-doppler-shift,Limosa limosa,"134755",Aldeboarn,Continental black-tailed godwits (data from Senner et al. 2015)
"622999854",true,2014/03/30,4.761,51.838,,43,-121,401.6709106,"50",51.838,51.838,"3",4.761,4.761,"6","0","3",309,"187","204","2","33",argos-doppler-shift,Limosa limosa,"134755",Aldeboarn,Continental black-tailed godwits (data from Senner et al. 2015)
"622999855",true,2014/03/30,4.757,51.838,,43,-118,401.6709088,"50",51.838,51.838,"3",4.757,4.757,"8","3","3",426,"185","200","2","47",argos-doppler-shift,Limosa limosa,"134755",Aldeboarn,Continental black-tailed godwits (data from Senner et al. 2015)
"622999856",true,2014/03/30,4.754,51.839,,43,-136,401.6709104,"0",51.839,51.839,B,4.754,4.754,"1","0","3",0,"188","200","1","49",argos-doppler-shift,Limosa limosa,"134755",Aldeboarn,Continental black-tailed godwits (data from Senner et al. 2015)
"622999857",true,2014/03/30,4.871,51.815,,45,-136,401.6709187,"8",51.815,51.815,B,4.871,4.871,"1","0","3",0,"178","199","2","14",argos-doppler-shift,Limosa limosa,"134755",Aldeboarn,Continental black-tailed godwits (data from Senner et al. 2015)
"622999858",false,2014/03/30,4.515,51.826,true,45,-121,401.6708533,"40",51.826,51.826,"0",4.515,4.515,"4","0","3",175,"160","200","3","21",argos-doppler-shift,Limosa limosa,"134755",Aldeboarn,Continental black-tailed godwits (data from Senner et al. 2015)
"622999859",true,2014/03/30,4.781,51.84,,43,-123,401.6709112,"40",51.84,51.84,"0",4.781,4.781,"4","0","3",476,"44","204","2","24",argos-doppler-shift,Limosa limosa,"134755",Aldeboarn,Continental black-tailed godwits (data from Senner et al. 2015)
"622999860",true,2014/03/30,4.802,51.828,,43,-132,401.6709231,"8",51.828,51.828,B,4.802,4.802,"1","0","3",0,"175","200","2","46",argos-doppler-shift,Limosa limosa,"134755",Aldeboarn,Continental black-tailed godwits (data from Senner et al. 2015)
"622999861",true,2014/03/30,4.749,51.833,,43,-122,401.6709075,"50",51.833,51.833,"3",4.749,4.749,"6","0","3",419,"10","17","0","1",argos-doppler-shift,Limosa limosa,"134755",Aldeboarn,Continental black-tailed godwits (data from Senner et al. 2015)
"622999862",true,2014/03/30,4.758,51.838,,43,-131,401.6709088,"50",51.838,51.838,"2",4.758,4.758,"7","0","3",360,"10","17","0","1",argos-doppler-shift,Limosa limosa,"134755",Aldeboarn,Continental black-tailed godwits (data from Senner et al. 2015)
"622999863",true,2014/04/01,5.832,52.882,,41,-124,401.6709128,"40",52.882,58.618,"1",5.832,35.305,"5","0","4",343,"159","200","1","21",argos-doppler-shift,Limosa limosa,"134755",Aldeboarn,Continental black-tailed godwits (data from Senner et al. 2015)
"622999864",true,2014/04/01,5.811,52.859,,40,-129,401.6709095,"50",52.859,45.453,"3",5.811,-31.972,"7","0","4",488,"188","200","1","28",argos-doppler-shift,Limosa limosa,"134755",Aldeboarn,Continental black-tailed godwits (data from Senner et al. 2015)
"622999865",true,2014/04/01,5.807,52.859,,40,-125,401.6709081,"50",52.859,52.859,"3",5.807,5.807,"4","0","3",357,"244","200","3","41",argos-doppler-shift,Limosa limosa,"134755",Aldeboarn,Continental black-tailed godwits (data from Senner et al. 2015)
"622999866",true,2014/04/01,5.804,52.861,,40,-118,401.670907,"58",52.861,52.861,"3",5.804,5.804,"9","1","3",585,"3","18","0","1",argos-doppler-shift,Limosa limosa,"134755",Aldeboarn,Continental black-tailed godwits (data from Senner et al. 2015)
"622999867",true,2014/04/01,5.785,52.863,,40,-120,401.6709108,"58",52.863,52.863,"1",5.785,5.785,"7","0","3",339,"158","196","2","16",argos-doppler-shift,Limosa limosa,"134755",Aldeboarn,Continental black-tailed godwits (data from Senner et al. 2015)
"622999868",true,2014/04/01,5.806,52.858,,40,-131,401.6709233,"58",52.858,52.858,"2",5.806,5.806,"4","0","3",232,"5","18","0","1",argos-doppler-shift,Limosa limosa,"134755",Aldeboarn,Continental black-tailed godwits (data from Senner et al. 2015)
"622999869",true,2014/04/01,5.798,52.862,,40,-120,401.6709228,"50",52.862,52.862,"3",5.798,5.798,"5","0","3",348,"139","192","2","50",argos-doppler-shift,Limosa limosa,"134755",Aldeboarn,Continental black-tailed godwits (data from Senner et al. 2015)
"622999870",true,2014/04/01,5.802,52.858,,40,-126,401.670925,"58",52.858,52.858,"2",5.802,5.802,"6","0","3",345,"132","184","1","23",argos-doppler-shift,Limosa limosa,"134755",Aldeboarn,Continental black-tailed godwits (data from Senner et al. 2015)
"622999871",true,2014/04/01,5.791,52.866,,40,-125,401.670945,"6",52.866,52.866,B,5.791,5.791,"1","0","3",0,"7","18","0","1",argos-doppler-shift,Limosa limosa,"134755",Aldeboarn,Continental black-tailed godwits (data from Senner et al. 2015)
"622999872",true,2014/04/01,5.795,52.868,,40,-119,401.6709548,"0",52.868,52.868,B,5.795,5.795,"1","1","3",0,"7","18","0","1",argos-doppler-shift,Limosa limosa,"134755",Aldeboarn,Continental black-tailed godwits (data from Senner et al. 2015)
"622999873",true,2014/04/01,5.781,52.916,,42,-121,401.6709162,"8",52.916,52.916,A,5.781,5.781,"3","0","3",300,"153","172","1","34",argos-doppler-shift,Limosa limosa,"134755",Aldeboarn,Continental black-tailed godwits (data from Senner et al. 2015)
"622999874",true,2014/04/01,5.765,52.924,,43,-133,401.670913,"8",52.924,52.924,B,5.765,5.765,"2","0","3",421,"153","172","1","56",argos-doppler-shift,Limosa limosa,"134755",Aldeboarn,Continental black-tailed godwits (data from Senner et al. 2015)
"622999875",true,2014/04/01,5.771,52.919,,43,-134,401.6709162,"0",52.919,52.919,B,5.771,5.771,"2","0","3",121,"154","172","2","59",argos-doppler-shift,Limosa limosa,"134755",Aldeboarn,Continental black-tailed godwits (data from Senner et al. 2015)
"622999876",true,2014/04/04,5.785,52.914,,41,-135,401.6709184,"0",52.914,52.914,A,5.785,5.785,"3","0","3",120,"149","172","1","49",argos-doppler-shift,Limosa limosa,"134755",Aldeboarn,Continental black-tailed godwits (data from Senner et al. 2015)
"622999877",true,2014/04/04,5.79,52.921,,42,-125,401.6709261,"8",52.921,52.921,B,5.79,5.79,"2","0","3",294,"142","164","1","36",argos-doppler-shift,Limosa limosa,"134755",Aldeboarn,Continental black-tailed godwits (data from Senner et al. 2015)
"622999878",true,2014/04/04,5.807,52.921,,42,-126,401.6709273,"8",52.921,52.921,B,5.807,5.807,"2","0","3",58,"137","160","3","49",argos-doppler-shift,Limosa limosa,"134755",Aldeboarn,Continental black-tailed godwits (data from Senner et al. 2015)
"622999879",true,2014/04/04,5.784,52.95,,43,-125,401.6709465,"46",52.95,52.95,"0",5.784,5.784,"6","0","3",361,"151","160","3","57",argos-doppler-shift,Limosa limosa,"134755",Aldeboarn,Continental black-tailed godwits (data from Senner et al. 2015)
"622999880",true,2014/04/04,5.71,52.912,,41,-119,401.6709334,"40",52.912,52.912,"1",5.71,5.71,"9","1","3",570,"120","156","3","62",argos-doppler-shift,Limosa limosa,"134755",Aldeboarn,Continental black-tailed godwits (data from Senner et al. 2015)
"622999881",true,2014/04/04,5.71,52.912,,43,-119,401.670937,"40",52.912,52.912,"1",5.71,5.71,"4","1","3",285,"119","156","1","58",argos-doppler-shift,Limosa limosa,"134755",Aldeboarn,Continental black-tailed godwits (data from Senner et al. 2015)
"622999882",true,2014/04/04,5.595,52.918,,41,-131,401.670907,"0",52.918,52.918,A,5.595,5.595,"3","0","3",285,"8","19","0","1",argos-doppler-shift,Limosa limosa,"134755",Aldeboarn,Continental black-tailed godwits (data from Senner et al. 2015)
"622999883",true,2014/04/04,5.811,52.865,,40,-121,401.6709162,"47",52.865,52.865,"2",5.811,5.811,"8","0","3",605,"152","156","2","9",argos-doppler-shift,Limosa limosa,"134755",Aldeboarn,Continental black-tailed godwits (data from Senner et al. 2015)
"622999884",true,2014/04/04,5.808,52.86,,40,-129,401.6709173,"58",52.86,52.86,"1",5.808,5.808,"4","0","3",243,"10","19","0","1",argos-doppler-shift,Limosa limosa,"134755",Aldeboarn,Continental black-tailed godwits (data from Senner et al. 2015)
"622999885",true,2014/04/06,5.809,52.844,,40,-132,401.6709178,"0",52.844,52.844,B,5.809,5.809,"2","0","3",116,"140","200","1","31",argos-doppler-shift,Limosa limosa,"134755",Aldeboarn,Continental black-tailed godwits (data from Senner et al. 2015)
"622999886",true,2014/04/06,5.803,52.864,,40,-126,401.6709247,"50",52.864,52.864,"2",5.803,5.803,"4","0","3",233,"1","20","0","1",argos-doppler-shift,Limosa limosa,"134755",Aldeboarn,Continental black-tailed godwits (data from Senner et al. 2015)
"622999887",true,2014/04/06,5.811,52.868,,40,-133,401.6709214,"8",52.868,52.868,A,5.811,5.811,"3","0","3",237,"153","196","3","6",argos-doppler-shift,Limosa limosa,"134755",Aldeboarn,Continental black-tailed godwits (data from Senner et al. 2015)
"622999888",true,2014/04/06,5.815,52.865,,40,-126,401.670922,"8",52.865,52.865,B,5.815,5.815,"2","0","3",295,"148","194","2","21",argos-doppler-shift,Limosa limosa,"134755",Aldeboarn,Continental black-tailed godwits (data from Senner et al. 2015)
"622999889",true,2014/04/06,5.804,52.862,,40,-122,401.6709229,"58",52.862,52.862,"3",5.804,5.804,"7","0","3",464,"144","192","2","41",argos-doppler-shift,Limosa limosa,"134755",Aldeboarn,Continental black-tailed godwits (data from Senner et al. 2015)
"622999890",true,2014/04/06,5.808,52.857,,40,-126,401.6709194,"0",52.857,52.857,A,5.808,5.808,"3","0","3",177,"149","192","1","47",argos-doppler-shift,Limosa limosa,"134755",Aldeboarn,Continental black-tailed godwits (data from Senner et al. 2015)
"622999891",true,2014/04/06,5.808,52.857,,40,-115,401.670925,"58",52.857,52.857,"3",5.808,5.808,"8","3","3",466,"139","188","3","61",argos-doppler-shift,Limosa limosa,"134755",Aldeboarn,Continental black-tailed godwits (data from Senner et al. 2015)
"622999892",true,2014/04/06,5.805,52.855,,40,-123,401.6709234,"58",52.855,52.855,"3",5.805,5.805,"5","0","3",349,"5","20","0","1",argos-doppler-shift,Limosa limosa,"134755",Aldeboarn,Continental black-tailed godwits (data from Senner et al. 2015)
"622999893",true,2014/04/06,5.803,52.856,,40,-133,401.6709228,"0",52.856,52.856,B,5.803,5.803,"2","0","3",292,"142","184","1","20",argos-doppler-shift,Limosa limosa,"134755",Aldeboarn,Continental black-tailed godwits (data from Senner et al. 2015)
"622999894",true,2014/04/06,5.793,52.861,,40,-128,401.6709161,"40",52.861,52.861,"1",5.793,5.793,"5","0","3",355,"148","184","1","27",argos-doppler-shift,Limosa limosa,"134755",Aldeboarn,Continental black-tailed godwits (data from Senner et al. 2015)
"622999895",true,2014/04/06,5.786,52.861,,40,-125,401.6709165,"50",52.861,52.861,"2",5.786,5.786,"4","0","3",177,"150","184","2","35",argos-doppler-shift,Limosa limosa,"134755",Aldeboarn,Continental black-tailed godwits (data from Senner et al. 2015)
"622999896",true,2014/04/06,5.806,52.924,,42,-134,401.6709403,"6",52.924,52.924,B,5.806,5.806,"2","0","3",292,"7","20","0","1",argos-doppler-shift,Limosa limosa,"134755",Aldeboarn,Continental black-tailed godwits (data from Senner et al. 2015)
"622999897",true,2014/04/06,5.81,52.86,,40,-118,401.6709156,"58",52.86,52.86,"2",5.81,5.81,"8","2","3",543,"7","20","0","1",argos-doppler-shift,Limosa limosa,"134755",Aldeboarn,Continental black-tailed godwits (data from Senner et al. 2015)
"622999898",true,2014/04/06,5.8,52.851,,40,-121,401.6709225,"58",52.851,52.851,"2",5.8,5.8,"5","0","3",357,"148","176","3","21",argos-doppler-shift,Limosa limosa,"134755",Aldeboarn,Continental black-tailed godwits (data from Senner et al. 2015)
"622999899",true,2014/04/06,5.792,52.861,,40,-134,401.6709202,"0",52.861,52.861,B,5.792,5.792,"2","0","3",119,"148","176","2","31",argos-doppler-shift,Limosa limosa,"134755",Aldeboarn,Continental black-tailed godwits (data from Senner et al. 2015)
"622999900",true,2014/04/06,5.787,52.849,,40,-120,401.6709197,"58",52.849,52.849,"2",5.787,5.787,"7","0","3",419,"150","172","2","47",argos-doppler-shift,Limosa limosa,"134755",Aldeboarn,Continental black-tailed godwits (data from Senner et al. 2015)
"622999901",true,2014/04/08,5.801,52.868,,40,-122,401.670922,"0",52.868,52.868,A,5.801,5.801,"3","0","3",353,"1","21","3","1",argos-doppler-shift,Limosa limosa,"134755",Aldeboarn,Continental black-tailed godwits (data from Senner et al. 2015)
"622999902",true,2014/04/08,5.808,52.86,,40,-123,401.6709281,"58",52.86,52.86,"3",5.808,5.808,"7","0","3",469,"2","21","0","1",argos-doppler-shift,Limosa limosa,"134755",Aldeboarn,Continental black-tailed godwits (data from Senner et al. 2015)
"622999903",true,2014/04/08,5.805,52.863,,40,-122,401.6709263,"68",52.863,52.863,"3",5.805,5.805,"7","0","3",637,"3","21","0","1",argos-doppler-shift,Limosa limosa,"134755",Aldeboarn,Continental black-tailed godwits (data from Senner et al. 2015)
"622999904",true,2014/04/08,5.744,52.904,,41,-128,401.6709409,"7",52.904,52.904,A,5.744,5.744,"3","0","3",395,"118","192","1","5",argos-doppler-shift,Limosa limosa,"134755",Aldeboarn,Continental black-tailed godwits (data from Senner et al. 2015)
"622999905",true,2014/04/08,5.81,52.867,,40,-138,401.6709405,"7",52.867,52.867,B,5.81,5.81,"1","0","3",0,"4","21","0","25",argos-doppler-shift,Limosa limosa,"134755",Aldeboarn,Continental black-tailed godwits (data from Senner et al. 2015)
"622999906",true,2014/04/08,5.788,52.861,,40,-126,401.6709374,"8",52.861,52.861,B,5.788,5.788,"2","0","3",295,"121","184","1","37",argos-doppler-shift,Limosa limosa,"134755",Aldeboarn,Continental black-tailed godwits (data from Senner et al. 2015)
"622999907",true,2014/04/08,5.785,52.869,,40,-123,401.67093,"58",52.869,52.869,"3",5.785,5.785,"8","0","3",543,"5","21","0","1",argos-doppler-shift,Limosa limosa,"134755",Aldeboarn,Continental black-tailed godwits (data from Senner et al. 2015)
"622999908",true,2014/04/08,5.836,52.842,,41,-118,401.6709663,"0",52.842,52.842,A,5.836,5.836,"3","1","3",298,"124","180","1","43",argos-doppler-shift,Limosa limosa,"134755",Aldeboarn,Continental black-tailed godwits (data from Senner et al. 2015)
"622999909",true,2014/04/08,5.77,52.91,,41,-122,401.6709299,"58",52.91,52.91,"0",5.77,5.77,"4","0","3",182,"133","176","2","2",argos-doppler-shift,Limosa limosa,"134755",Aldeboarn,Continental black-tailed godwits (data from Senner et al. 2015)
"622999910",true,2014/04/08,5.824,52.92,,42,-127,401.6709329,"8",52.92,52.92,A,5.824,5.824,"3","0","3",240,"131","176","1","1",argos-doppler-shift,Limosa limosa,"134755",Aldeboarn,Continental black-tailed godwits (data from Senner et al. 2015)
"622999911",true,2014/04/08,5.785,52.914,,41,-120,401.6709295,"58",52.914,52.914,"3",5.785,5.785,"4","0","3",243,"134","172","2","23",argos-doppler-shift,Limosa limosa,"134755",Aldeboarn,Continental black-tailed godwits (data from Senner et al. 2015)
"622999912",true,2014/04/08,5.772,52.916,,42,-131,401.6709311,"8",52.916,52.916,B,5.772,5.772,"2","0","3",173,"8","21","0","1",argos-doppler-shift,Limosa limosa,"134755",Aldeboarn,Continental black-tailed godwits (data from Senner et al. 2015)
"622999913",true,2014/04/08,5.761,52.923,,43,-136,401.6709268,"8",52.923,52.923,B,5.761,5.761,"1","0","3",0,"130","164","3","7",argos-doppler-shift,Limosa limosa,"134755",Aldeboarn,Continental black-tailed godwits (data from Senner et al. 2015)
"622999914",true,2014/04/11,5.781,52.919,,43,-129,401.6709228,"50",52.919,52.919,"1",5.781,5.781,"4","0","3",297,"3","22","0","1",argos-doppler-shift,Limosa limosa,"134755",Aldeboarn,Continental black-tailed godwits (data from Senner et al. 2015)
"622999915",true,2014/04/11,5.69,52.932,,43,-123,401.670927,"58",52.932,52.932,"0",5.69,5.69,"9","0","3",579,"140","176","3","9",argos-doppler-shift,Limosa limosa,"134755",Aldeboarn,Continental black-tailed godwits (data from Senner et al. 2015)
"622999916",true,2014/04/11,5.765,52.902,,41,-125,401.6709246,"8",52.902,52.902,A,5.765,5.765,"3","0","3",169,"115","168","2","13",argos-doppler-shift,Limosa limosa,"134755",Aldeboarn,Continental black-tailed godwits (data from Senner et al. 2015)
"622999917",true,2014/04/11,5.766,52.903,,41,-125,401.6709246,"8",52.903,52.903,A,5.766,5.766,"3","0","3",169,"115","168","2","13",argos-doppler-shift,Limosa limosa,"134755",Aldeboarn,Continental black-tailed godwits (data from Senner et al. 2015)
"622999918",true,2014/04/11,5.777,52.904,,41,-127,401.6709339,"0",52.904,52.904,A,5.777,5.777,"3","0","3",228,"125","168","2","19",argos-doppler-shift,Limosa limosa,"134755",Aldeboarn,Continental black-tailed godwits (data from Senner et al. 2015)
"622999919",true,2014/04/11,5.753,52.952,,43,-124,401.6709706,"0",52.952,52.952,A,5.753,5.753,"3","0","3",111,"6","22","0","1",argos-doppler-shift,Limosa limosa,"134755",Aldeboarn,Continental black-tailed godwits (data from Senner et al. 2015)
"622999920",true,2014/04/11,5.872,52.794,,42,-129,401.6709152,"40",52.794,52.794,"0",5.872,5.872,"6","0","3",337,"6","22","0","1",argos-doppler-shift,Limosa limosa,"134755",Aldeboarn,Continental black-tailed godwits (data from Senner et al. 2015)
"622999921",true,2014/04/11,5.79,52.868,,40,-124,401.6709246,"58",52.868,52.868,"3",5.79,5.79,"7","0","3",410,"7","22","0","1",argos-doppler-shift,Limosa limosa,"134755",Aldeboarn,Continental black-tailed godwits (data from Senner et al. 2015)
"622999922",true,2014/04/11,5.782,52.877,,40,-121,401.6709247,"40",52.877,52.877,"1",5.782,5.782,"7","0","3",361,"8","22","0","5",argos-doppler-shift,Limosa limosa,"134755",Aldeboarn,Continental black-tailed godwits (data from Senner et al. 2015)
"622999923",true,2014/04/11,5.782,52.877,,40,-121,401.670925,"40",52.877,52.877,"1",5.782,5.782,"6","0","3",301,"128","160","3","0",argos-doppler-shift,Limosa limosa,"134755",Aldeboarn,Continental black-tailed godwits (data from Senner et al. 2015)
"622999924",true,2014/04/11,5.809,52.871,,40,-119,401.6709293,"40",52.871,52.871,"0",5.809,5.809,"8","1","3",489,"8","22","0","1",argos-doppler-shift,Limosa limosa,"134755",Aldeboarn,Continental black-tailed godwits (data from Senner et al. 2015)
"622999925",true,2014/04/11,5.814,52.87,,40,-119,401.6709294,"40",52.87,52.87,"0",5.814,5.814,"8","1","3",489,"8","22","0","1",argos-doppler-shift,Limosa limosa,"134755",Aldeboarn,Continental black-tailed godwits (data from Senner et al. 2015)
"622999926",true,2014/04/11,5.798,52.888,,40,-134,401.670921,"8",52.888,52.888,B,5.798,5.798,"2","0","3",174,"154","160","2","35",argos-doppler-shift,Limosa limosa,"134755",Aldeboarn,Continental black-tailed godwits (data from Senner et al. 2015)
"622999927",true,2014/04/11,5.877,52.805,,43,-133,401.6709404,"8",52.805,52.805,A,5.877,5.877,"3","0","3",177,"9","22","0","1",argos-doppler-shift,Limosa limosa,"134755",Aldeboarn,Continental black-tailed godwits (data from Senner et al. 2015)
"622999928",true,2014/04/11,5.807,52.876,,41,-129,401.6709256,"50",52.876,52.876,"1",5.807,5.807,"6","0","3",410,"9","22","0","1",argos-doppler-shift,Limosa limosa,"134755",Aldeboarn,Continental black-tailed godwits (data from Senner et al. 2015)
"622999929",true,2014/04/11,5.779,52.877,,40,-124,401.6709191,"8",52.877,52.877,B,5.779,5.779,"2","0","3",119,"173","228","1","4",argos-doppler-shift,Limosa limosa,"134755",Aldeboarn,Continental black-tailed godwits (data from Senner et al. 2015)
"622999930",true,2014/04/13,5.815,52.858,,40,-136,401.6709162,"0",52.858,52.858,B,5.815,5.815,"2","0","3",62,"159","208","3","15",argos-doppler-shift,Limosa limosa,"134755",Aldeboarn,Continental black-tailed godwits (data from Senner et al. 2015)
"622999931",true,2014/04/13,5.85,52.862,,41,-136,401.6709251,"0",52.862,52.862,B,5.85,5.85,"2","0","3",62,"159","208","3","15",argos-doppler-shift,Limosa limosa,"134755",Aldeboarn,Continental black-tailed godwits (data from Senner et al. 2015)
"622999932",true,2014/04/13,5.806,52.868,,40,-124,401.6709117,"8",52.868,52.868,A,5.806,5.806,"3","0","3",488,"158","204","2","31",argos-doppler-shift,Limosa limosa,"134755",Aldeboarn,Continental black-tailed godwits (data from Senner et al. 2015)
"622999933",true,2014/04/13,5.81,52.867,,40,-124,401.6709115,"8",52.867,52.867,A,5.81,5.81,"3","0","3",488,"158","204","2","31",argos-doppler-shift,Limosa limosa,"134755",Aldeboarn,Continental black-tailed godwits (data from Senner et al. 2015)
"622999934",true,2014/04/13,5.8,52.873,,40,-116,401.6709175,"50",52.873,52.873,"2",5.8,5.8,"7","2","3",430,"159","204","3","37",argos-doppler-shift,Limosa limosa,"134755",Aldeboarn,Continental black-tailed godwits (data from Senner et al. 2015)
"622999935",true,2014/04/13,5.801,52.873,,40,-116,401.6709175,"50",52.873,52.873,"2",5.801,5.801,"7","2","3",430,"159","204","3","37",argos-doppler-shift,Limosa limosa,"134755",Aldeboarn,Continental black-tailed godwits (data from Senner et al. 2015)
"622999936",true,2014/04/13,5.906,52.857,,42,-129,401.6709361,"6",52.857,52.857,A,5.906,5.906,"3","0","3",176,"159","210","3","49",argos-doppler-shift,Limosa limosa,"134755",Aldeboarn,Continental black-tailed godwits (data from Senner et al. 2015)
"622999937",true,2014/04/13,5.911,52.854,,43,-129,401.6709381,"6",52.854,52.854,A,5.911,5.911,"3","0","3",176,"159","210","3","49",argos-doppler-shift,Limosa limosa,"134755",Aldeboarn,Continental black-tailed godwits (data from Senner et al. 2015)
"622999938",true,2014/04/13,5.807,52.86,,40,-127,401.6709147,"50",52.86,52.86,"2",5.807,5.807,"5","0","3",351,"158","204","2","53",argos-doppler-shift,Limosa limosa,"134755",Aldeboarn,Continental black-tailed godwits (data from Senner et al. 2015)
"622999939",true,2014/04/13,5.806,52.861,,40,-127,401.6709148,"50",52.861,52.861,"2",5.806,5.806,"5","0","3",351,"158","204","2","53",argos-doppler-shift,Limosa limosa,"134755",Aldeboarn,Continental black-tailed godwits (data from Senner et al. 2015)
"622999940",true,2014/04/13,5.794,52.863,,40,-125,401.6709189,"58",52.863,52.863,"3",5.794,5.794,"7","0","3",473,"5","23","0","1",argos-doppler-shift,Limosa limosa,"134755",Aldeboarn,Continental black-tailed godwits (data from Senner et al. 2015)
"622999941",true,2014/04/13,5.794,52.863,,40,-125,401.6709191,"58",52.863,52.863,"3",5.794,5.794,"7","0","3",473,"5","23","0","1",argos-doppler-shift,Limosa limosa,"134755",Aldeboarn,Continental black-tailed godwits (data from Senner et al. 2015)
"622999942",true,2014/04/13,5.793,52.861,,40,-118,401.6709139,"50",52.861,52.861,"1",5.793,5.793,"5","1","3",301,"159","200","1","4",argos-doppler-shift,Limosa limosa,"134755",Aldeboarn,Continental black-tailed godwits (data from Senner et al. 2015)
"622999943",true,2014/04/13,5.793,52.86,,40,-118,401.6709146,"50",52.86,52.86,"1",5.793,5.793,"5","1","3",301,"159","200","1","4",argos-doppler-shift,Limosa limosa,"134755",Aldeboarn,Continental black-tailed godwits (data from Senner et al. 2015)
"622999944",true,2014/04/13,5.793,52.862,,40,-122,401.6709152,"58",52.862,52.862,"3",5.793,5.793,"6","0","3",355,"152","200","1","17",argos-doppler-shift,Limosa limosa,"134755",Aldeboarn,Continental black-tailed godwits (data from Senner et al. 2015)
"622999945",true,2014/04/13,5.792,52.862,,40,-122,401.6709153,"58",52.862,52.862,"3",5.792,5.792,"6","0","3",355,"152","200","1","17",argos-doppler-shift,Limosa limosa,"134755",Aldeboarn,Continental black-tailed godwits (data from Senner et al. 2015)
"622999946",true,2014/04/13,5.805,52.863,,40,-136,401.6709144,"8",52.863,52.863,B,5.805,5.805,"1","0","3",0,"160","200","1","31",argos-doppler-shift,Limosa limosa,"134755",Aldeboarn,Continental black-tailed godwits (data from Senner et al. 2015)
"622999947",true,2014/04/13,5.809,52.859,,40,-136,401.6709145,"8",52.859,52.859,B,5.809,5.809,"1","0","3",0,"160","200","1","31",argos-doppler-shift,Limosa limosa,"134755",Aldeboarn,Continental black-tailed godwits (data from Senner et al. 2015)
"622999948",true,2014/04/13,5.791,52.859,,40,-129,401.6709191,"60",52.859,52.859,"2",5.791,5.791,"4","0","3",300,"149","204","3","45",argos-doppler-shift,Limosa limosa,"134755",Aldeboarn,Continental black-tailed godwits (data from Senner et al. 2015)
"622999949",true,2014/04/13,5.791,52.859,,40,-129,401.6709191,"60",52.859,52.859,"2",5.791,5.791,"4","0","3",300,"149","204","3","45",argos-doppler-shift,Limosa limosa,"134755",Aldeboarn,Continental black-tailed godwits (data from Senner et al. 2015)
"622999950",true,2014/04/13,5.803,52.861,,40,-125,401.6709144,"50",52.861,52.861,"2",5.803,5.803,"8","0","3",615,"7","23","0","1",argos-doppler-shift,Limosa limosa,"134755",Aldeboarn,Continental black-tailed godwits (data from Senner et al. 2015)
"622999951",true,2014/04/13,5.81,52.855,,40,-131,401.6709209,"8",52.855,52.855,B,5.81,5.81,"2","0","3",414,"153","200","2","13",argos-doppler-shift,Limosa limosa,"134755",Aldeboarn,Continental black-tailed godwits (data from Senner et al. 2015)
"622999952",true,2014/04/13,5.818,52.852,,40,-131,401.6709224,"8",52.852,52.852,B,5.818,5.818,"2","0","3",414,"153","200","2","13",argos-doppler-shift,Limosa limosa,"134755",Aldeboarn,Continental black-tailed godwits (data from Senner et al. 2015)
"622999953",true,2014/04/13,5.776,52.873,,40,-121,401.6709199,"40",52.873,52.873,"0",5.776,5.776,"6","0","3",519,"8","23","0","1",argos-doppler-shift,Limosa limosa,"134755",Aldeboarn,Continental black-tailed godwits (data from Senner et al. 2015)
"622999954",true,2014/04/13,5.793,52.874,,40,-118,401.670921,"48",52.874,52.874,"1",5.793,5.793,"8","1","3",535,"10","23","3","1",argos-doppler-shift,Limosa limosa,"134755",Aldeboarn,Continental black-tailed godwits (data from Senner et al. 2015)
"622999955",true,2014/04/13,5.793,52.872,,40,-131,401.6709208,"50",52.872,52.872,"1",5.793,5.793,"7","0","3",414,"146","200","3","58",argos-doppler-shift,Limosa limosa,"134755",Aldeboarn,Continental black-tailed godwits (data from Senner et al. 2015)
"622999956",true,2014/04/13,5.794,52.872,,40,-131,401.6709209,"50",52.872,52.872,"1",5.794,5.794,"7","0","3",414,"146","200","3","58",argos-doppler-shift,Limosa limosa,"134755",Aldeboarn,Continental black-tailed godwits (data from Senner et al. 2015)
"622999957",true,2014/04/15,5.766,52.863,,40,-125,401.6709181,"40",52.863,52.863,"1",5.766,5.766,"8","0","3",538,"1","24","0","1",argos-doppler-shift,Limosa limosa,"134755",Aldeboarn,Continental black-tailed godwits (data from Senner et al. 2015)
"622999958",true,2014/04/15,5.798,52.87,,40,-127,401.6709234,"58",52.87,52.87,"3",5.798,5.798,"8","0","3",467,"143","200","1","23",argos-doppler-shift,Limosa limosa,"134755",Aldeboarn,Continental black-tailed godwits (data from Senner et al. 2015)
"622999959",true,2014/04/15,5.799,52.87,,40,-127,401.6709235,"58",52.87,52.87,"3",5.799,5.799,"8","0","3",467,"143","200","1","23",argos-doppler-shift,Limosa limosa,"134755",Aldeboarn,Continental black-tailed godwits (data from Senner et al. 2015)
"622999960",true,2014/04/15,5.794,52.873,,40,-120,401.6709292,"58",52.873,52.873,"2",5.794,5.794,"10","0","3",640,"126","196","3","47",argos-doppler-shift,Limosa limosa,"134755",Aldeboarn,Continental black-tailed godwits (data from Senner et al. 2015)
"622999961",true,2014/04/15,5.779,52.869,,40,-127,401.6709313,"0",52.869,52.869,B,5.779,5.779,"2","0","3",119,"126","196","2","47",argos-doppler-shift,Limosa limosa,"134755",Aldeboarn,Continental black-tailed godwits (data from Senner et al. 2015)
"622999962",true,2014/04/15,5.78,52.869,,40,-127,401.6709313,"0",52.869,52.869,B,5.78,5.78,"2","0","3",119,"126","196","2","47",argos-doppler-shift,Limosa limosa,"134755",Aldeboarn,Continental black-tailed godwits (data from Senner et al. 2015)
"622999963",true,2014/04/15,5.791,52.871,,40,-124,401.6709297,"8",52.871,52.871,A,5.791,5.791,"3","0","3",114,"4","24","0","1",argos-doppler-shift,Limosa limosa,"134755",Aldeboarn,Continental black-tailed godwits (data from Senner et al. 2015)
"622999964",true,2014/04/15,5.788,52.87,,40,-120,401.6709307,"60",52.87,52.87,"3",5.788,5.788,"5","0","3",228,"129","184","3","21",argos-doppler-shift,Limosa limosa,"134755",Aldeboarn,Continental black-tailed godwits (data from Senner et al. 2015)
"622999965",true,2014/04/15,5.783,52.87,,40,-126,401.6709275,"8",52.87,52.87,A,5.783,5.783,"3","0","3",231,"135","176","2","30",argos-doppler-shift,Limosa limosa,"134755",Aldeboarn,Continental black-tailed godwits (data from Senner et al. 2015)
"622999966",true,2014/04/15,5.786,52.911,,41,-117,401.6709312,"8",52.911,52.911,A,5.786,5.786,"3","2","3",345,"6","24","0","0",argos-doppler-shift,Limosa limosa,"134755",Aldeboarn,Continental black-tailed godwits (data from Senner et al. 2015)
"622999967",true,2014/04/15,5.789,52.913,,41,-121,401.6709303,"50",52.913,52.913,"2",5.789,5.789,"8","0","3",460,"132","176","3","56",argos-doppler-shift,Limosa limosa,"134755",Aldeboarn,Continental black-tailed godwits (data from Senner et al. 2015)
"622999968",true,2014/04/15,5.789,52.913,,41,-121,401.6709303,"50",52.913,52.913,"2",5.789,5.789,"8","0","3",460,"132","176","3","56",argos-doppler-shift,Limosa limosa,"134755",Aldeboarn,Continental black-tailed godwits (data from Senner et al. 2015)
"622999969",true,2014/04/15,5.786,52.912,,41,-129,401.6709327,"58",52.912,52.912,"2",5.786,5.786,"4","0","3",301,"7","24","0","1",argos-doppler-shift,Limosa limosa,"134755",Aldeboarn,Continental black-tailed godwits (data from Senner et al. 2015)
"622999970",true,2014/04/15,5.786,52.916,,42,-129,401.6709291,"58",52.916,52.916,"2",5.786,5.786,"8","0","3",424,"130","168","3","22",argos-doppler-shift,Limosa limosa,"134755",Aldeboarn,Continental black-tailed godwits (data from Senner et al. 2015)
"622999971",true,2014/04/15,5.787,52.916,,42,-129,401.6709291,"58",52.916,52.916,"2",5.787,5.787,"8","0","3",424,"130","168","3","22",argos-doppler-shift,Limosa limosa,"134755",Aldeboarn,Continental black-tailed godwits (data from Senner et al. 2015)
"622999972",true,2014/04/15,5.801,52.936,,43,-132,401.6709195,"0",52.936,52.936,A,5.801,5.801,"3","0","3",174,"131","168","2","30",argos-doppler-shift,Limosa limosa,"134755",Aldeboarn,Continental black-tailed godwits (data from Senner et al. 2015)
"622999973",true,2014/04/15,5.801,52.936,,43,-132,401.6709196,"0",52.936,52.936,A,5.801,5.801,"3","0","3",174,"131","168","2","30",argos-doppler-shift,Limosa limosa,"134755",Aldeboarn,Continental black-tailed godwits (data from Senner et al. 2015)
"622999974",false,2014/04/18,,,true,0,-126,401.65,"0",,,Z,,,"1","0",,,"134","188","2","1",argos-doppler-shift,Limosa limosa,"134755",Aldeboarn,Continental black-tailed godwits (data from Senner et al. 2015)
"622999975",true,2014/04/18,5.789,52.912,,43,-122,401.6709392,"50",52.912,52.912,"3",5.789,5.789,"9","0","3",754,"4","25","0","1",argos-doppler-shift,Limosa limosa,"134755",Aldeboarn,Continental black-tailed godwits (data from Senner et al. 2015)
"622999976",true,2014/04/18,5.844,52.912,,43,-130,401.6709264,"8",52.912,52.912,B,5.844,5.844,"1","0","3",0,"143","172","2","45",argos-doppler-shift,Limosa limosa,"134755",Aldeboarn,Continental black-tailed godwits (data from Senner et al. 2015)
"622999977",true,2014/04/18,5.788,52.87,,40,-120,401.6709245,"50",52.87,52.87,"3",5.788,5.788,"7","0","3",355,"5","25","0","1",argos-doppler-shift,Limosa limosa,"134755",Aldeboarn,Continental black-tailed godwits (data from Senner et al. 2015)
"622999978",true,2014/04/18,5.786,52.87,,40,-124,401.6709268,"60",52.87,52.87,"3",5.786,5.786,"4","0","3",233,"6","25","0","1",argos-doppler-shift,Limosa limosa,"134755",Aldeboarn,Continental black-tailed godwits (data from Senner et al. 2015)
"622999979",true,2014/04/18,5.788,52.869,,40,-120,401.670928,"58",52.869,52.869,"1",5.788,5.788,"5","0","3",349,"138","164","2","59",argos-doppler-shift,Limosa limosa,"134755",Aldeboarn,Continental black-tailed godwits (data from Senner et al. 2015)
"622999980",true,2014/04/18,5.791,52.869,,40,-129,401.6709251,"8",52.869,52.869,A,5.791,5.791,"3","0","3",177,"142","164","1","14",argos-doppler-shift,Limosa limosa,"134755",Aldeboarn,Continental black-tailed godwits (data from Senner et al. 2015)
"622999981",true,2014/04/18,5.786,52.872,,40,-121,401.6709234,"50",52.872,52.872,"3",5.786,5.786,"7","0","3",415,"147","164","3","21",argos-doppler-shift,Limosa limosa,"134755",Aldeboarn,Continental black-tailed godwits (data from Senner et al. 2015)
"622999982",true,2014/04/18,5.785,52.877,,40,-136,401.6709237,"58",52.877,52.877,"1",5.785,5.785,"4","0","3",295,"136","160","3","41",argos-doppler-shift,Limosa limosa,"134755",Aldeboarn,Continental black-tailed godwits (data from Senner et al. 2015)
"622999983",true,2014/04/20,5.787,52.868,,40,-121,401.67091,"50",52.868,52.868,"3",5.787,5.787,"5","0","3",416,"173","200","1","54",argos-doppler-shift,Limosa limosa,"134755",Aldeboarn,Continental black-tailed godwits (data from Senner et al. 2015)
"622999984",true,2014/04/20,5.782,52.871,,40,-123,401.6709107,"58",52.871,52.871,"3",5.782,5.782,"8","0","3",751,"3","26","0","1",argos-doppler-shift,Limosa limosa,"134755",Aldeboarn,Continental black-tailed godwits (data from Senner et al. 2015)
"622999985",true,2014/04/20,5.784,52.87,,40,-125,401.6709101,"50",52.87,52.87,"3",5.784,5.784,"4","0","3",173,"165","200","2","9",argos-doppler-shift,Limosa limosa,"134755",Aldeboarn,Continental black-tailed godwits (data from Senner et al. 2015)
"622999986",true,2014/04/20,5.791,52.866,,40,-119,401.6709076,"58",52.866,52.866,"2",5.791,5.791,"9","1","3",667,"172","204","3","27",argos-doppler-shift,Limosa limosa,"134755",Aldeboarn,Continental black-tailed godwits (data from Senner et al. 2015)
"622999987",true,2014/04/20,5.791,52.872,,40,-130,401.6709106,"58",52.872,52.872,"3",5.791,5.791,"5","0","3",238,"4","26","0","1",argos-doppler-shift,Limosa limosa,"134755",Aldeboarn,Continental black-tailed godwits (data from Senner et al. 2015)
"622999988",true,2014/04/20,5.787,52.869,,40,-127,401.6709085,"58",52.869,52.869,"2",5.787,5.787,"6","0","3",428,"5","26","3","1",argos-doppler-shift,Limosa limosa,"134755",Aldeboarn,Continental black-tailed godwits (data from Senner et al. 2015)
"622999989",true,2014/04/20,5.758,52.865,,40,-120,401.670909,"40",52.865,52.865,"1",5.758,5.758,"8","0","3",496,"191","204","2","61",argos-doppler-shift,Limosa limosa,"134755",Aldeboarn,Continental black-tailed godwits (data from Senner et al. 2015)
"622999990",true,2014/04/20,5.756,52.866,,40,-132,401.6709071,"8",52.866,52.866,B,5.756,5.756,"1","0","3",0,"6","26","3","1",argos-doppler-shift,Limosa limosa,"134755",Aldeboarn,Continental black-tailed godwits (data from Senner et al. 2015)
"622999991",true,2014/04/20,5.76,52.862,,40,-131,401.6709024,"8",52.862,52.862,B,5.76,5.76,"1","0","3",0,"166","72","1","27",argos-doppler-shift,Limosa limosa,"134755",Aldeboarn,Continental black-tailed godwits (data from Senner et al. 2015)
"622999992",true,2014/04/20,5.789,52.87,,40,-131,401.6709084,"50",52.87,52.87,"2",5.789,5.789,"5","0","3",231,"167","200","2","29",argos-doppler-shift,Limosa limosa,"134755",Aldeboarn,Continental black-tailed godwits (data from Senner et al. 2015)
"622999993",true,2014/04/20,5.792,52.871,,40,-124,401.670912,"58",52.871,52.871,"3",5.792,5.792,"7","0","3",398,"8","26","0","1",argos-doppler-shift,Limosa limosa,"134755",Aldeboarn,Continental black-tailed godwits (data from Senner et al. 2015)
"622999994",true,2014/04/20,5.793,52.87,,40,-124,401.6709085,"58",52.87,52.87,"3",5.793,5.793,"7","0","3",414,"10","26","3","1",argos-doppler-shift,Limosa limosa,"134755",Aldeboarn,Continental black-tailed godwits (data from Senner et al. 2015)
"622999995",false,2014/04/20,6.109,52.856,true,47,-131,401.6709408,"7",52.856,52.856,A,6.109,6.109,"3","0","3",173,"10","154","0","1",argos-doppler-shift,Limosa limosa,"134755",Aldeboarn,Continental black-tailed godwits (data from Senner et al. 2015)
"622999996",true,2014/04/22,5.768,52.864,,40,-122,401.6709143,"50",52.864,52.864,"1",5.768,5.768,"6","0","3",298,"1","27","0","1",argos-doppler-shift,Limosa limosa,"134755",Aldeboarn,Continental black-tailed godwits (data from Senner et al. 2015)
"622999997",true,2014/04/22,5.788,52.875,,40,-133,401.6709109,"58",52.875,52.875,"1",5.788,5.788,"5","0","3",240,"1","27","0","1",argos-doppler-shift,Limosa limosa,"134755",Aldeboarn,Continental black-tailed godwits (data from Senner et al. 2015)
"622999998",true,2014/04/22,5.789,52.869,,40,-129,401.6709106,"58",52.869,52.869,"3",5.789,5.789,"6","0","3",364,"162","188","3","5",argos-doppler-shift,Limosa limosa,"134755",Aldeboarn,Continental black-tailed godwits (data from Senner et al. 2015)
"622999999",true,2014/04/22,5.791,52.868,,40,-120,401.6709177,"58",52.868,52.868,"1",5.791,5.791,"9","0","3",451,"3","27","0","1",argos-doppler-shift,Limosa limosa,"134755",Aldeboarn,Continental black-tailed godwits (data from Senner et al. 2015)
"623000000",true,2014/04/22,5.786,52.869,,40,-126,401.670918,"8",52.869,52.869,B,5.786,5.786,"2","0","3",119,"149","176","1","29",argos-doppler-shift,Limosa limosa,"134755",Aldeboarn,Continental black-tailed godwits (data from Senner et al. 2015)
"623000001",true,2014/04/22,5.789,52.872,,40,-117,401.6709166,"50",52.872,52.872,"2",5.789,5.789,"4","1","3",419,"152","176","2","45",argos-doppler-shift,Limosa limosa,"134755",Aldeboarn,Continental black-tailed godwits (data from Senner et al. 2015)
"623000002",true,2014/04/22,5.787,52.883,,40,-131,401.670924,"8",52.883,52.883,B,5.787,5.787,"2","0","3",235,"138","168","1","58",argos-doppler-shift,Limosa limosa,"134755",Aldeboarn,Continental black-tailed godwits (data from Senner et al. 2015)
"623000003",true,2014/04/22,5.786,52.884,,41,-124,401.6709245,"0",52.884,52.884,B,5.786,5.786,"1","0","3",0,"154","168","2","3",argos-doppler-shift,Limosa limosa,"134755",Aldeboarn,Continental black-tailed godwits (data from Senner et al. 2015)
"623000004",true,2014/04/22,5.766,52.863,,40,-128,401.6709292,"0",52.863,52.863,B,5.766,5.766,"2","0","3",181,"153","168","3","3",argos-doppler-shift,Limosa limosa,"134755",Aldeboarn,Continental black-tailed godwits (data from Senner et al. 2015)
"623000005",true,2014/04/22,5.768,52.864,,40,-136,401.6709236,"8",52.864,52.864,B,5.768,5.768,"1","0","3",0,"148","164","1","25",argos-doppler-shift,Limosa limosa,"134755",Aldeboarn,Continental black-tailed godwits (data from Senner et al. 2015)
"623000006",true,2014/04/22,5.702,52.867,,41,-133,401.6709172,"60",52.867,52.867,"1",5.702,5.702,"4","0","3",242,"153","160","1","37",argos-doppler-shift,Limosa limosa,"134755",Aldeboarn,Continental black-tailed godwits (data from Senner et al. 2015)
"623000007",true,2014/04/25,5.697,52.866,,41,-122,401.6709225,"50",52.866,52.866,"3",5.697,5.697,"7","0","3",470,"146","192","1","27",argos-doppler-shift,Limosa limosa,"134755",Aldeboarn,Continental black-tailed godwits (data from Senner et al. 2015)
"623000008",true,2014/04/25,5.704,52.878,,41,-125,401.6709323,"48",52.878,52.878,"1",5.704,5.704,"8","0","3",572,"3","28","0","1",argos-doppler-shift,Limosa limosa,"134755",Aldeboarn,Continental black-tailed godwits (data from Senner et al. 2015)
"623000009",true,2014/04/25,5.714,52.862,,41,-127,401.6709319,"0",52.862,52.862,B,5.714,5.714,"2","0","3",173,"132","244","1","1",argos-doppler-shift,Limosa limosa,"134755",Aldeboarn,Continental black-tailed godwits (data from Senner et al. 2015)
"623000010",true,2014/04/25,5.668,52.886,,43,-121,401.6709257,"48",52.886,52.886,"0",5.668,5.668,"9","0","3",699,"121","172","1","31",argos-doppler-shift,Limosa limosa,"134755",Aldeboarn,Continental black-tailed godwits (data from Senner et al. 2015)
"623000011",true,2014/04/25,5.897,52.903,,43,-131,401.6709579,"0",52.903,52.903,A,5.897,5.897,"3","0","3",292,"138","172","3","35",argos-doppler-shift,Limosa limosa,"134755",Aldeboarn,Continental black-tailed godwits (data from Senner et al. 2015)
"623000012",true,2014/04/25,5.866,52.901,,43,-120,401.6709194,"40",52.901,52.901,"0",5.866,5.866,"4","0","3",234,"5","28","0","1",argos-doppler-shift,Limosa limosa,"134755",Aldeboarn,Continental black-tailed godwits (data from Senner et al. 2015)
"623000013",true,2014/04/25,5.793,52.87,,40,-125,401.6709403,"50",52.87,52.87,"2",5.793,5.793,"5","0","3",290,"134","168","2","41",argos-doppler-shift,Limosa limosa,"134755",Aldeboarn,Continental black-tailed godwits (data from Senner et al. 2015)
"623000014",true,2014/04/25,5.803,52.894,,41,-136,401.6709366,"8",52.894,52.894,B,5.803,5.803,"1","0","3",0,"6","29","0","1",argos-doppler-shift,Limosa limosa,"134755",Aldeboarn,Continental black-tailed godwits (data from Senner et al. 2015)
"623000015",true,2014/04/25,5.791,52.869,,40,-133,401.6709218,"50",52.869,52.869,"2",5.791,5.791,"4","0","3",179,"149","164","2","55",argos-doppler-shift,Limosa limosa,"134755",Aldeboarn,Continental black-tailed godwits (data from Senner et al. 2015)
"623000016",true,2014/04/25,5.793,52.87,,40,-130,401.6709214,"60",52.87,52.87,"3",5.793,5.793,"6","0","3",359,"7","28","0","1",argos-doppler-shift,Limosa limosa,"134755",Aldeboarn,Continental black-tailed godwits (data from Senner et al. 2015)
"623000017",true,2014/04/25,5.795,52.869,,40,-129,401.6709217,"8",52.869,52.869,B,5.795,5.795,"2","0","3",227,"144","160","2","16",argos-doppler-shift,Limosa limosa,"134755",Aldeboarn,Continental black-tailed godwits (data from Senner et al. 2015)
"623000018",true,2014/04/25,5.79,52.866,,40,-127,401.6709192,"0",52.866,52.866,B,5.79,5.79,"2","0","3",227,"9","28","0","1",argos-doppler-shift,Limosa limosa,"134755",Aldeboarn,Continental black-tailed godwits (data from Senner et al. 2015)
"623000019",true,2014/04/25,5.795,52.866,,40,-133,401.6709069,"8",52.866,52.866,A,5.795,5.795,"3","0","3",118,"169","168","2","33",argos-doppler-shift,Limosa limosa,"134755",Aldeboarn,Continental black-tailed godwits (data from Senner et al. 2015)
"623000020",true,2014/04/25,5.788,52.87,,40,-124,401.6709087,"58",52.87,52.87,"2",5.788,5.788,"7","0","3",419,"176","172","1","43",argos-doppler-shift,Limosa limosa,"134755",Aldeboarn,Continental black-tailed godwits (data from Senner et al. 2015)
"623000021",true,2014/04/25,5.792,52.869,,40,-119,401.6709079,"50",52.869,52.869,"3",5.792,5.792,"5","1","3",299,"10","28","0","1",argos-doppler-shift,Limosa limosa,"134755",Aldeboarn,Continental black-tailed godwits (data from Senner et al. 2015)
"623000022",true,2014/04/27,5.787,52.87,,40,-119,401.670915,"50",52.87,52.87,"3",5.787,5.787,"6","1","3",418,"156","196","3","45",argos-doppler-shift,Limosa limosa,"134755",Aldeboarn,Continental black-tailed godwits (data from Senner et al. 2015)
"623000023",true,2014/04/27,5.784,52.871,,40,-127,401.6709162,"50",52.871,52.871,"2",5.784,5.784,"5","0","3",299,"155","192","2","47",argos-doppler-shift,Limosa limosa,"134755",Aldeboarn,Continental black-tailed godwits (data from Senner et al. 2015)
"623000024",true,2014/04/27,5.791,52.869,,40,-130,401.6709172,"8",52.869,52.869,A,5.791,5.791,"3","0","3",178,"2","29","0","1",argos-doppler-shift,Limosa limosa,"134755",Aldeboarn,Continental black-tailed godwits (data from Senner et al. 2015)
"623000025",true,2014/04/27,5.795,52.866,,40,-129,401.6709178,"8",52.866,52.866,A,5.795,5.795,"3","0","3",119,"150","184","3","59",argos-doppler-shift,Limosa limosa,"134755",Aldeboarn,Continental black-tailed godwits (data from Senner et al. 2015)
"623000026",true,2014/04/27,5.796,52.865,,40,-138,401.67092,"0",52.865,52.865,B,5.796,5.796,"1","0","3",0,"145","184","1","60",argos-doppler-shift,Limosa limosa,"134755",Aldeboarn,Continental black-tailed godwits (data from Senner et al. 2015)
"623000027",true,2014/04/27,5.778,52.867,,40,-128,401.6709253,"8",52.867,52.867,A,5.778,5.778,"3","0","3",175,"141","176","1","3",argos-doppler-shift,Limosa limosa,"134755",Aldeboarn,Continental black-tailed godwits (data from Senner et al. 2015)
"623000028",true,2014/04/27,5.773,52.868,,40,-136,401.6709263,"8",52.868,52.868,B,5.773,5.773,"1","0","3",0,"137","168","2","11",argos-doppler-shift,Limosa limosa,"134755",Aldeboarn,Continental black-tailed godwits (data from Senner et al. 2015)
"623000029",true,2014/04/27,5.798,52.859,,40,-137,401.670932,"0",52.859,52.859,A,5.798,5.798,"3","0","3",117,"6","29","0","1",argos-doppler-shift,Limosa limosa,"134755",Aldeboarn,Continental black-tailed godwits (data from Senner et al. 2015)
"623000030",true,2014/04/27,5.809,52.859,,40,-121,401.6709185,"58",52.859,52.859,"3",5.809,5.809,"7","0","3",422,"152","164","3","37",argos-doppler-shift,Limosa limosa,"134755",Aldeboarn,Continental black-tailed godwits (data from Senner et al. 2015)
"623000031",true,2014/04/27,5.81,52.859,,40,-124,401.6709184,"50",52.859,52.859,"3",5.81,5.81,"6","0","3",301,"7","29","0","1",argos-doppler-shift,Limosa limosa,"134755",Aldeboarn,Continental black-tailed godwits (data from Senner et al. 2015)
"623000032",true,2014/04/27,5.818,52.873,,40,-125,401.6709142,"48",52.873,52.873,"0",5.818,5.818,"5","0","3",418,"9","29","0","1",argos-doppler-shift,Limosa limosa,"134755",Aldeboarn,Continental black-tailed godwits (data from Senner et al. 2015)
"623000033",true,2014/04/27,5.818,52.873,,40,-140,401.6709137,"0",52.873,52.873,B,5.818,5.818,"1","0","3",0,"215","160","2","19",argos-doppler-shift,Limosa limosa,"134755",Aldeboarn,Continental black-tailed godwits (data from Senner et al. 2015)
"623000034",true,2014/04/27,5.813,52.87,,40,-123,401.6709231,"40",52.87,52.87,"1",5.813,5.813,"6","0","3",546,"152","160","1","23",argos-doppler-shift,Limosa limosa,"134755",Aldeboarn,Continental black-tailed godwits (data from Senner et al. 2015)
"623000035",true,2014/04/27,5.831,52.909,,41,-121,401.6709219,"0",52.909,52.909,B,5.831,5.831,"2","0","3",176,"148","156","1","25",argos-doppler-shift,Limosa limosa,"134755",Aldeboarn,Continental black-tailed godwits (data from Senner et al. 2015)
"623000036",true,2014/04/29,5.79,52.865,,40,-121,401.6709178,"50",52.865,52.865,"0",5.79,5.79,"4","0","3",235,"150","200","3","51",argos-doppler-shift,Limosa limosa,"134755",Aldeboarn,Continental black-tailed godwits (data from Senner et al. 2015)
"623000037",true,2014/04/29,5.792,52.865,,40,-123,401.6709142,"8",52.865,52.865,B,5.792,5.792,"1","0","3",0,"153","196","2","63",argos-doppler-shift,Limosa limosa,"134755",Aldeboarn,Continental black-tailed godwits (data from Senner et al. 2015)
"623000038",true,2014/04/29,5.802,52.861,,40,-126,401.670921,"68",52.861,52.861,"3",5.802,5.802,"4","0","3",294,"147","192","2","19",argos-doppler-shift,Limosa limosa,"134755",Aldeboarn,Continental black-tailed godwits (data from Senner et al. 2015)
"623000039",true,2014/04/29,5.802,52.859,,40,-130,401.6709226,"50",52.859,52.859,"0",5.802,5.802,"4","0","3",408,"2","30","0","17",argos-doppler-shift,Limosa limosa,"134755",Aldeboarn,Continental black-tailed godwits (data from Senner et al. 2015)
"623000040",true,2014/04/29,5.797,52.867,,40,-126,401.670927,"50",52.867,52.867,"1",5.797,5.797,"4","0","3",288,"135","188","1","33",argos-doppler-shift,Limosa limosa,"134755",Aldeboarn,Continental black-tailed godwits (data from Senner et al. 2015)
"623000041",true,2014/04/29,5.762,52.891,,41,-116,401.6709062,"8",52.891,52.891,B,5.762,5.762,"2","2","3",59,"151","184","1","50",argos-doppler-shift,Limosa limosa,"134755",Aldeboarn,Continental black-tailed godwits (data from Senner et al. 2015)
"623000042",true,2014/04/29,5.746,52.877,,41,-132,401.6709277,"6",52.877,52.877,B,5.746,5.746,"2","0","3",117,"142","176","1","9",argos-doppler-shift,Limosa limosa,"134755",Aldeboarn,Continental black-tailed godwits (data from Senner et al. 2015)
"623000043",true,2014/04/30,5.664,52.87,,43,-123,401.6709199,"8",52.87,52.87,B,5.664,5.664,"2","0","3",178,"9","30","0","1",argos-doppler-shift,Limosa limosa,"134755",Aldeboarn,Continental black-tailed godwits (data from Senner et al. 2015)
"623000044",true,2014/04/30,5.708,52.869,,41,-127,401.6709235,"8",52.869,52.869,A,5.708,5.708,"3","0","3",236,"139","152","3","21",argos-doppler-shift,Limosa limosa,"134755",Aldeboarn,Continental black-tailed godwits (data from Senner et al. 2015)
"623000045",true,2014/04/30,5.706,52.877,,41,-127,401.6709221,"50",52.877,52.877,"2",5.706,5.706,"6","0","3",420,"149","152","2","31",argos-doppler-shift,Limosa limosa,"134755",Aldeboarn,Continental black-tailed godwits (data from Senner et al. 2015)
"623000046",true,2014/04/30,5.712,52.876,,41,-126,401.6709178,"50",52.876,52.876,"3",5.712,5.712,"5","0","3",242,"10","30","0","1",argos-doppler-shift,Limosa limosa,"134755",Aldeboarn,Continental black-tailed godwits (data from Senner et al. 2015)
"623000047",true,2014/05/02,5.79,52.87,,40,-131,401.6709255,"50",52.87,52.87,"2",5.79,5.79,"4","0","3",292,"142","188","1","50",argos-doppler-shift,Limosa limosa,"134755",Aldeboarn,Continental black-tailed godwits (data from Senner et al. 2015)
"623000048",true,2014/05/02,5.787,52.87,,40,-126,401.6709241,"8",52.87,52.87,A,5.787,5.787,"3","0","3",117,"154","180","3","5",argos-doppler-shift,Limosa limosa,"134755",Aldeboarn,Continental black-tailed godwits (data from Senner et al. 2015)
"623000049",true,2014/05/02,5.796,52.869,,40,-126,401.6709233,"50",52.869,52.869,"3",5.796,5.796,"8","0","3",413,"2","31","0","1",argos-doppler-shift,Limosa limosa,"134755",Aldeboarn,Continental black-tailed godwits (data from Senner et al. 2015)
"623000050",true,2014/05/02,5.805,52.863,,40,-120,401.6709229,"58",52.863,52.863,"2",5.805,5.805,"7","0","3",414,"3","31","0","1",argos-doppler-shift,Limosa limosa,"134755",Aldeboarn,Continental black-tailed godwits (data from Senner et al. 2015)
"623000051",true,2014/05/02,5.806,52.865,,40,-128,401.6709248,"58",52.865,52.865,"3",5.806,5.806,"8","0","3",409,"4","31","0","1",argos-doppler-shift,Limosa limosa,"134755",Aldeboarn,Continental black-tailed godwits (data from Senner et al. 2015)
"623000052",true,2014/05/02,5.808,52.863,,40,-132,401.6709267,"0",52.863,52.863,B,5.808,5.808,"2","0","3",353,"142","172","3","47",argos-doppler-shift,Limosa limosa,"134755",Aldeboarn,Continental black-tailed godwits (data from Senner et al. 2015)
"623000053",true,2014/05/02,5.809,52.856,,40,-126,401.6709211,"58",52.856,52.856,"3",5.809,5.809,"7","0","3",358,"145","168","2","61",argos-doppler-shift,Limosa limosa,"134755",Aldeboarn,Continental black-tailed godwits (data from Senner et al. 2015)
"623000054",true,2014/05/02,5.789,52.855,,40,-125,401.6709103,"58",52.855,52.855,"1",5.789,5.789,"4","0","3",243,"156","168","2","41",argos-doppler-shift,Limosa limosa,"134755",Aldeboarn,Continental black-tailed godwits (data from Senner et al. 2015)
"623000055",true,2014/05/02,5.785,52.861,,40,-116,401.6709172,"58",52.861,52.861,"3",5.785,5.785,"10","5","3",658,"7","31","0","1",argos-doppler-shift,Limosa limosa,"134755",Aldeboarn,Continental black-tailed godwits (data from Senner et al. 2015)
"623000056",true,2014/05/02,5.796,52.861,,40,-127,401.6709137,"58",52.861,52.861,"2",5.796,5.796,"6","0","3",422,"8","31","0","1",argos-doppler-shift,Limosa limosa,"134755",Aldeboarn,Continental black-tailed godwits (data from Senner et al. 2015)
"623000057",true,2014/05/02,5.794,52.862,,40,-121,401.6709137,"50",52.862,52.862,"3",5.794,5.794,"5","0","3",241,"8","31","0","1",argos-doppler-shift,Limosa limosa,"134755",Aldeboarn,Continental black-tailed godwits (data from Senner et al. 2015)
"623000058",true,2014/05/02,5.79,52.867,,40,-121,401.6709171,"58",52.867,52.867,"1",5.79,5.79,"6","0","3",298,"25","31","0","1",argos-doppler-shift,Limosa limosa,"134755",Aldeboarn,Continental black-tailed godwits (data from Senner et al. 2015)
"623000059",true,2014/05/02,5.805,52.858,,40,-125,401.6709172,"0",52.858,52.858,A,5.805,5.805,"3","0","3",296,"152","188","1","41",argos-doppler-shift,Limosa limosa,"134755",Aldeboarn,Continental black-tailed godwits (data from Senner et al. 2015)
"623000060",true,2014/05/02,5.81,52.86,,40,-133,401.6709143,"50",52.86,52.86,"2",5.81,5.81,"6","0","3",343,"160","196","3","45",argos-doppler-shift,Limosa limosa,"134755",Aldeboarn,Continental black-tailed godwits (data from Senner et al. 2015)
"623000061",true,2014/05/02,5.811,52.854,,40,-132,401.6709212,"8",52.854,52.854,B,5.811,5.811,"2","0","3",111,"148","196","2","62",argos-doppler-shift,Limosa limosa,"134755",Aldeboarn,Continental black-tailed godwits (data from Senner et al. 2015)
"623000062",true,2014/05/04,5.784,52.867,,40,-129,401.6709142,"50",52.867,52.867,"2",5.784,5.784,"7","0","3",478,"156","200","3","3",argos-doppler-shift,Limosa limosa,"134755",Aldeboarn,Continental black-tailed godwits (data from Senner et al. 2015)
"623000063",true,2014/05/04,5.805,52.893,,41,-130,401.6709263,"0",52.893,52.893,A,5.805,5.805,"3","0","3",181,"162","196","2","7",argos-doppler-shift,Limosa limosa,"134755",Aldeboarn,Continental black-tailed godwits (data from Senner et al. 2015)
"623000064",true,2014/05/04,5.811,52.887,,41,-128,401.6709213,"0",52.887,52.887,B,5.811,5.811,"2","0","3",58,"166","196","3","16",argos-doppler-shift,Limosa limosa,"134755",Aldeboarn,Continental black-tailed godwits (data from Senner et al. 2015)
"623000065",true,2014/05/04,5.812,52.882,,40,-129,401.6709068,"8",52.882,52.882,B,5.812,5.812,"1","0","3",0,"2","32","0","1",argos-doppler-shift,Limosa limosa,"134755",Aldeboarn,Continental black-tailed godwits (data from Senner et al. 2015)
"623000066",true,2014/05/04,5.796,52.869,,40,-121,401.6709113,"50",52.869,52.869,"2",5.796,5.796,"9","0","3",465,"2","32","0","1",argos-doppler-shift,Limosa limosa,"134755",Aldeboarn,Continental black-tailed godwits (data from Senner et al. 2015)
"623000067",true,2014/05/04,5.786,52.865,,40,-122,401.6709145,"58",52.865,52.865,"3",5.786,5.786,"7","0","3",482,"160","192","2","63",argos-doppler-shift,Limosa limosa,"134755",Aldeboarn,Continental black-tailed godwits (data from Senner et al. 2015)
"623000068",true,2014/05/04,5.784,52.867,,40,-129,401.6709136,"50",52.867,52.867,"1",5.784,5.784,"4","0","3",241,"4","32","0","1",argos-doppler-shift,Limosa limosa,"134755",Aldeboarn,Continental black-tailed godwits (data from Senner et al. 2015)
"623000069",true,2014/05/04,5.783,52.869,,40,-133,401.6709136,"0",52.869,52.869,A,5.783,5.783,"3","0","3",241,"159","192","3","8",argos-doppler-shift,Limosa limosa,"134755",Aldeboarn,Continental black-tailed godwits (data from Senner et al. 2015)
"623000070",true,2014/05/04,5.788,52.871,,40,-124,401.6709148,"50",52.871,52.871,"3",5.788,5.788,"4","0","3",227,"5","32","0","1",argos-doppler-shift,Limosa limosa,"134755",Aldeboarn,Continental black-tailed godwits (data from Senner et al. 2015)
"623000071",true,2014/05/04,5.782,52.87,,40,-120,401.6709146,"8",52.87,52.87,A,5.782,5.782,"3","0","3",170,"5","32","0","1",argos-doppler-shift,Limosa limosa,"134755",Aldeboarn,Continental black-tailed godwits (data from Senner et al. 2015)
"623000072",true,2014/05/04,5.786,52.863,,40,-129,401.6709181,"8",52.863,52.863,B,5.786,5.786,"1","0","3",0,"148","180","2","56",argos-doppler-shift,Limosa limosa,"134755",Aldeboarn,Continental black-tailed godwits (data from Senner et al. 2015)
"623000073",true,2014/05/04,5.783,52.873,,40,-131,401.6709193,"50",52.873,52.873,"3",5.783,5.783,"5","0","3",355,"148","180","3","1",argos-doppler-shift,Limosa limosa,"134755",Aldeboarn,Continental black-tailed godwits (data from Senner et al. 2015)
"623000074",true,2014/05/04,5.782,52.869,,40,-124,401.6709199,"8",52.869,52.869,B,5.782,5.782,"1","0","3",0,"148","172","1","24",argos-doppler-shift,Limosa limosa,"134755",Aldeboarn,Continental black-tailed godwits (data from Senner et al. 2015)
"623000075",true,2014/05/04,5.788,52.87,,40,-118,401.6709201,"50",52.87,52.87,"3",5.788,5.788,"10","2","3",536,"8","32","0","1",argos-doppler-shift,Limosa limosa,"134755",Aldeboarn,Continental black-tailed godwits (data from Senner et al. 2015)
"623000076",true,2014/05/04,5.789,52.869,,40,-132,401.6709194,"8",52.869,52.869,B,5.789,5.789,"1","0","3",0,"9","32","0","1",argos-doppler-shift,Limosa limosa,"134755",Aldeboarn,Continental black-tailed godwits (data from Senner et al. 2015)
"623000077",true,2014/05/04,5.785,52.871,,40,-124,401.6709207,"50",52.871,52.871,"3",5.785,5.785,"5","0","3",534,"145","168","1","47",argos-doppler-shift,Limosa limosa,"134755",Aldeboarn,Continental black-tailed godwits (data from Senner et al. 2015)
"623000078",true,2014/05/04,5.811,52.891,,41,-115,401.6709256,"40",52.891,52.891,"0",5.811,5.811,"11","6","3",747,"10","32","0","1",argos-doppler-shift,Limosa limosa,"134755",Aldeboarn,Continental black-tailed godwits (data from Senner et al. 2015)
"623000079",true,2014/05/04,5.702,52.868,,41,-132,401.6709245,"50",52.868,52.868,"2",5.702,5.702,"6","0","3",297,"10","32","0","1",argos-doppler-shift,Limosa limosa,"134755",Aldeboarn,Continental black-tailed godwits (data from Senner et al. 2015)
"623000080",true,2014/05/06,5.773,52.895,,41,-129,401.670917,"50",52.895,52.895,"1",5.773,5.773,"4","0","3",297,"153","192","1","7",argos-doppler-shift,Limosa limosa,"134755",Aldeboarn,Continental black-tailed godwits (data from Senner et al. 2015)
"623000081",true,2014/05/06,5.759,52.894,,41,-136,401.6709203,"58",52.894,52.894,"1",5.759,5.759,"6","0","3",297,"153","192","1","9",argos-doppler-shift,Limosa limosa,"134755",Aldeboarn,Continental black-tailed godwits (data from Senner et al. 2015)
"623000082",true,2014/05/06,5.755,52.89,,41,-125,401.6709189,"60",52.89,52.89,"3",5.755,5.755,"7","0","3",415,"151","188","1","9",argos-doppler-shift,Limosa limosa,"134755",Aldeboarn,Continental black-tailed godwits (data from Senner et al. 2015)
"623000083",true,2014/05/06,5.755,52.89,,41,-119,401.6709197,"50",52.89,52.89,"3",5.755,5.755,"6","1","3",296,"150","188","1","9",argos-doppler-shift,Limosa limosa,"134755",Aldeboarn,Continental black-tailed godwits (data from Senner et al. 2015)
"623000084",true,2014/05/07,5.753,52.891,,41,-122,401.6709303,"58",52.891,52.891,"2",5.753,5.753,"7","0","3",348,"7","33","0","1",argos-doppler-shift,Limosa limosa,"134755",Aldeboarn,Continental black-tailed godwits (data from Senner et al. 2015)
"623000085",true,2014/05/07,5.801,52.861,,40,-126,401.6709282,"8",52.861,52.861,A,5.801,5.801,"3","0","3",176,"135","160","3","42",argos-doppler-shift,Limosa limosa,"134755",Aldeboarn,Continental black-tailed godwits (data from Senner et al. 2015)
"623000086",true,2014/05/07,5.804,52.861,,40,-122,401.6709268,"50",52.861,52.861,"3",5.804,5.804,"7","0","3",409,"9","33","0","1",argos-doppler-shift,Limosa limosa,"134755",Aldeboarn,Continental black-tailed godwits (data from Senner et al. 2015)
"623000087",true,2014/05/07,5.803,52.871,,40,-126,401.6709314,"50",52.871,52.871,"1",5.803,5.803,"6","0","3",412,"9","33","0","1",argos-doppler-shift,Limosa limosa,"134755",Aldeboarn,Continental black-tailed godwits (data from Senner et al. 2015)
"623000088",true,2014/05/07,5.821,52.852,,40,-120,401.6709235,"48",52.852,52.852,"1",5.821,5.821,"7","0","3",409,"138","156","2","12",argos-doppler-shift,Limosa limosa,"134755",Aldeboarn,Continental black-tailed godwits (data from Senner et al. 2015)
"623000089",true,2014/05/07,5.805,52.865,,40,-118,401.6709234,"60",52.865,52.865,"3",5.805,5.805,"7","1","3",418,"10","33","0","1",argos-doppler-shift,Limosa limosa,"134755",Aldeboarn,Continental black-tailed godwits (data from Senner et al. 2015)
"623000090",true,2014/05/07,5.803,52.865,,40,-138,401.6709222,"0",52.865,52.865,B,5.803,5.803,"1","0","3",0,"146","156","2","23",argos-doppler-shift,Limosa limosa,"134755",Aldeboarn,Continental black-tailed godwits (data from Senner et al. 2015)
"623000091",true,2014/05/09,5.788,52.876,,40,-126,401.6709292,"0",52.876,52.876,A,5.788,5.788,"3","0","3",346,"1","34","0","1",argos-doppler-shift,Limosa limosa,"134755",Aldeboarn,Continental black-tailed godwits (data from Senner et al. 2015)
"623000092",true,2014/05/09,5.786,52.873,,40,-125,401.6709257,"40",52.873,52.873,"1",5.786,5.786,"5","0","3",461,"1","34","0","1",argos-doppler-shift,Limosa limosa,"134755",Aldeboarn,Continental black-tailed godwits (data from Senner et al. 2015)
"623000093",true,2014/05/09,5.791,52.872,,40,-121,401.6709241,"58",52.872,52.872,"2",5.791,5.791,"5","0","3",237,"150","192","1","55",argos-doppler-shift,Limosa limosa,"134755",Aldeboarn,Continental black-tailed godwits (data from Senner et al. 2015)
"623000094",true,2014/05/09,5.796,52.868,,40,-134,401.6709256,"8",52.868,52.868,B,5.796,5.796,"1","0","3",0,"146","188","1","3",argos-doppler-shift,Limosa limosa,"134755",Aldeboarn,Continental black-tailed godwits (data from Senner et al. 2015)
"623000095",true,2014/05/09,5.788,52.872,,40,-125,401.6709254,"50",52.872,52.872,"2",5.788,5.788,"5","0","3",411,"146","188","2","3",argos-doppler-shift,Limosa limosa,"134755",Aldeboarn,Continental black-tailed godwits (data from Senner et al. 2015)
"623000096",true,2014/05/09,5.797,52.881,,40,-134,401.6709294,"8",52.881,52.881,A,5.797,5.797,"3","0","3",176,"141","180","3","19",argos-doppler-shift,Limosa limosa,"134755",Aldeboarn,Continental black-tailed godwits (data from Senner et al. 2015)
"623000097",true,2014/05/09,5.787,52.882,,40,-131,401.6709285,"8",52.882,52.882,B,5.787,5.787,"2","0","3",176,"4","34","0","1",argos-doppler-shift,Limosa limosa,"134755",Aldeboarn,Continental black-tailed godwits (data from Senner et al. 2015)
"623000098",true,2014/05/09,5.784,52.872,,40,-120,401.6709196,"58",52.872,52.872,"3",5.784,5.784,"6","0","3",299,"5","34","0","1",argos-doppler-shift,Limosa limosa,"134755",Aldeboarn,Continental black-tailed godwits (data from Senner et al. 2015)
"623000099",true,2014/05/09,5.79,52.87,,40,-129,401.6709233,"60",52.87,52.87,"3",5.79,5.79,"4","0","3",352,"145","184","3","63",argos-doppler-shift,Limosa limosa,"134755",Aldeboarn,Continental black-tailed godwits (data from Senner et al. 2015)
"623000100",true,2014/05/09,5.776,52.873,,40,-128,401.6709153,"58",52.873,52.873,"2",5.776,5.776,"4","0","3",181,"162","192","2","7",argos-doppler-shift,Limosa limosa,"134755",Aldeboarn,Continental black-tailed godwits (data from Senner et al. 2015)
"623000101",true,2014/05/09,5.797,52.867,,40,-114,401.6709226,"58",52.867,52.867,"3",5.797,5.797,"9","3","3",499,"7","34","0","1",argos-doppler-shift,Limosa limosa,"134755",Aldeboarn,Continental black-tailed godwits (data from Senner et al. 2015)
"623000102",true,2014/05/09,5.784,52.872,,40,-118,401.6709268,"50",52.872,52.872,"3",5.784,5.784,"7","1","3",385,"139","196","3","36",argos-doppler-shift,Limosa limosa,"134755",Aldeboarn,Continental black-tailed godwits (data from Senner et al. 2015)
"623000103",true,2014/05/09,5.775,52.865,,40,-123,401.6709156,"58",52.865,52.865,"3",5.775,5.775,"7","0","3",400,"9","34","0","1",argos-doppler-shift,Limosa limosa,"134755",Aldeboarn,Continental black-tailed godwits (data from Senner et al. 2015)
"623000104",true,2014/05/09,5.775,52.854,,40,-122,401.6709097,"0",52.854,52.854,A,5.775,5.775,"3","0","3",169,"153","200","1","59",argos-doppler-shift,Limosa limosa,"134755",Aldeboarn,Continental black-tailed godwits (data from Senner et al. 2015)
"623000105",true,2014/05/09,5.777,52.866,,40,-134,401.670906,"0",52.866,52.866,B,5.777,5.777,"1","0","3",0,"175","200","3","3",argos-doppler-shift,Limosa limosa,"134755",Aldeboarn,Continental black-tailed godwits (data from Senner et al. 2015)
"623000106",true,2014/05/09,5.785,52.877,,40,-126,401.6709124,"8",52.877,52.877,A,5.785,5.785,"3","0","3",241,"154","204","2","5",argos-doppler-shift,Limosa limosa,"134755",Aldeboarn,Continental black-tailed godwits (data from Senner et al. 2015)
"623000107",true,2014/05/11,5.791,52.864,,40,-132,401.6709228,"50",52.864,52.864,"2",5.791,5.791,"7","0","3",419,"1","35","3","1",argos-doppler-shift,Limosa limosa,"134755",Aldeboarn,Continental black-tailed godwits (data from Senner et al. 2015)
"623000108",true,2014/05/11,5.785,52.863,,40,-134,401.670929,"8",52.863,52.863,B,5.785,5.785,"1","0","3",0,"127","72","2","59",argos-doppler-shift,Limosa limosa,"134755",Aldeboarn,Continental black-tailed godwits (data from Senner et al. 2015)
"623000109",true,2014/05/11,5.794,52.863,,40,-122,401.6709308,"48",52.863,52.863,"1",5.794,5.794,"9","0","3",461,"2","35","0","1",argos-doppler-shift,Limosa limosa,"134755",Aldeboarn,Continental black-tailed godwits (data from Senner et al. 2015)
"623000110",true,2014/05/11,5.803,52.87,,40,-121,401.6709301,"48",52.87,52.87,"1",5.803,5.803,"8","0","3",516,"3","35","0","1",argos-doppler-shift,Limosa limosa,"134755",Aldeboarn,Continental black-tailed godwits (data from Senner et al. 2015)
"623000111",true,2014/05/11,5.805,52.868,,40,-123,401.6709278,"0",52.868,52.868,B,5.805,5.805,"2","0","3",58,"137","200","3","4",argos-doppler-shift,Limosa limosa,"134755",Aldeboarn,Continental black-tailed godwits (data from Senner et al. 2015)
"623000112",true,2014/05/11,5.806,52.832,,40,-134,401.6709422,"8",52.832,52.832,A,5.806,5.806,"3","0","3",415,"152","200","3","48",argos-doppler-shift,Limosa limosa,"134755",Aldeboarn,Continental black-tailed godwits (data from Senner et al. 2015)
"623000113",true,2014/05/11,5.808,52.87,,40,-121,401.6709211,"40",52.87,52.87,"2",5.808,5.808,"6","0","3",296,"150","200","1","51",argos-doppler-shift,Limosa limosa,"134755",Aldeboarn,Continental black-tailed godwits (data from Senner et al. 2015)
"623000114",true,2014/05/11,5.798,52.839,,40,-132,401.6709131,"8",52.839,52.839,B,5.798,5.798,"1","0","3",0,"6","35","0","1",argos-doppler-shift,Limosa limosa,"134755",Aldeboarn,Continental black-tailed godwits (data from Senner et al. 2015)
"623000115",true,2014/05/11,5.792,52.845,,40,-134,401.6709182,"8",52.845,52.845,B,5.792,5.792,"1","0","3",0,"141","196","1","25",argos-doppler-shift,Limosa limosa,"134755",Aldeboarn,Continental black-tailed godwits (data from Senner et al. 2015)
"623000116",true,2014/05/11,5.772,52.844,,40,-131,401.6709295,"0",52.844,52.844,B,5.772,5.772,"1","0","3",0,"137","188","2","35",argos-doppler-shift,Limosa limosa,"134755",Aldeboarn,Continental black-tailed godwits (data from Senner et al. 2015)
"623000117",true,2014/05/11,5.831,52.861,,40,-118,401.6709284,"50",52.861,52.861,"0",5.831,5.831,"7","2","3",347,"7","35","0","1",argos-doppler-shift,Limosa limosa,"134755",Aldeboarn,Continental black-tailed godwits (data from Senner et al. 2015)
"623000118",true,2014/05/11,5.829,52.864,,40,-133,401.670936,"0",52.864,52.864,B,5.829,5.829,"1","0","3",0,"8","35","0","1",argos-doppler-shift,Limosa limosa,"134755",Aldeboarn,Continental black-tailed godwits (data from Senner et al. 2015)
"623000119",true,2014/05/11,5.786,52.871,,40,-114,401.6709265,"58",52.871,52.871,"3",5.786,5.786,"6","4","3",291,"139","184","3","53",argos-doppler-shift,Limosa limosa,"134755",Aldeboarn,Continental black-tailed godwits (data from Senner et al. 2015)
"623000120",true,2014/05/11,5.785,52.869,,40,-121,401.6709326,"58",52.869,52.869,"3",5.785,5.785,"8","0","3",455,"9","35","0","1",argos-doppler-shift,Limosa limosa,"134755",Aldeboarn,Continental black-tailed godwits (data from Senner et al. 2015)
"623000121",true,2014/05/11,5.788,52.868,,40,-128,401.6709326,"50",52.868,52.868,"1",5.788,5.788,"4","0","3",170,"123","180","2","8",argos-doppler-shift,Limosa limosa,"134755",Aldeboarn,Continental black-tailed godwits (data from Senner et al. 2015)
"623000122",true,2014/05/11,5.777,52.867,,40,-122,401.6709313,"50",52.867,52.867,"1",5.777,5.777,"10","0","3",517,"9","35","0","1",argos-doppler-shift,Limosa limosa,"134755",Aldeboarn,Continental black-tailed godwits (data from Senner et al. 2015)
"623000123",true,2014/05/11,5.748,52.888,,41,-125,401.6709245,"58",52.888,52.888,"2",5.748,5.748,"5","0","3",355,"10","35","0","1",argos-doppler-shift,Limosa limosa,"134755",Aldeboarn,Continental black-tailed godwits (data from Senner et al. 2015)
"623000124",true,2014/05/13,5.818,52.863,,40,-114,401.6709352,"40",52.863,52.863,"1",5.818,5.818,"7","4","3",592,"1","36","0","1",argos-doppler-shift,Limosa limosa,"134755",Aldeboarn,Continental black-tailed godwits (data from Senner et al. 2015)
"623000125",true,2014/05/13,5.797,52.866,,40,-134,401.6709321,"0",52.866,52.866,A,5.797,5.797,"3","0","3",238,"127","196","3","38",argos-doppler-shift,Limosa limosa,"134755",Aldeboarn,Continental black-tailed godwits (data from Senner et al. 2015)
"623000126",true,2014/05/13,5.797,52.866,,40,-134,401.6709322,"0",52.866,52.866,A,5.797,5.797,"3","0","3",238,"127","196","3","38",argos-doppler-shift,Limosa limosa,"134755",Aldeboarn,Continental black-tailed godwits (data from Senner et al. 2015)
"623000127",true,2014/05/13,5.799,52.863,,40,-125,401.6709283,"58",52.863,52.863,"3",5.799,5.799,"5","0","3",523,"134","188","2","49",argos-doppler-shift,Limosa limosa,"134755",Aldeboarn,Continental black-tailed godwits (data from Senner et al. 2015)
"623000128",true,2014/05/13,5.799,52.863,,40,-125,401.6709283,"58",52.863,52.863,"3",5.799,5.799,"5","0","3",523,"134","188","2","49",argos-doppler-shift,Limosa limosa,"134755",Aldeboarn,Continental black-tailed godwits (data from Senner et al. 2015)
"623000129",true,2014/05/13,5.799,52.864,,40,-131,401.6709283,"0",52.864,52.864,B,5.799,5.799,"1","0","3",0,"132","188","3","55",argos-doppler-shift,Limosa limosa,"134755",Aldeboarn,Continental black-tailed godwits (data from Senner et al. 2015)
"623000130",true,2014/05/13,5.8,52.864,,40,-131,401.6709285,"0",52.864,52.864,B,5.8,5.8,"1","0","3",0,"132","188","3","55",argos-doppler-shift,Limosa limosa,"134755",Aldeboarn,Continental black-tailed godwits (data from Senner et al. 2015)
"623000131",true,2014/05/13,5.803,52.866,,40,-128,401.6709273,"58",52.866,52.866,"1",5.803,5.803,"4","0","3",173,"133","184","1","7",argos-doppler-shift,Limosa limosa,"134755",Aldeboarn,Continental black-tailed godwits (data from Senner et al. 2015)
"623000132",true,2014/05/14,5.797,52.865,,40,-123,401.6709291,"58",52.865,52.865,"3",5.797,5.797,"6","0","3",349,"133","168","1","61",argos-doppler-shift,Limosa limosa,"134755",Aldeboarn,Continental black-tailed godwits (data from Senner et al. 2015)
"623000133",true,2014/05/14,5.803,52.865,,40,-124,401.6709303,"58",52.865,52.865,"3",5.803,5.803,"10","0","3",522,"7","36","0","1",argos-doppler-shift,Limosa limosa,"134755",Aldeboarn,Continental black-tailed godwits (data from Senner et al. 2015)
"623000134",true,2014/05/14,5.804,52.865,,40,-124,401.6709303,"58",52.865,52.865,"3",5.804,5.804,"10","0","3",522,"7","36","0","1",argos-doppler-shift,Limosa limosa,"134755",Aldeboarn,Continental black-tailed godwits (data from Senner et al. 2015)
"623000135",true,2014/05/14,5.804,52.865,,40,-133,401.6709294,"0",52.865,52.865,B,5.804,5.804,"1","0","3",0,"133","160","2","27",argos-doppler-shift,Limosa limosa,"134755",Aldeboarn,Continental black-tailed godwits (data from Senner et al. 2015)
"623000136",true,2014/05/14,5.804,52.865,,40,-133,401.67093,"0",52.865,52.865,B,5.804,5.804,"1","0","3",0,"133","160","2","27",argos-doppler-shift,Limosa limosa,"134755",Aldeboarn,Continental black-tailed godwits (data from Senner et al. 2015)
"623000137",true,2014/05/14,5.803,52.864,,40,-120,401.6709258,"58",52.864,52.864,"3",5.803,5.803,"6","0","3",298,"9","36","0","1",argos-doppler-shift,Limosa limosa,"134755",Aldeboarn,Continental black-tailed godwits (data from Senner et al. 2015)
"623000138",true,2014/05/14,5.803,52.864,,40,-120,401.6709245,"58",52.864,52.864,"3",5.803,5.803,"6","0","3",298,"9","36","0","1",argos-doppler-shift,Limosa limosa,"134755",Aldeboarn,Continental black-tailed godwits (data from Senner et al. 2015)
"623000139",true,2014/05/14,5.801,52.864,,40,-118,401.6709151,"58",52.864,52.864,"2",5.801,5.801,"6","1","3",306,"9","36","0","1",argos-doppler-shift,Limosa limosa,"134755",Aldeboarn,Continental black-tailed godwits (data from Senner et al. 2015)
"623000140",true,2014/05/14,5.797,52.865,,40,-118,401.6709151,"58",52.865,52.865,"2",5.797,5.797,"6","1","3",306,"9","36","0","1",argos-doppler-shift,Limosa limosa,"134755",Aldeboarn,Continental black-tailed godwits (data from Senner et al. 2015)
"623000141",true,2014/05/14,5.778,52.871,,40,-125,401.6709182,"58",52.871,52.871,"2",5.778,5.778,"7","0","3",364,"155","156","2","17",argos-doppler-shift,Limosa limosa,"134755",Aldeboarn,Continental black-tailed godwits (data from Senner et al. 2015)
"623000142",true,2014/05/14,5.797,52.868,,40,-131,401.6709207,"50",52.868,52.868,"3",5.797,5.797,"5","0","3",302,"10","36","0","1",argos-doppler-shift,Limosa limosa,"134755",Aldeboarn,Continental black-tailed godwits (data from Senner et al. 2015)
"623000143",true,2014/05/14,5.797,52.868,,40,-131,401.6709208,"50",52.868,52.868,"3",5.797,5.797,"5","0","3",302,"10","36","0","1",argos-doppler-shift,Limosa limosa,"134755",Aldeboarn,Continental black-tailed godwits (data from Senner et al. 2015)
"623000144",true,2014/05/16,5.772,52.888,,41,-121,401.6709243,"0",52.888,52.888,A,5.772,5.772,"3","0","3",358,"150","196","3","33",argos-doppler-shift,Limosa limosa,"134755",Aldeboarn,Continental black-tailed godwits (data from Senner et al. 2015)
"623000145",true,2014/05/16,5.777,52.865,,40,-122,401.6709228,"40",52.865,52.865,"2",5.777,5.777,"6","0","3",358,"159","132","3","33",argos-doppler-shift,Limosa limosa,"134755",Aldeboarn,Continental black-tailed godwits (data from Senner et al. 2015)
"623000146",true,2014/05/16,5.791,52.869,,40,-122,401.670913,"58",52.869,52.869,"3",5.791,5.791,"6","0","3",306,"185","204","1","53",argos-doppler-shift,Limosa limosa,"134755",Aldeboarn,Continental black-tailed godwits (data from Senner et al. 2015)
"623000147",true,2014/05/16,5.78,52.871,,40,-136,401.6709161,"8",52.871,52.871,B,5.78,5.78,"1","0","3",0,"153","68","1","15",argos-doppler-shift,Limosa limosa,"134755",Aldeboarn,Continental black-tailed godwits (data from Senner et al. 2015)
"623000148",true,2014/05/16,5.782,52.87,,40,-136,401.6709161,"8",52.87,52.87,B,5.782,5.782,"1","0","3",0,"153","68","1","15",argos-doppler-shift,Limosa limosa,"134755",Aldeboarn,Continental black-tailed godwits (data from Senner et al. 2015)
"623000149",true,2014/05/16,5.787,52.874,,40,-119,401.6709176,"50",52.874,52.874,"2",5.787,5.787,"7","1","3",367,"5","37","3","1",argos-doppler-shift,Limosa limosa,"134755",Aldeboarn,Continental black-tailed godwits (data from Senner et al. 2015)
"623000150",true,2014/05/16,5.798,52.87,,40,-127,401.6709248,"48",52.87,52.87,"1",5.798,5.798,"6","0","3",479,"199","200","3","42",argos-doppler-shift,Limosa limosa,"134755",Aldeboarn,Continental black-tailed godwits (data from Senner et al. 2015)
"623000151",true,2014/05/16,5.797,52.866,,40,-123,401.6709134,"50",52.866,52.866,"3",5.797,5.797,"5","0","3",350,"7","37","0","1",argos-doppler-shift,Limosa limosa,"134755",Aldeboarn,Continental black-tailed godwits (data from Senner et al. 2015)
"623000152",true,2014/05/16,5.789,52.874,,40,-124,401.6709224,"50",52.874,52.874,"3",5.789,5.789,"6","0","3",418,"7","37","0","1",argos-doppler-shift,Limosa limosa,"134755",Aldeboarn,Continental black-tailed godwits (data from Senner et al. 2015)
"623000153",true,2014/05/16,5.778,52.867,,40,-121,401.670917,"58",52.867,52.867,"1",5.778,5.778,"5","0","3",294,"8","33","0","1",argos-doppler-shift,Limosa limosa,"134755",Aldeboarn,Continental black-tailed godwits (data from Senner et al. 2015)
"623000154",true,2014/05/16,5.778,52.867,,40,-121,401.670917,"58",52.867,52.867,"1",5.778,5.778,"5","0","3",294,"8","33","0","1",argos-doppler-shift,Limosa limosa,"134755",Aldeboarn,Continental black-tailed godwits (data from Senner et al. 2015)
"623000155",true,2014/05/16,5.779,52.867,,40,-132,401.6709014,"0",52.867,52.867,B,5.779,5.779,"1","0","3",0,"188","204","2","15",argos-doppler-shift,Limosa limosa,"134755",Aldeboarn,Continental black-tailed godwits (data from Senner et al. 2015)
"623000156",true,2014/05/16,5.803,52.87,,40,-124,401.6709126,"58",52.87,52.87,"2",5.803,5.803,"4","0","3",306,"190","200","3","51",argos-doppler-shift,Limosa limosa,"134755",Aldeboarn,Continental black-tailed godwits (data from Senner et al. 2015)
"623000157",true,2014/05/16,5.806,52.867,,40,-137,401.6709084,"8",52.867,52.867,B,5.806,5.806,"2","0","3",117,"173","200","2","59",argos-doppler-shift,Limosa limosa,"134755",Aldeboarn,Continental black-tailed godwits (data from Senner et al. 2015)
"623000158",true,2014/05/16,5.806,52.868,,40,-137,401.6709084,"8",52.868,52.868,B,5.806,5.806,"2","0","3",117,"173","200","2","59",argos-doppler-shift,Limosa limosa,"134755",Aldeboarn,Continental black-tailed godwits (data from Senner et al. 2015)
"623000159",true,2014/05/16,5.805,52.867,,40,-127,401.6709093,"0",52.867,52.867,B,5.805,5.805,"1","0","3",0,"10","37","0","1",argos-doppler-shift,Limosa limosa,"134755",Aldeboarn,Continental black-tailed godwits (data from Senner et al. 2015)
"623000160",true,2014/05/18,5.791,52.866,,40,-129,401.6709042,"50",52.866,52.866,"2",5.791,5.791,"7","0","3",419,"1","38","0","1",argos-doppler-shift,Limosa limosa,"134755",Aldeboarn,Continental black-tailed godwits (data from Senner et al. 2015)
"623000161",true,2014/05/18,5.659,52.84,,0,-124,401.6709122,"48",52.84,52.84,"0",5.659,5.659,"6","0","3",496,"192","200","2","27",argos-doppler-shift,Limosa limosa,"134755",Aldeboarn,Continental black-tailed godwits (data from Senner et al. 2015)
"623000162",true,2014/05/18,5.798,52.86,,40,-121,401.670909,"50",52.86,52.86,"3",5.798,5.798,"5","0","3",243,"186","200","2","27",argos-doppler-shift,Limosa limosa,"134755",Aldeboarn,Continental black-tailed godwits (data from Senner et al. 2015)
"623000163",true,2014/05/18,5.815,52.86,,40,-134,401.6709074,"8",52.86,52.86,A,5.815,5.815,"3","0","3",241,"185","200","3","45",argos-doppler-shift,Limosa limosa,"134755",Aldeboarn,Continental black-tailed godwits (data from Senner et al. 2015)
"623000164",true,2014/05/18,5.795,52.839,,40,-124,401.6709153,"40",52.839,52.839,"0",5.795,5.795,"7","0","3",408,"4","38","0","1",argos-doppler-shift,Limosa limosa,"134755",Aldeboarn,Continental black-tailed godwits (data from Senner et al. 2015)
"623000165",true,2014/05/18,5.797,52.865,,40,-120,401.6709098,"58",52.865,52.865,"3",5.797,5.797,"7","0","3",401,"5","38","0","1",argos-doppler-shift,Limosa limosa,"134755",Aldeboarn,Continental black-tailed godwits (data from Senner et al. 2015)
"623000166",true,2014/05/18,5.786,52.858,,40,-130,401.6709116,"8",52.858,52.858,B,5.786,5.786,"2","0","3",227,"158","192","1","36",argos-doppler-shift,Limosa limosa,"134755",Aldeboarn,Continental black-tailed godwits (data from Senner et al. 2015)
"623000167",true,2014/05/18,5.784,52.859,,40,-127,401.6709154,"0",52.859,52.859,B,5.784,5.784,"1","0","3",0,"151","192","1","39",argos-doppler-shift,Limosa limosa,"134755",Aldeboarn,Continental black-tailed godwits (data from Senner et al. 2015)
"623000168",true,2014/05/18,5.795,52.869,,40,-127,401.670918,"8",52.869,52.869,A,5.795,5.795,"3","0","3",116,"140","56","2","1",argos-doppler-shift,Limosa limosa,"134755",Aldeboarn,Continental black-tailed godwits (data from Senner et al. 2015)
"623000169",true,2014/05/18,5.802,52.863,,40,-128,401.6709159,"50",52.863,52.863,"1",5.802,5.802,"5","0","3",238,"7","38","0","1",argos-doppler-shift,Limosa limosa,"134755",Aldeboarn,Continental black-tailed godwits (data from Senner et al. 2015)
"623000170",true,2014/05/18,5.821,52.868,,40,-123,401.6709235,"50",52.868,52.868,"1",5.821,5.821,"8","0","3",523,"137","180","1","9",argos-doppler-shift,Limosa limosa,"134755",Aldeboarn,Continental black-tailed godwits (data from Senner et al. 2015)
"623000171",true,2014/05/18,5.81,52.866,,40,-115,401.6709245,"50",52.866,52.866,"3",5.81,5.81,"6","5","3",348,"8","38","0","1",argos-doppler-shift,Limosa limosa,"134755",Aldeboarn,Continental black-tailed godwits (data from Senner et al. 2015)
"623000172",true,2014/05/18,5.805,52.865,,40,-137,401.6709217,"8",52.865,52.865,B,5.805,5.805,"1","0","3",0,"9","38","0","1",argos-doppler-shift,Limosa limosa,"134755",Aldeboarn,Continental black-tailed godwits (data from Senner et al. 2015)
"623000173",true,2014/05/18,5.8,52.865,,40,-134,401.6709186,"8",52.865,52.865,B,5.8,5.8,"1","0","3",0,"9","38","0","17",argos-doppler-shift,Limosa limosa,"134755",Aldeboarn,Continental black-tailed godwits (data from Senner et al. 2015)
"623000174",true,2014/05/21,5.805,52.863,,40,-123,401.6709236,"50",52.863,52.863,"3",5.805,5.805,"8","0","3",530,"4","39","0","1",argos-doppler-shift,Limosa limosa,"134755",Aldeboarn,Continental black-tailed godwits (data from Senner et al. 2015)
"623000175",true,2014/05/21,5.804,52.861,,40,-125,401.6709225,"58",52.861,52.861,"3",5.804,5.804,"7","0","3",472,"142","168","1","5",argos-doppler-shift,Limosa limosa,"134755",Aldeboarn,Continental black-tailed godwits (data from Senner et al. 2015)
"623000176",true,2014/05/21,5.808,52.863,,40,-127,401.6709216,"58",52.863,52.863,"3",5.808,5.808,"7","0","3",355,"147","164","3","23",argos-doppler-shift,Limosa limosa,"134755",Aldeboarn,Continental black-tailed godwits (data from Senner et al. 2015)
"623000177",true,2014/05/21,5.856,52.852,,41,-122,401.6709184,"40",52.852,52.852,"0",5.856,5.856,"6","0","3",542,"7","39","0","1",argos-doppler-shift,Limosa limosa,"134755",Aldeboarn,Continental black-tailed godwits (data from Senner et al. 2015)
"623000178",true,2014/05/21,5.804,52.864,,40,-121,401.6709186,"50",52.864,52.864,"3",5.804,5.804,"4","0","3",182,"7","39","0","1",argos-doppler-shift,Limosa limosa,"134755",Aldeboarn,Continental black-tailed godwits (data from Senner et al. 2015)
"623000179",true,2014/05/21,5.796,52.865,,40,-121,401.6709154,"58",52.865,52.865,"3",5.796,5.796,"6","0","3",303,"156","160","2","53",argos-doppler-shift,Limosa limosa,"134755",Aldeboarn,Continental black-tailed godwits (data from Senner et al. 2015)
"623000180",true,2014/05/21,5.796,52.865,,40,-121,401.6709153,"58",52.865,52.865,"3",5.796,5.796,"5","0","3",303,"156","160","2","53",argos-doppler-shift,Limosa limosa,"134755",Aldeboarn,Continental black-tailed godwits (data from Senner et al. 2015)
"623000181",true,2014/05/21,5.806,52.866,,40,-125,401.6709092,"50",52.866,52.866,"2",5.806,5.806,"8","0","3",505,"177","164","2","2",argos-doppler-shift,Limosa limosa,"134755",Aldeboarn,Continental black-tailed godwits (data from Senner et al. 2015)
"623000182",true,2014/05/21,5.805,52.862,,40,-129,401.6709094,"50",52.862,52.862,"2",5.805,5.805,"4","0","3",316,"177","164","1","1",argos-doppler-shift,Limosa limosa,"134755",Aldeboarn,Continental black-tailed godwits (data from Senner et al. 2015)
"623000183",true,2014/05/21,5.804,52.863,,40,-133,401.6709084,"8",52.863,52.863,B,5.804,5.804,"2","0","3",60,"176","168","2","33",argos-doppler-shift,Limosa limosa,"134755",Aldeboarn,Continental black-tailed godwits (data from Senner et al. 2015)
"623000184",true,2014/05/21,5.802,52.864,,40,-128,401.670907,"0",52.864,52.864,B,5.802,5.802,"1","0","3",0,"11","39","0","1",argos-doppler-shift,Limosa limosa,"134755",Aldeboarn,Continental black-tailed godwits (data from Senner et al. 2015)
"623000185",true,2014/05/21,5.801,52.864,,40,-130,401.6709074,"0",52.864,52.864,B,5.801,5.801,"1","0","3",0,"185","24","1","41",argos-doppler-shift,Limosa limosa,"134755",Aldeboarn,Continental black-tailed godwits (data from Senner et al. 2015)
"623000186",true,2014/05/23,5.796,52.859,,40,-119,401.6709097,"50",52.859,52.859,"3",5.796,5.796,"6","1","3",461,"163","192","1","62",argos-doppler-shift,Limosa limosa,"134755",Aldeboarn,Continental black-tailed godwits (data from Senner et al. 2015)
"623000187",true,2014/05/23,5.802,52.863,,40,-121,401.6709122,"58",52.863,52.863,"2",5.802,5.802,"5","0","3",456,"155","192","3","10",argos-doppler-shift,Limosa limosa,"134755",Aldeboarn,Continental black-tailed godwits (data from Senner et al. 2015)
"623000188",true,2014/05/23,5.803,52.863,,40,-127,401.6709168,"0",52.863,52.863,B,5.803,5.803,"1","0","3",0,"159","192","1","9",argos-doppler-shift,Limosa limosa,"134755",Aldeboarn,Continental black-tailed godwits (data from Senner et al. 2015)
"623000189",true,2014/05/23,5.797,52.863,,40,-123,401.6709112,"50",52.863,52.863,"1",5.797,5.797,"5","0","3",286,"159","192","1","21",argos-doppler-shift,Limosa limosa,"134755",Aldeboarn,Continental black-tailed godwits (data from Senner et al. 2015)
"623000190",true,2014/05/23,5.804,52.862,,40,-114,401.670911,"58",52.862,52.862,"3",5.804,5.804,"7","3","3",462,"166","192","1","46",argos-doppler-shift,Limosa limosa,"134755",Aldeboarn,Continental black-tailed godwits (data from Senner et al. 2015)
"623000191",true,2014/05/23,5.807,52.863,,40,-126,401.670911,"58",52.863,52.863,"1",5.807,5.807,"4","0","3",290,"167","192","1","56",argos-doppler-shift,Limosa limosa,"134755",Aldeboarn,Continental black-tailed godwits (data from Senner et al. 2015)
"623000192",true,2014/05/23,5.808,52.863,,40,-133,401.6709108,"0",52.863,52.863,B,5.808,5.808,"1","0","3",0,"169","192","3","59",argos-doppler-shift,Limosa limosa,"134755",Aldeboarn,Continental black-tailed godwits (data from Senner et al. 2015)
"623000193",true,2014/05/23,5.809,52.862,,40,-131,401.6709186,"0",52.862,52.862,B,5.809,5.809,"1","0","3",0,"151","192","3","5",argos-doppler-shift,Limosa limosa,"134755",Aldeboarn,Continental black-tailed godwits (data from Senner et al. 2015)
"623000194",true,2014/05/23,5.807,52.867,,40,-134,401.6709114,"8",52.867,52.867,B,5.807,5.807,"2","0","3",118,"173","192","1","13",argos-doppler-shift,Limosa limosa,"134755",Aldeboarn,Continental black-tailed godwits (data from Senner et al. 2015)
"623000195",true,2014/05/23,5.802,52.865,,40,-125,401.6709078,"68",52.865,52.865,"3",5.802,5.802,"4","0","3",179,"179","192","1","27",argos-doppler-shift,Limosa limosa,"134755",Aldeboarn,Continental black-tailed godwits (data from Senner et al. 2015)
"623000196",true,2014/05/23,5.805,52.865,,40,-128,401.6709111,"58",52.865,52.865,"3",5.805,5.805,"5","0","3",361,"160","192","2","1",argos-doppler-shift,Limosa limosa,"134755",Aldeboarn,Continental black-tailed godwits (data from Senner et al. 2015)
"623000197",true,2014/05/23,5.811,52.861,,40,-140,401.6709108,"8",52.861,52.861,B,5.811,5.811,"2","0","3",364,"164","192","3","14",argos-doppler-shift,Limosa limosa,"134755",Aldeboarn,Continental black-tailed godwits (data from Senner et al. 2015)
"623000198",true,2014/05/23,5.802,52.86,,40,-126,401.6709094,"50",52.86,52.86,"2",5.802,5.802,"4","0","3",244,"8","40","0","1",argos-doppler-shift,Limosa limosa,"134755",Aldeboarn,Continental black-tailed godwits (data from Senner et al. 2015)
"623000199",true,2014/05/23,5.797,52.865,,40,-122,401.6709118,"58",52.865,52.865,"3",5.797,5.797,"6","0","3",359,"158","192","1","47",argos-doppler-shift,Limosa limosa,"134755",Aldeboarn,Continental black-tailed godwits (data from Senner et al. 2015)
"623000200",true,2014/05/23,5.801,52.864,,40,-122,401.6709093,"58",52.864,52.864,"3",5.801,5.801,"5","0","3",294,"10","40","0","1",argos-doppler-shift,Limosa limosa,"134755",Aldeboarn,Continental black-tailed godwits (data from Senner et al. 2015)
"623000201",true,2014/05/25,5.816,52.869,,40,-121,401.6709041,"40",52.869,52.869,"1",5.816,5.816,"7","0","3",475,"1","41","0","1",argos-doppler-shift,Limosa limosa,"134755",Aldeboarn,Continental black-tailed godwits (data from Senner et al. 2015)
"623000202",true,2014/05/25,5.817,52.869,,40,-138,401.6709036,"8",52.869,52.869,B,5.817,5.817,"1","0","3",0,"169","192","3","6",argos-doppler-shift,Limosa limosa,"134755",Aldeboarn,Continental black-tailed godwits (data from Senner et al. 2015)
"623000203",true,2014/05/25,5.812,52.868,,40,-129,401.6709074,"0",52.868,52.868,B,5.812,5.812,"1","0","3",0,"160","192","3","13",argos-doppler-shift,Limosa limosa,"134755",Aldeboarn,Continental black-tailed godwits (data from Senner et al. 2015)
"623000204",true,2014/05/25,5.804,52.871,,40,-127,401.6709111,"50",52.871,52.871,"2",5.804,5.804,"7","0","3",400,"2","41","0","1",argos-doppler-shift,Limosa limosa,"134755",Aldeboarn,Continental black-tailed godwits (data from Senner et al. 2015)
"623000205",true,2014/05/25,5.797,52.864,,40,-119,401.6709071,"50",52.864,52.864,"3",5.797,5.797,"6","1","3",292,"3","41","0","1",argos-doppler-shift,Limosa limosa,"134755",Aldeboarn,Continental black-tailed godwits (data from Senner et al. 2015)
"623000206",true,2014/05/25,5.815,52.862,,40,-127,401.6709189,"0",52.862,52.862,B,5.815,5.815,"2","0","3",113,"163","188","2","33",argos-doppler-shift,Limosa limosa,"134755",Aldeboarn,Continental black-tailed godwits (data from Senner et al. 2015)
"623000207",true,2014/05/25,5.817,52.865,,40,-124,401.6709188,"8",52.865,52.865,B,5.817,5.817,"2","0","3",119,"153","184","2","49",argos-doppler-shift,Limosa limosa,"134755",Aldeboarn,Continental black-tailed godwits (data from Senner et al. 2015)
"623000208",true,2014/05/25,5.804,52.865,,40,-126,401.6709185,"58",52.865,52.865,"3",5.804,5.804,"5","0","3",296,"148","180","1","5",argos-doppler-shift,Limosa limosa,"134755",Aldeboarn,Continental black-tailed godwits (data from Senner et al. 2015)
"623000209",true,2014/05/25,5.798,52.866,,40,-119,401.6709181,"50",52.866,52.866,"3",5.798,5.798,"6","2","3",354,"145","176","3","11",argos-doppler-shift,Limosa limosa,"134755",Aldeboarn,Continental black-tailed godwits (data from Senner et al. 2015)
"623000210",true,2014/05/25,5.755,52.89,,41,-124,401.6709224,"58",52.89,52.89,"2",5.755,5.755,"5","0","3",353,"143","172","3","35",argos-doppler-shift,Limosa limosa,"134755",Aldeboarn,Continental black-tailed godwits (data from Senner et al. 2015)
"623000211",false,2014/05/25,,,true,0,,401.65,"0",,,Z,,,"2",,,118,"6","41","0","1",argos-doppler-shift,Limosa limosa,"134755",Aldeboarn,Continental black-tailed godwits (data from Senner et al. 2015)
"623000212",true,2014/05/25,5.742,52.893,,41,-124,401.6709192,"58",52.893,52.893,"1",5.742,5.742,"4","0","3",236,"6","41","0","1",argos-doppler-shift,Limosa limosa,"134755",Aldeboarn,Continental black-tailed godwits (data from Senner et al. 2015)
"623000213",true,2014/05/25,5.714,52.9,,42,-133,401.6709127,"8",52.9,52.9,B,5.714,5.714,"2","0","3",60,"153","168","3","25",argos-doppler-shift,Limosa limosa,"134755",Aldeboarn,Continental black-tailed godwits (data from Senner et al. 2015)
"623000214",true,2014/05/26,5.741,52.9,,41,-129,401.6709254,"8",52.9,52.9,B,5.741,5.741,"2","0","3",60,"10","9","0","1",argos-doppler-shift,Limosa limosa,"134755",Aldeboarn,Continental black-tailed godwits (data from Senner et al. 2015)
"623000215",true,2014/05/28,5.794,52.871,,40,-123,401.6709226,"50",52.871,52.871,"2",5.794,5.794,"5","0","3",293,"144","188","1","33",argos-doppler-shift,Limosa limosa,"134755",Aldeboarn,Continental black-tailed godwits (data from Senner et al. 2015)
"623000216",true,2014/05/28,5.792,52.872,,40,-134,401.6709195,"8",52.872,52.872,B,5.792,5.792,"1","0","3",0,"140","184","2","40",argos-doppler-shift,Limosa limosa,"134755",Aldeboarn,Continental black-tailed godwits (data from Senner et al. 2015)
"623000217",true,2014/05/28,5.814,52.875,,40,-129,401.6709247,"58",52.875,52.875,"1",5.814,5.814,"5","0","3",350,"4","42","0","1",argos-doppler-shift,Limosa limosa,"134755",Aldeboarn,Continental black-tailed godwits (data from Senner et al. 2015)
"623000218",true,2014/05/28,5.805,52.867,,40,-131,401.670925,"8",52.867,52.867,B,5.805,5.805,"2","0","3",60,"146","172","1","11",argos-doppler-shift,Limosa limosa,"134755",Aldeboarn,Continental black-tailed godwits (data from Senner et al. 2015)
"623000219",true,2014/05/28,5.805,52.867,,40,-131,401.6709251,"8",52.867,52.867,B,5.805,5.805,"2","0","3",60,"146","172","1","11",argos-doppler-shift,Limosa limosa,"134755",Aldeboarn,Continental black-tailed godwits (data from Senner et al. 2015)
"623000220",true,2014/05/28,5.804,52.864,,40,-129,401.6709225,"50",52.864,52.864,"2",5.804,5.804,"4","0","3",237,"5","42","0","1",argos-doppler-shift,Limosa limosa,"134755",Aldeboarn,Continental black-tailed godwits (data from Senner et al. 2015)
"623000221",true,2014/05/28,5.803,52.864,,40,-128,401.6709236,"68",52.864,52.864,"3",5.803,5.803,"6","0","3",295,"6","42","0","1",argos-doppler-shift,Limosa limosa,"134755",Aldeboarn,Continental black-tailed godwits (data from Senner et al. 2015)
"623000222",true,2014/05/28,5.804,52.865,,40,-130,401.670924,"0",52.865,52.865,A,5.804,5.804,"3","0","3",118,"143","36","2","17",argos-doppler-shift,Limosa limosa,"134755",Aldeboarn,Continental black-tailed godwits (data from Senner et al. 2015)
"623000223",true,2014/05/28,5.806,52.87,,40,-130,401.6709235,"8",52.87,52.87,B,5.806,5.806,"2","0","3",60,"146","160","3","34",argos-doppler-shift,Limosa limosa,"134755",Aldeboarn,Continental black-tailed godwits (data from Senner et al. 2015)
"623000224",true,2014/05/28,5.754,52.845,,41,-122,401.670905,"40",52.845,52.845,"0",5.754,5.754,"5","0","3",234,"138","160","1","49",argos-doppler-shift,Limosa limosa,"134755",Aldeboarn,Continental black-tailed godwits (data from Senner et al. 2015)
"623000225",true,2014/05/28,5.781,52.873,,40,-127,401.6709236,"7",52.873,52.873,A,5.781,5.781,"3","0","3",179,"147","160","3","29",argos-doppler-shift,Limosa limosa,"134755",Aldeboarn,Continental black-tailed godwits (data from Senner et al. 2015)
"623000226",true,2014/05/30,5.847,52.86,,40,-124,401.6709116,"0",52.86,52.86,B,5.847,5.847,"2","0","3",121,"184","200","1","31",argos-doppler-shift,Limosa limosa,"134755",Aldeboarn,Continental black-tailed godwits (data from Senner et al. 2015)
"623000227",true,2014/05/30,5.968,52.835,,43,-117,401.6709165,"50",52.835,52.835,"0",5.968,5.968,"4","3","3",236,"2","43","0","1",argos-doppler-shift,Limosa limosa,"134755",Aldeboarn,Continental black-tailed godwits (data from Senner et al. 2015)
"623000228",true,2014/05/30,5.799,52.855,,40,-130,401.6709009,"58",52.855,52.855,"2",5.799,5.799,"7","0","3",351,"190","200","2","49",argos-doppler-shift,Limosa limosa,"134755",Aldeboarn,Continental black-tailed godwits (data from Senner et al. 2015)
"623000229",true,2014/05/30,5.775,52.84,,40,-126,401.6708984,"40",52.84,52.84,"1",5.775,5.775,"6","0","3",299,"197","200","2","49",argos-doppler-shift,Limosa limosa,"134755",Aldeboarn,Continental black-tailed godwits (data from Senner et al. 2015)
"623000230",true,2014/05/30,5.785,52.858,,40,-132,401.6709078,"0",52.858,52.858,B,5.785,5.785,"1","0","3",0,"194","136","2","49",argos-doppler-shift,Limosa limosa,"134755",Aldeboarn,Continental black-tailed godwits (data from Senner et al. 2015)
"623000231",true,2014/05/30,5.822,52.856,,40,-125,401.6709108,"48",52.856,52.856,"1",5.822,5.822,"7","0","3",463,"195","196","1","9",argos-doppler-shift,Limosa limosa,"134755",Aldeboarn,Continental black-tailed godwits (data from Senner et al. 2015)
"623000232",true,2014/05/30,5.8,52.864,,40,-121,401.6709049,"58",52.864,52.864,"3",5.8,5.8,"8","0","3",472,"173","192","1","37",argos-doppler-shift,Limosa limosa,"134755",Aldeboarn,Continental black-tailed godwits (data from Senner et al. 2015)
"623000233",true,2014/05/30,5.8,52.864,,40,-121,401.6709049,"58",52.864,52.864,"3",5.8,5.8,"8","0","3",472,"173","192","1","37",argos-doppler-shift,Limosa limosa,"134755",Aldeboarn,Continental black-tailed godwits (data from Senner et al. 2015)
"623000234",true,2014/05/30,5.787,52.866,,40,-123,401.6709023,"8",52.866,52.866,B,5.787,5.787,"2","0","3",174,"164","192","3","55",argos-doppler-shift,Limosa limosa,"134755",Aldeboarn,Continental black-tailed godwits (data from Senner et al. 2015)
"623000235",true,2014/05/30,5.788,52.866,,40,-123,401.6709025,"8",52.866,52.866,B,5.788,5.788,"2","0","3",174,"164","192","3","55",argos-doppler-shift,Limosa limosa,"134755",Aldeboarn,Continental black-tailed godwits (data from Senner et al. 2015)
"623000236",true,2014/05/30,5.802,52.864,,40,-125,401.6709069,"58",52.864,52.864,"2",5.802,5.802,"5","0","3",351,"8","43","0","1",argos-doppler-shift,Limosa limosa,"134755",Aldeboarn,Continental black-tailed godwits (data from Senner et al. 2015)
"623000237",true,2014/05/30,5.802,52.863,,40,-127,401.6709085,"58",52.863,52.863,"3",5.802,5.802,"5","0","3",290,"163","184","2","3",argos-doppler-shift,Limosa limosa,"134755",Aldeboarn,Continental black-tailed godwits (data from Senner et al. 2015)
"623000238",true,2014/05/30,5.81,52.862,,40,-122,401.6709152,"68",52.862,52.862,"2",5.81,5.81,"6","0","3",299,"10","43","0","1",argos-doppler-shift,Limosa limosa,"134755",Aldeboarn,Continental black-tailed godwits (data from Senner et al. 2015)
"623000239",true,2013/02/05,-7.10300000000001,38.9,,257,-132,401.6739272,"0",38.9,38.9,B,-7.103,-7.103,"2","0","3",118,"158","188","3","12",argos-doppler-shift,Limosa limosa,"123434",Amalia,Continental black-tailed godwits (data from Senner et al. 2015)
"623000240",true,2013/02/05,-7.03199999999998,38.888,,224,-128,401.6739145,"0",38.888,38.888,B,-7.032,-7.032,"1","0","3",0,"158","188","1","12",argos-doppler-shift,Limosa limosa,"123434",Amalia,Continental black-tailed godwits (data from Senner et al. 2015)
"623000241",false,2013/02/05,,,true,0,-128,401.65,"0",,,Z,,,"1","0",,,"158","188","1","12",argos-doppler-shift,Limosa limosa,"123434",Amalia,Continental black-tailed godwits (data from Senner et al. 2015)
"623000242",true,2013/02/05,-6.29000000000002,38.888,,346,-136,401.673865,"0",38.888,38.888,B,-6.29,-6.29,"1","0","3",0,"70","103","1","51",argos-doppler-shift,Limosa limosa,"123434",Amalia,Continental black-tailed godwits (data from Senner et al. 2015)
"623000243",true,2013/02/05,-6.27699999999999,38.926,,343,-127,401.673872,"48",38.926,38.926,"0",-6.277,-6.277,"5","0","3",423,"3","1","0","1",argos-doppler-shift,Limosa limosa,"123434",Amalia,Continental black-tailed godwits (data from Senner et al. 2015)
"623000244",true,2013/02/05,-5.93200000000002,39.01,,287,-125,401.6739099,"5",39.01,39.01,A,-5.932,-5.932,"3","0","3",186,"182","180","2","34",argos-doppler-shift,Limosa limosa,"123434",Amalia,Continental black-tailed godwits (data from Senner et al. 2015)
"623000245",true,2013/02/05,-5.92000000000002,39.031,,290,-130,401.6739119,"48",39.031,39.031,"0",-5.92,-5.92,"5","0","3",308,"178","184","2","60",argos-doppler-shift,Limosa limosa,"123434",Amalia,Continental black-tailed godwits (data from Senner et al. 2015)
"623000246",true,2013/02/05,-5.93200000000002,39.023,,288,-122,401.6739122,"50",39.023,39.023,"3",-5.932,-5.932,"8","0","3",612,"174","180","1","61",argos-doppler-shift,Limosa limosa,"123434",Amalia,Continental black-tailed godwits (data from Senner et al. 2015)
"623000247",true,2013/02/05,-5.767,39.063,,301,-128,401.6739161,"8",39.063,39.063,B,-5.767,-5.767,"1","0","3",0,"162","180","2","20",argos-doppler-shift,Limosa limosa,"123434",Amalia,Continental black-tailed godwits (data from Senner et al. 2015)
"623000248",true,2013/02/05,-5.93400000000003,39.024,,288,-134,401.6739165,"8",39.024,39.024,B,-5.934,-5.934,"2","0","3",361,"160","184","3","31",argos-doppler-shift,Limosa limosa,"123434",Amalia,Continental black-tailed godwits (data from Senner et al. 2015)
"623000249",true,2013/02/05,-5.86500000000001,39.039,,294,-122,401.6739164,"8",39.039,39.039,B,-5.865,-5.865,"1","0","3",0,"158","180","2","46",argos-doppler-shift,Limosa limosa,"123434",Amalia,Continental black-tailed godwits (data from Senner et al. 2015)
"623000250",true,2013/02/05,-5.928,39.037,,291,-123,401.6739246,"8",39.037,39.037,A,-5.928,-5.928,"3","0","3",243,"10","1","0","1",argos-doppler-shift,Limosa limosa,"123434",Amalia,Continental black-tailed godwits (data from Senner et al. 2015)
"623000251",false,2013/02/07,,,true,0,-133,401.65,"0",,,Z,,,"1","0",,,"149","192","1","43",argos-doppler-shift,Limosa limosa,"123434",Amalia,Continental black-tailed godwits (data from Senner et al. 2015)
"623000252",true,2013/02/07,-5.923,39.055,,296,-134,401.6739246,"0",39.055,39.055,B,-5.923,-5.923,"2","0","3",60,"147","184","3","46",argos-doppler-shift,Limosa limosa,"123434",Amalia,Continental black-tailed godwits (data from Senner et al. 2015)
"623000253",true,2013/02/07,-5.91699999999997,39.057,,296,-122,401.6739229,"58",39.057,39.057,"3",-5.917,-5.917,"7","0","3",489,"150","176","2","47",argos-doppler-shift,Limosa limosa,"123434",Amalia,Continental black-tailed godwits (data from Senner et al. 2015)
"623000254",true,2013/02/08,-5.91800000000001,39.054,,295,-126,401.6739236,"8",39.054,39.054,B,-5.918,-5.918,"1","0","3",0,"150","164","3","30",argos-doppler-shift,Limosa limosa,"123434",Amalia,Continental black-tailed godwits (data from Senner et al. 2015)
"623000255",true,2013/02/08,-5.84699999999998,39.056,,303,-130,401.6739292,"8",39.056,39.056,B,-5.847,-5.847,"1","0","3",0,"133","160","2","54",argos-doppler-shift,Limosa limosa,"123434",Amalia,Continental black-tailed godwits (data from Senner et al. 2015)
"623000256",true,2013/02/10,-5.80099999999999,39.037,,314,-138,401.673932,"0",39.037,39.037,B,-5.801,-5.801,"2","0","3",59,"133","180","1","52",argos-doppler-shift,Limosa limosa,"123434",Amalia,Continental black-tailed godwits (data from Senner et al. 2015)
"623000257",true,2013/02/10,-5.89999999999998,39.042,,292,-118,401.6739352,"50",39.042,39.042,"1",-5.9,-5.9,"4","1","3",177,"3","3","0","1",argos-doppler-shift,Limosa limosa,"123434",Amalia,Continental black-tailed godwits (data from Senner et al. 2015)
"623000258",true,2013/02/10,-5.81999999999999,39.052,,298,-133,401.6739516,"8",39.052,39.052,B,-5.82,-5.82,"2","0","3",62,"5","3","0","1",argos-doppler-shift,Limosa limosa,"123434",Amalia,Continental black-tailed godwits (data from Senner et al. 2015)
"623000259",true,2013/02/10,-5.928,39.039,,291,-125,401.6739222,"0",39.039,39.039,A,-5.928,-5.928,"3","0","3",122,"149","176","2","30",argos-doppler-shift,Limosa limosa,"123434",Amalia,Continental black-tailed godwits (data from Senner et al. 2015)
"623000260",true,2013/02/10,-5.904,39.041,,290,-115,401.673923,"58",39.041,39.041,"3",-5.904,-5.904,"4","4","3",175,"151","172","1","43",argos-doppler-shift,Limosa limosa,"123434",Amalia,Continental black-tailed godwits (data from Senner et al. 2015)
"623000261",true,2013/02/10,-5.90600000000001,39.043,,291,-130,401.6739285,"8",39.043,39.043,B,-5.906,-5.906,"2","0","3",61,"7","3","0","1",argos-doppler-shift,Limosa limosa,"123434",Amalia,Continental black-tailed godwits (data from Senner et al. 2015)
"623000262",true,2013/02/10,-5.90300000000002,39.049,,294,-131,401.6739204,"8",39.049,39.049,B,-5.903,-5.903,"1","0","3",0,"163","168","1","8",argos-doppler-shift,Limosa limosa,"123434",Amalia,Continental black-tailed godwits (data from Senner et al. 2015)
"623000263",true,2013/02/10,-5.88799999999998,39.046,,295,-120,401.6739209,"58",39.046,39.046,"2",-5.888,-5.888,"7","0","3",431,"153","172","3","54",argos-doppler-shift,Limosa limosa,"123434",Amalia,Continental black-tailed godwits (data from Senner et al. 2015)
"623000264",true,2013/02/12,-5.91699999999997,39.044,,289,-133,401.6739191,"50",39.044,39.044,"2",-5.917,-5.917,"4","0","3",311,"161","200","3","34",argos-doppler-shift,Limosa limosa,"123434",Amalia,Continental black-tailed godwits (data from Senner et al. 2015)
"623000265",true,2013/02/12,-5.88099999999997,39.048,,298,-121,401.6739313,"50",39.048,39.048,"1",-5.881,-5.881,"9","0","3",543,"156","200","2","45",argos-doppler-shift,Limosa limosa,"123434",Amalia,Continental black-tailed godwits (data from Senner et al. 2015)
"623000266",true,2013/02/12,-5.92099999999999,39.058,,310,-120,401.6739176,"58",39.058,39.058,"1",-5.921,-5.921,"7","0","3",403,"137","204","3","12",argos-doppler-shift,Limosa limosa,"123434",Amalia,Continental black-tailed godwits (data from Senner et al. 2015)
"623000267",true,2013/02/12,-5.88499999999999,39.062,,296,-127,401.6739268,"58",39.062,39.062,"3",-5.885,-5.885,"5","0","3",362,"4","4","0","1",argos-doppler-shift,Limosa limosa,"123434",Amalia,Continental black-tailed godwits (data from Senner et al. 2015)
"623000268",true,2013/02/12,-5.88,39.055,,293,-122,401.6739325,"40",39.055,39.055,"0",-5.88,-5.88,"7","0","3",414,"124","188","3","46",argos-doppler-shift,Limosa limosa,"123434",Amalia,Continental black-tailed godwits (data from Senner et al. 2015)
"623000269",true,2013/02/12,-5.90100000000001,39.019,,287,-132,401.6739497,"8",39.019,39.019,B,-5.901,-5.901,"2","0","3",122,"149","180","3","2",argos-doppler-shift,Limosa limosa,"123434",Amalia,Continental black-tailed godwits (data from Senner et al. 2015)
"623000270",true,2013/02/12,-5.95800000000003,38.997,,295,-125,401.6739529,"8",38.997,38.997,B,-5.958,-5.958,"2","0","3",300,"138","168","3","22",argos-doppler-shift,Limosa limosa,"123434",Amalia,Continental black-tailed godwits (data from Senner et al. 2015)
"623000271",true,2013/02/15,-5.86500000000001,39.064,,302,-127,401.6739477,"0",39.064,39.064,B,-5.865,-5.865,"2","0","3",397,"134","168","3","18",argos-doppler-shift,Limosa limosa,"123434",Amalia,Continental black-tailed godwits (data from Senner et al. 2015)
"623000272",true,2013/02/15,-5.90600000000001,39.044,,291,-123,401.6739342,"50",39.044,39.044,"2",-5.906,-5.906,"4","0","3",166,"122","164","1","22",argos-doppler-shift,Limosa limosa,"123434",Amalia,Continental black-tailed godwits (data from Senner et al. 2015)
"623000273",true,2013/02/15,-5.762,39.162,,358,-124,401.673951,"46",39.162,39.162,"0",-5.762,-5.762,"4","0","3",285,"104","164","2","55",argos-doppler-shift,Limosa limosa,"123434",Amalia,Continental black-tailed godwits (data from Senner et al. 2015)
"623000274",true,2013/02/15,-5.87200000000001,39.117,,305,-121,401.6739156,"8",39.117,39.117,A,-5.872,-5.872,"3","0","3",203,"171","164","3","19",argos-doppler-shift,Limosa limosa,"123434",Amalia,Continental black-tailed godwits (data from Senner et al. 2015)
"623000275",true,2013/02/15,-5.84800000000001,39.118,,318,-119,401.6738959,"0",39.118,39.118,B,-5.848,-5.848,"1","1","3",0,"172","164","3","21",argos-doppler-shift,Limosa limosa,"123434",Amalia,Continental black-tailed godwits (data from Senner et al. 2015)
"623000276",true,2013/02/17,-5.94099999999997,39.027,,290,-120,401.6739158,"50",39.027,39.027,"2",-5.941,-5.941,"5","0","3",414,"1","6","0","1",argos-doppler-shift,Limosa limosa,"123434",Amalia,Continental black-tailed godwits (data from Senner et al. 2015)
"623000277",true,2013/02/17,-5.94099999999997,39.027,,290,-131,401.6739168,"0",39.027,39.027,B,-5.941,-5.941,"1","0","3",0,"162","196","1","46",argos-doppler-shift,Limosa limosa,"123434",Amalia,Continental black-tailed godwits (data from Senner et al. 2015)
"623000278",true,2013/02/17,-5.94400000000002,39.027,,289,-122,401.6739253,"58",39.027,39.027,"3",-5.944,-5.944,"5","0","3",302,"146","184","3","56",argos-doppler-shift,Limosa limosa,"123434",Amalia,Continental black-tailed godwits (data from Senner et al. 2015)
"623000279",true,2013/02/17,-5.94499999999999,39.026,,289,-133,401.6739226,"0",39.026,39.026,B,-5.945,-5.945,"1","0","3",0,"151","180","1","62",argos-doppler-shift,Limosa limosa,"123434",Amalia,Continental black-tailed godwits (data from Senner et al. 2015)
"623000280",true,2013/02/17,-5.90300000000002,39.045,,292,-122,401.6739245,"48",39.045,39.045,"0",-5.903,-5.903,"4","0","3",539,"132","176","2","43",argos-doppler-shift,Limosa limosa,"123434",Amalia,Continental black-tailed godwits (data from Senner et al. 2015)
"623000281",true,2013/02/17,-5.84300000000002,39.064,,337,-126,401.6739154,"8",39.064,39.064,A,-5.843,-5.843,"3","0","3",479,"132","176","2","43",argos-doppler-shift,Limosa limosa,"123434",Amalia,Continental black-tailed godwits (data from Senner et al. 2015)
"623000282",true,2013/02/17,-5.84300000000002,39.04,,297,-129,401.6739441,"7",39.04,39.04,B,-5.843,-5.843,"2","0","3",61,"150","172","2","16",argos-doppler-shift,Limosa limosa,"123434",Amalia,Continental black-tailed godwits (data from Senner et al. 2015)
"623000283",true,2013/02/17,-5.93200000000002,39.042,,289,-128,401.6739184,"58",39.042,39.042,"2",-5.932,-5.932,"6","0","3",370,"9","6","0","1",argos-doppler-shift,Limosa limosa,"123434",Amalia,Continental black-tailed godwits (data from Senner et al. 2015)
"623000284",true,2013/02/20,-5.93200000000002,39.03,,289,-126,401.6739207,"0",39.03,39.03,B,-5.932,-5.932,"2","0","3",121,"140","220","1","16",argos-doppler-shift,Limosa limosa,"123434",Amalia,Continental black-tailed godwits (data from Senner et al. 2015)
"623000285",true,2013/02/20,-5.94,39.034,,291,-125,401.6739181,"8",39.034,39.034,B,-5.94,-5.94,"1","0","3",0,"7","7","0","1",argos-doppler-shift,Limosa limosa,"123434",Amalia,Continental black-tailed godwits (data from Senner et al. 2015)
"623000286",true,2013/02/20,-5.935,39.032,,290,-130,401.6739187,"0",39.032,39.032,B,-5.935,-5.935,"1","0","3",0,"142","152","1","46",argos-doppler-shift,Limosa limosa,"123434",Amalia,Continental black-tailed godwits (data from Senner et al. 2015)
"623000287",true,2013/02/20,-5.96899999999999,38.997,,288,-121,401.6739097,"8",38.997,38.997,B,-5.969,-5.969,"2","0","3",58,"10","7","0","1",argos-doppler-shift,Limosa limosa,"123434",Amalia,Continental black-tailed godwits (data from Senner et al. 2015)
"623000288",true,2013/02/20,-5.964,38.994,,286,-136,401.6739168,"0",38.994,38.994,B,-5.964,-5.964,"1","0","3",0,"138","144","3","2",argos-doppler-shift,Limosa limosa,"123434",Amalia,Continental black-tailed godwits (data from Senner et al. 2015)
"623000289",true,2013/02/22,-5.97800000000001,39.034,,294,-121,401.6739243,"50",39.034,39.034,"0",-5.978,-5.978,"5","0","3",308,"148","164","1","14",argos-doppler-shift,Limosa limosa,"123434",Amalia,Continental black-tailed godwits (data from Senner et al. 2015)
"623000290",true,2013/02/22,-5.94799999999998,39.021,,289,-122,401.6739224,"0",39.021,39.021,B,-5.948,-5.948,"2","0","3",123,"3","8","0","1",argos-doppler-shift,Limosa limosa,"123434",Amalia,Continental black-tailed godwits (data from Senner et al. 2015)
"623000291",true,2013/02/22,-5.94299999999998,39.027,,290,-120,401.6739159,"58",39.027,39.027,"3",-5.943,-5.943,"4","0","3",256,"167","160","2","22",argos-doppler-shift,Limosa limosa,"123434",Amalia,Continental black-tailed godwits (data from Senner et al. 2015)
"623000292",true,2013/02/22,-5.952,39.025,,291,-128,401.6739267,"8",39.025,39.025,A,-5.952,-5.952,"3","0","3",306,"144","156","2","4",argos-doppler-shift,Limosa limosa,"123434",Amalia,Continental black-tailed godwits (data from Senner et al. 2015)
"623000293",true,2013/02/22,-5.95699999999999,39.025,,292,-132,401.6739265,"8",39.025,39.025,B,-5.957,-5.957,"1","0","3",0,"135","152","2","36",argos-doppler-shift,Limosa limosa,"123434",Amalia,Continental black-tailed godwits (data from Senner et al. 2015)
"623000294",true,2013/02/22,-5.94299999999998,39.026,,289,-121,401.6739299,"50",39.026,39.026,"3",-5.943,-5.943,"8","0","3",479,"8","8","0","1",argos-doppler-shift,Limosa limosa,"123434",Amalia,Continental black-tailed godwits (data from Senner et al. 2015)
"623000295",true,2013/02/22,-5.93299999999999,39.028,,289,-134,401.6739246,"8",39.028,39.028,A,-5.933,-5.933,"3","0","3",121,"10","8","0","1",argos-doppler-shift,Limosa limosa,"123434",Amalia,Continental black-tailed godwits (data from Senner et al. 2015)
"623000296",true,2013/02/22,-5.93900000000002,39.027,,289,-122,401.6739255,"58",39.027,39.027,"3",-5.939,-5.939,"6","0","3",367,"142","148","3","31",argos-doppler-shift,Limosa limosa,"123434",Amalia,Continental black-tailed godwits (data from Senner et al. 2015)
"623000297",true,2013/02/24,-5.94600000000003,39.045,,290,-134,401.6739185,"0",39.045,39.045,B,-5.946,-5.946,"2","0","3",59,"139","196","2","54",argos-doppler-shift,Limosa limosa,"123434",Amalia,Continental black-tailed godwits (data from Senner et al. 2015)
"623000298",true,2013/02/24,-5.92200000000003,39.034,,292,-121,401.6739273,"50",39.034,39.034,"3",-5.922,-5.922,"4","0","3",237,"1","9","0","1",argos-doppler-shift,Limosa limosa,"123434",Amalia,Continental black-tailed godwits (data from Senner et al. 2015)
"623000299",true,2013/02/24,-5.92700000000002,39.035,,291,-131,401.6739317,"58",39.035,39.035,"2",-5.927,-5.927,"4","0","3",236,"133","184","3","22",argos-doppler-shift,Limosa limosa,"123434",Amalia,Continental black-tailed godwits (data from Senner et al. 2015)
"623000300",true,2013/02/24,-5.923,39.036,,292,-126,401.6739279,"8",39.036,39.036,A,-5.923,-5.923,"3","0","3",360,"139","180","2","38",argos-doppler-shift,Limosa limosa,"123434",Amalia,Continental black-tailed godwits (data from Senner et al. 2015)
"623000301",true,2013/02/24,-5.92500000000001,39.035,,291,-114,401.6739292,"50",39.035,39.035,"3",-5.925,-5.925,"8","4","3",419,"5","9","0","1",argos-doppler-shift,Limosa limosa,"123434",Amalia,Continental black-tailed godwits (data from Senner et al. 2015)
"623000302",true,2013/02/25,-5.92399999999998,39.036,,292,-122,401.6739293,"58",39.036,39.036,"3",-5.924,-5.924,"5","0","3",303,"141","160","1","21",argos-doppler-shift,Limosa limosa,"123434",Amalia,Continental black-tailed godwits (data from Senner et al. 2015)
"623000303",true,2013/02/27,-5.93299999999999,39.013,,287,-126,401.6739293,"0",39.013,39.013,A,-5.933,-5.933,"3","0","3",355,"137","188","2","57",argos-doppler-shift,Limosa limosa,"123434",Amalia,Continental black-tailed godwits (data from Senner et al. 2015)
"623000304",true,2013/02/27,-5.935,39.01,,287,-133,401.6739308,"8",39.01,39.01,B,-5.935,-5.935,"1","0","3",0,"132","184","2","20",argos-doppler-shift,Limosa limosa,"123434",Amalia,Continental black-tailed godwits (data from Senner et al. 2015)
"623000305",true,2013/02/27,-5.95299999999997,39.017,,290,-136,401.6739287,"0",39.017,39.017,B,-5.953,-5.953,"2","0","3",60,"3","10","0","1",argos-doppler-shift,Limosa limosa,"123434",Amalia,Continental black-tailed godwits (data from Senner et al. 2015)
"623000306",true,2013/02/27,-5.95400000000001,39.016,,290,-134,401.6739295,"8",39.016,39.016,B,-5.954,-5.954,"1","0","3",0,"135","176","3","44",argos-doppler-shift,Limosa limosa,"123434",Amalia,Continental black-tailed godwits (data from Senner et al. 2015)
"623000307",true,2013/02/27,-5.95400000000001,39.019,,291,-132,401.6739295,"0",39.019,39.019,B,-5.954,-5.954,"1","0","3",0,"142","176","2","44",argos-doppler-shift,Limosa limosa,"123434",Amalia,Continental black-tailed godwits (data from Senner et al. 2015)
"623000308",true,2013/02/27,-5.952,39.018,,290,-138,401.673926,"8",39.018,39.018,B,-5.952,-5.952,"1","0","3",0,"143","172","2","63",argos-doppler-shift,Limosa limosa,"123434",Amalia,Continental black-tailed godwits (data from Senner et al. 2015)
"623000309",true,2013/02/27,-5.95499999999998,39.018,,291,-123,401.6739286,"8",39.018,39.018,B,-5.955,-5.955,"2","0","3",179,"133","172","2","6",argos-doppler-shift,Limosa limosa,"123434",Amalia,Continental black-tailed godwits (data from Senner et al. 2015)
"623000310",true,2013/02/27,-5.947,39.022,,289,-131,401.6739303,"8",39.022,39.022,B,-5.947,-5.947,"2","0","3",60,"137","168","2","36",argos-doppler-shift,Limosa limosa,"123434",Amalia,Continental black-tailed godwits (data from Senner et al. 2015)
"623000311",true,2013/02/27,-5.94200000000001,39.006,,291,-131,401.673948,"8",39.006,39.006,B,-5.942,-5.942,"1","0","3",0,"139","164","1","52",argos-doppler-shift,Limosa limosa,"123434",Amalia,Continental black-tailed godwits (data from Senner et al. 2015)
"623000312",true,2013/03/01,-5.947,39.02,,288,-121,401.6739184,"50",39.02,39.02,"2",-5.947,-5.947,"6","0","3",311,"162","192","2","0",argos-doppler-shift,Limosa limosa,"123434",Amalia,Continental black-tailed godwits (data from Senner et al. 2015)
"623000313",true,2013/03/01,-5.94299999999998,39.026,,289,-131,401.673926,"8",39.026,39.026,B,-5.943,-5.943,"1","0","3",0,"255","160","2","33",argos-doppler-shift,Limosa limosa,"123434",Amalia,Continental black-tailed godwits (data from Senner et al. 2015)
"623000314",true,2013/03/01,-5.94200000000001,39.024,,289,-125,401.6739269,"0",39.024,39.024,B,-5.942,-5.942,"2","0","3",177,"3","11","0","1",argos-doppler-shift,Limosa limosa,"123434",Amalia,Continental black-tailed godwits (data from Senner et al. 2015)
"623000315",true,2013/03/01,-5.94299999999998,39.018,,288,-129,401.6739289,"8",39.018,39.018,B,-5.943,-5.943,"2","0","3",61,"146","180","2","48",argos-doppler-shift,Limosa limosa,"123434",Amalia,Continental black-tailed godwits (data from Senner et al. 2015)
"623000316",true,2013/03/01,-5.93599999999998,39.004,,288,-129,401.6739255,"8",39.004,39.004,B,-5.936,-5.936,"1","0","3",0,"214","168","3","33",argos-doppler-shift,Limosa limosa,"123434",Amalia,Continental black-tailed godwits (data from Senner et al. 2015)
"623000317",true,2013/03/01,-5.91300000000001,39.039,,289,-113,401.6739269,"58",39.039,39.039,"1",-5.913,-5.913,"5","2","3",366,"146","164","3","42",argos-doppler-shift,Limosa limosa,"123434",Amalia,Continental black-tailed godwits (data from Senner et al. 2015)
"623000318",true,2013/03/01,-5.92500000000001,39.037,,292,-131,401.6739274,"50",39.037,39.037,"3",-5.925,-5.925,"4","0","3",545,"142","164","2","42",argos-doppler-shift,Limosa limosa,"123434",Amalia,Continental black-tailed godwits (data from Senner et al. 2015)
"623000319",false,2013/03/04,,,true,0,-129,401.65,"0",,,Z,,,"1","0",,,"143","176","1","3",argos-doppler-shift,Limosa limosa,"123434",Amalia,Continental black-tailed godwits (data from Senner et al. 2015)
"623000320",false,2013/03/04,,,true,0,-126,401.65,"0",,,Z,,,"1","0",,,"150","172","2","14",argos-doppler-shift,Limosa limosa,"123434",Amalia,Continental black-tailed godwits (data from Senner et al. 2015)
"623000321",false,2013/03/04,,,true,0,-136,401.65,"0",,,Z,,,"1","0",,,"149","172","3","18",argos-doppler-shift,Limosa limosa,"123434",Amalia,Continental black-tailed godwits (data from Senner et al. 2015)
"623000322",false,2013/03/04,,,true,0,-129,401.65,"0",,,Z,,,"1","0",,,"137","164","1","45",argos-doppler-shift,Limosa limosa,"123434",Amalia,Continental black-tailed godwits (data from Senner et al. 2015)
"623000323",true,2013/03/04,-5.96300000000002,39.018,,294,-128,401.6739281,"0",39.018,39.018,B,-5.963,-5.963,"2","0","3",60,"6","12","0","1",argos-doppler-shift,Limosa limosa,"123434",Amalia,Continental black-tailed godwits (data from Senner et al. 2015)
"623000324",true,2013/03/04,-5.952,39.021,,290,-127,401.6739302,"8",39.021,39.021,A,-5.952,-5.952,"3","0","3",301,"136","160","3","20",argos-doppler-shift,Limosa limosa,"123434",Amalia,Continental black-tailed godwits (data from Senner et al. 2015)
"623000325",true,2013/03/04,-5.947,39.022,,289,-125,401.6739322,"0",39.022,39.022,A,-5.947,-5.947,"3","0","3",122,"142","160","1","20",argos-doppler-shift,Limosa limosa,"123434",Amalia,Continental black-tailed godwits (data from Senner et al. 2015)
"623000326",true,2013/03/04,-5.95499999999998,39.024,,291,-134,401.673932,"8",39.024,39.024,B,-5.955,-5.955,"1","0","3",0,"133","156","2","42",argos-doppler-shift,Limosa limosa,"123434",Amalia,Continental black-tailed godwits (data from Senner et al. 2015)
"623000327",true,2013/03/04,-5.94999999999999,39.027,,290,-125,401.6739307,"8",39.027,39.027,B,-5.95,-5.95,"1","0","3",0,"142","156","3","50",argos-doppler-shift,Limosa limosa,"123434",Amalia,Continental black-tailed godwits (data from Senner et al. 2015)
"623000328",true,2013/03/04,-5.95400000000001,39.026,,291,-125,401.6739316,"0",39.026,39.026,B,-5.954,-5.954,"1","0","3",0,"10","12","0","1",argos-doppler-shift,Limosa limosa,"123434",Amalia,Continental black-tailed godwits (data from Senner et al. 2015)
"623000329",true,2013/03/06,-5.98899999999998,39.019,,294,-128,401.6739203,"50",39.019,39.019,"2",-5.989,-5.989,"4","0","3",447,"2","13","0","1",argos-doppler-shift,Limosa limosa,"123434",Amalia,Continental black-tailed godwits (data from Senner et al. 2015)
"623000330",true,2013/03/06,-5.98899999999998,39.009,,293,-128,401.6739135,"48",39.009,39.009,"1",-5.989,-5.989,"4","0","3",257,"171","172","1","40",argos-doppler-shift,Limosa limosa,"123434",Amalia,Continental black-tailed godwits (data from Senner et al. 2015)
"623000331",true,2013/03/06,-5.98700000000002,39.009,,293,-122,401.6739132,"50",39.009,39.009,"3",-5.987,-5.987,"5","0","3",254,"4","13","0","1",argos-doppler-shift,Limosa limosa,"123434",Amalia,Continental black-tailed godwits (data from Senner et al. 2015)
"623000332",true,2013/03/06,-5.983,39.004,,293,-128,401.6739243,"58",39.004,39.004,"2",-5.983,-5.983,"9","0","3",612,"143","172","2","10",argos-doppler-shift,Limosa limosa,"123434",Amalia,Continental black-tailed godwits (data from Senner et al. 2015)
"623000333",true,2013/03/06,-5.988,39.009,,293,-121,401.673926,"58",39.009,39.009,"3",-5.988,-5.988,"7","0","3",544,"7","13","0","1",argos-doppler-shift,Limosa limosa,"123434",Amalia,Continental black-tailed godwits (data from Senner et al. 2015)
"623000334",true,2013/03/06,-5.98899999999998,39.009,,293,-130,401.6739277,"0",39.009,39.009,B,-5.989,-5.989,"1","0","3",0,"139","168","2","20",argos-doppler-shift,Limosa limosa,"123434",Amalia,Continental black-tailed godwits (data from Senner et al. 2015)
"623000335",true,2013/03/06,-5.99900000000002,39.118,,306,-124,401.6739292,"48",39.118,39.118,"1",-5.999,-5.999,"5","0","3",310,"127","160","3","60",argos-doppler-shift,Limosa limosa,"123434",Amalia,Continental black-tailed godwits (data from Senner et al. 2015)
"623000336",false,2013/03/06,-6.12599999999998,39.114,true,501,-123,401.6740474,"4",39.114,39.114,B,-6.126,-6.126,"2","0","3",60,"110","160","2","7",argos-doppler-shift,Limosa limosa,"123434",Amalia,Continental black-tailed godwits (data from Senner et al. 2015)
"623000337",true,2013/03/08,-5.67200000000003,39.546,,597,-117,401.6739073,"50",39.546,54.554,"1",-5.672,3.545,"4","2","4",350,"1","14","0","1",argos-doppler-shift,Limosa limosa,"123434",Amalia,Continental black-tailed godwits (data from Senner et al. 2015)
"623000338",false,2013/03/08,-4.86900000000003,40.033,true,614,-128,401.6739216,"48",40.033,32.28,"0",-4.869,-40.879,"8","0","4",414,"2","14","0","1",argos-doppler-shift,Limosa limosa,"123434",Amalia,Continental black-tailed godwits (data from Senner et al. 2015)
"623000339",true,2013/03/08,-5.19499999999999,39.96,,387,-119,401.6739143,"40",39.96,39.96,"1",-5.195,-5.195,"7","1","3",717,"3","14","0","1",argos-doppler-shift,Limosa limosa,"123434",Amalia,Continental black-tailed godwits (data from Senner et al. 2015)
"623000340",true,2013/03/09,-4.43299999999999,40.409,,641,-120,401.6739098,"48",40.409,40.409,"0",-4.433,-4.433,"4","0","3",237,"102","168","1","48",argos-doppler-shift,Limosa limosa,"123434",Amalia,Continental black-tailed godwits (data from Senner et al. 2015)
"623000341",true,2013/03/09,-4.435,40.409,,639,-126,401.673934,"0",40.409,40.409,B,-4.435,-4.435,"1","0","3",0,"103","168","1","50",argos-doppler-shift,Limosa limosa,"123434",Amalia,Continental black-tailed godwits (data from Senner et al. 2015)
"623000342",true,2013/03/09,-3.19900000000001,41.495,,1028,-127,401.673926,"48",41.495,49.696,A,-3.199,-45.532,"3","0","3",306,"8","14","0","1",argos-doppler-shift,Limosa limosa,"123434",Amalia,Continental black-tailed godwits (data from Senner et al. 2015)
"623000343",true,2013/03/09,-3.226,41.498,,1050,-121,401.6738547,"0",41.498,41.498,B,-3.226,-3.226,"2","0","3",62,"8","14","0","1",argos-doppler-shift,Limosa limosa,"123434",Amalia,Continental black-tailed godwits (data from Senner et al. 2015)
"623000344",true,2013/03/09,-2.27100000000002,41.839,,1255,-116,401.6739261,"48",41.839,36.85,A,-2.271,22.955,"3","1","3",184,"91","156","2","55",argos-doppler-shift,Limosa limosa,"123434",Amalia,Continental black-tailed godwits (data from Senner et al. 2015)
"623000345",true,2013/03/09,-2.27100000000002,41.839,,1466,-116,401.6739098,"48",41.839,36.85,A,-2.271,22.955,"3","1","3",184,"91","156","2","55",argos-doppler-shift,Limosa limosa,"123434",Amalia,Continental black-tailed godwits (data from Senner et al. 2015)
"623000346",true,2013/03/09,-2.209,42.291,,871,-127,401.6739255,"47",42.291,42.291,"1",-2.209,-2.209,"6","0","3",489,"89","156","3","20",argos-doppler-shift,Limosa limosa,"123434",Amalia,Continental black-tailed godwits (data from Senner et al. 2015)
"623000347",true,2013/03/09,-1.79000000000002,42.749,,757,-125,401.6739261,"48",42.749,46.985,"0",-1.79,-24.304,"4","0","4",178,"66","102","1","14",argos-doppler-shift,Limosa limosa,"123434",Amalia,Continental black-tailed godwits (data from Senner et al. 2015)
"623000348",false,2013/03/11,,,true,0,-138,401.65,"0",,,Z,,,"1","0",,,"118","188","1","50",argos-doppler-shift,Limosa limosa,"123434",Amalia,Continental black-tailed godwits (data from Senner et al. 2015)
"623000349",false,2013/03/11,,,true,0,-134,401.65,"0",,,Z,,,"1","0",,,"2","15","0","1",argos-doppler-shift,Limosa limosa,"123434",Amalia,Continental black-tailed godwits (data from Senner et al. 2015)
"623000350",true,2013/03/11,-0.117999999999995,49.173,,52,-121,401.6739352,"58",49.173,49.831,"2",-0.118,-3.852,"5","0","4",367,"2","15","0","1",argos-doppler-shift,Limosa limosa,"123434",Amalia,Continental black-tailed godwits (data from Senner et al. 2015)
"623000351",true,2013/03/11,-0.117999999999995,49.173,,52,-121,401.6739352,"50",49.173,49.831,"2",-0.118,-3.852,"5","0","3",367,"2","15","0","1",argos-doppler-shift,Limosa limosa,"123434",Amalia,Continental black-tailed godwits (data from Senner et al. 2015)
"623000352",true,2013/03/11,0.183,49.374,,163,-123,401.6739261,"60",49.374,38.42,B,0.183,52.694,"2","0","2",114,"84","180","2","14",argos-doppler-shift,Limosa limosa,"123434",Amalia,Continental black-tailed godwits (data from Senner et al. 2015)
"623000353",true,2013/03/11,-0.125,49.179,,0,-123,401.673962,"8",49.179,49.641,B,-0.125,-3.617,"2","0","3",114,"84","180","2","14",argos-doppler-shift,Limosa limosa,"123434",Amalia,Continental black-tailed godwits (data from Senner et al. 2015)
"623000354",true,2013/03/11,0.076,49.321,,65,-134,401.6740259,"5",49.321,49.321,B,0.076,0.076,"1","0","3",0,"4","15","0","1",argos-doppler-shift,Limosa limosa,"123434",Amalia,Continental black-tailed godwits (data from Senner et al. 2015)
"623000355",false,2013/03/11,-0.170999999999992,49.391,true,0,-134,401.6739803,"7",49.391,49.391,B,-0.171,-0.171,"1","0","3",0,"4","15","0","1",argos-doppler-shift,Limosa limosa,"123434",Amalia,Continental black-tailed godwits (data from Senner et al. 2015)
"623000356",true,2013/03/11,-0.12700000000001,49.191,,52,-121,401.6739371,"48",49.191,49.191,"0",-0.127,-0.127,"4","0","3",358,"111","176","2","52",argos-doppler-shift,Limosa limosa,"123434",Amalia,Continental black-tailed godwits (data from Senner et al. 2015)
"623000357",true,2013/03/11,-0.0980000000000132,49.185,,58,-121,401.6739376,"48",49.185,49.185,"0",-0.098,-0.098,"4","0","3",358,"111","176","2","52",argos-doppler-shift,Limosa limosa,"123434",Amalia,Continental black-tailed godwits (data from Senner et al. 2015)
"623000358",true,2013/03/11,-0.11099999999999,49.187,,53,-115,401.6739377,"50",49.187,49.187,"1",-0.111,-0.111,"4","2","3",420,"112","176","3","56",argos-doppler-shift,Limosa limosa,"123434",Amalia,Continental black-tailed godwits (data from Senner et al. 2015)
"623000359",true,2013/03/11,-0.139999999999986,49.192,,55,-115,401.6739378,"50",49.192,49.192,"1",-0.14,-0.14,"4","2","3",420,"112","176","3","56",argos-doppler-shift,Limosa limosa,"123434",Amalia,Continental black-tailed godwits (data from Senner et al. 2015)
"623000360",true,2013/03/11,-0.172000000000025,49.15,,61,-136,401.6739107,"8",49.15,49.15,A,-0.172,-0.172,"3","0","3",123,"126","172","3","26",argos-doppler-shift,Limosa limosa,"123434",Amalia,Continental black-tailed godwits (data from Senner et al. 2015)
"623000361",true,2013/03/11,-0.13900000000001,49.172,,53,-136,401.6739256,"8",49.172,49.172,A,-0.139,-0.139,"3","0","3",123,"126","172","3","26",argos-doppler-shift,Limosa limosa,"123434",Amalia,Continental black-tailed godwits (data from Senner et al. 2015)
"623000362",true,2013/03/11,-0.125999999999976,49.18,,52,-127,401.6739308,"0",49.18,49.18,B,-0.126,-0.126,"2","0","3",247,"126","172","1","28",argos-doppler-shift,Limosa limosa,"123434",Amalia,Continental black-tailed godwits (data from Senner et al. 2015)
"623000363",true,2013/03/11,-0.125999999999976,49.18,,52,-127,401.6739311,"0",49.18,49.18,B,-0.126,-0.126,"2","0","3",247,"126","172","1","28",argos-doppler-shift,Limosa limosa,"123434",Amalia,Continental black-tailed godwits (data from Senner et al. 2015)
"623000364",true,2013/03/11,-0.146999999999991,49.175,,54,-120,401.6739391,"58",49.175,49.175,"3",-0.147,-0.147,"9","0","3",508,"8","15","0","1",argos-doppler-shift,Limosa limosa,"123434",Amalia,Continental black-tailed godwits (data from Senner et al. 2015)
"623000365",true,2013/03/11,-0.149999999999977,49.175,,53,-120,401.6739393,"58",49.175,49.175,"3",-0.15,-0.15,"9","0","3",508,"8","15","0","1",argos-doppler-shift,Limosa limosa,"123434",Amalia,Continental black-tailed godwits (data from Senner et al. 2015)
"623000366",true,2013/03/11,-0.211999999999989,49.144,,53,-140,401.6739467,"8",49.144,49.144,B,-0.212,-0.212,"1","0","3",0,"119","164","3","37",argos-doppler-shift,Limosa limosa,"123434",Amalia,Continental black-tailed godwits (data from Senner et al. 2015)
"623000367",true,2013/03/11,-0.151999999999987,49.181,,51,-140,401.6739362,"8",49.181,49.181,B,-0.152,-0.152,"1","0","3",0,"119","164","3","37",argos-doppler-shift,Limosa limosa,"123434",Amalia,Continental black-tailed godwits (data from Senner et al. 2015)
"623000368",true,2013/03/11,-0.144999999999982,49.175,,55,-121,401.6739388,"50",49.175,49.175,"3",-0.145,-0.145,"6","0","3",307,"121","164","2","41",argos-doppler-shift,Limosa limosa,"123434",Amalia,Continental black-tailed godwits (data from Senner et al. 2015)
"623000369",true,2013/03/11,-0.146000000000015,49.174,,55,-121,401.6739388,"50",49.174,49.174,"3",-0.146,-0.146,"6","0","3",307,"121","164","2","41",argos-doppler-shift,Limosa limosa,"123434",Amalia,Continental black-tailed godwits (data from Senner et al. 2015)
"623000370",true,2013/03/13,-0.0799999999999841,49.166,,52,-125,401.6739475,"50",49.166,49.166,"0",-0.08,-0.08,"4","0","3",235,"1","16","0","1",argos-doppler-shift,Limosa limosa,"123434",Amalia,Continental black-tailed godwits (data from Senner et al. 2015)
"623000371",true,2013/03/13,-0.0790000000000077,49.167,,52,-124,401.6739615,"0",49.167,49.167,B,-0.079,-0.079,"1","0","3",0,"119","204","2","2",argos-doppler-shift,Limosa limosa,"123434",Amalia,Continental black-tailed godwits (data from Senner et al. 2015)
"623000372",true,2013/03/13,-0.0799999999999841,49.166,,52,-124,401.6739616,"0",49.166,49.166,B,-0.08,-0.08,"1","0","3",0,"119","204","2","2",argos-doppler-shift,Limosa limosa,"123434",Amalia,Continental black-tailed godwits (data from Senner et al. 2015)
"623000373",true,2013/03/13,-0.144000000000005,49.205,,53,-125,401.6739431,"58",49.205,49.205,"1",-0.144,-0.144,"9","0","3",548,"2","16","0","1",argos-doppler-shift,Limosa limosa,"123434",Amalia,Continental black-tailed godwits (data from Senner et al. 2015)
"623000374",true,2013/03/13,-0.15300000000002,49.211,,52,-125,401.673943,"58",49.211,49.211,"2",-0.153,-0.153,"9","0","3",548,"2","16","0","1",argos-doppler-shift,Limosa limosa,"123434",Amalia,Continental black-tailed godwits (data from Senner et al. 2015)
"623000375",true,2013/03/13,-0.15100000000001,49.235,,52,-120,401.6739331,"58",49.235,49.235,"1",-0.151,-0.151,"9","0","3",494,"3","16","0","1",argos-doppler-shift,Limosa limosa,"123434",Amalia,Continental black-tailed godwits (data from Senner et al. 2015)
"623000376",true,2013/03/13,-0.129999999999995,49.238,,51,-120,401.6739332,"50",49.238,49.238,"2",-0.13,-0.13,"9","0","3",494,"3","16","0","1",argos-doppler-shift,Limosa limosa,"123434",Amalia,Continental black-tailed godwits (data from Senner et al. 2015)
"623000377",true,2013/03/13,-0.10899999999998,49.257,,53,-126,401.6739272,"8",49.257,49.257,B,-0.109,-0.109,"2","0","3",119,"4","16","0","25",argos-doppler-shift,Limosa limosa,"123434",Amalia,Continental black-tailed godwits (data from Senner et al. 2015)
"623000378",true,2013/03/13,-0.12299999999999,49.232,,52,-126,401.6739426,"8",49.232,49.232,B,-0.123,-0.123,"2","0","3",119,"4","16","0","25",argos-doppler-shift,Limosa limosa,"123434",Amalia,Continental black-tailed godwits (data from Senner et al. 2015)
"623000379",true,2013/03/13,-0.120999999999981,49.265,,51,-136,401.6739271,"8",49.265,49.265,A,-0.121,-0.121,"3","0","3",116,"4","16","0","1",argos-doppler-shift,Limosa limosa,"123434",Amalia,Continental black-tailed godwits (data from Senner et al. 2015)
"623000380",true,2013/03/13,-0.113999999999976,49.252,,52,-136,401.673933,"8",49.252,49.252,A,-0.114,-0.114,"3","0","3",116,"4","16","0","1",argos-doppler-shift,Limosa limosa,"123434",Amalia,Continental black-tailed godwits (data from Senner et al. 2015)
"623000381",true,2013/03/13,-0.117000000000019,49.246,,51,-116,401.6739379,"58",49.246,49.246,"1",-0.117,-0.117,"8","4","3",423,"116","176","2","22",argos-doppler-shift,Limosa limosa,"123434",Amalia,Continental black-tailed godwits (data from Senner et al. 2015)
"623000382",true,2013/03/13,-0.10899999999998,49.248,,57,-116,401.6739381,"57",49.248,49.248,"1",-0.109,-0.109,"8","4","3",423,"116","176","2","22",argos-doppler-shift,Limosa limosa,"123434",Amalia,Continental black-tailed godwits (data from Senner et al. 2015)
"623000383",true,2013/03/13,-0.117999999999995,49.262,,51,-125,401.6739365,"8",49.262,49.262,B,-0.118,-0.118,"2","0","3",60,"4","16","0","1",argos-doppler-shift,Limosa limosa,"123434",Amalia,Continental black-tailed godwits (data from Senner et al. 2015)
"623000384",true,2013/03/13,-0.125999999999976,49.246,,51,-125,401.6739377,"0",49.246,49.246,A,-0.126,-0.126,"3","0","3",182,"119","176","1","20",argos-doppler-shift,Limosa limosa,"123434",Amalia,Continental black-tailed godwits (data from Senner et al. 2015)
"623000385",true,2013/03/13,-0.129999999999995,49.246,,51,-125,401.6739373,"0",49.246,49.246,A,-0.13,-0.13,"3","0","3",182,"119","176","1","20",argos-doppler-shift,Limosa limosa,"123434",Amalia,Continental black-tailed godwits (data from Senner et al. 2015)
"623000386",true,2013/03/13,-0.125999999999976,49.247,,51,-132,401.673933,"58",49.247,49.247,"3",-0.126,-0.126,"5","0","3",473,"7","16","0","1",argos-doppler-shift,Limosa limosa,"123434",Amalia,Continental black-tailed godwits (data from Senner et al. 2015)
"623000387",true,2013/03/13,-0.125,49.247,,51,-132,401.6739329,"58",49.247,49.247,"3",-0.125,-0.125,"5","0","3",473,"7","16","0","1",argos-doppler-shift,Limosa limosa,"123434",Amalia,Continental black-tailed godwits (data from Senner et al. 2015)
"623000388",true,2013/03/14,-0.119000000000028,49.244,,51,-128,401.6739317,"8",49.244,49.244,B,-0.119,-0.119,"2","0","3",120,"135","164","3","40",argos-doppler-shift,Limosa limosa,"123434",Amalia,Continental black-tailed godwits (data from Senner et al. 2015)
"623000389",true,2013/03/14,-0.119000000000028,49.244,,51,-128,401.6739318,"8",49.244,49.244,B,-0.119,-0.119,"2","0","3",120,"135","164","3","40",argos-doppler-shift,Limosa limosa,"123434",Amalia,Continental black-tailed godwits (data from Senner et al. 2015)
"623000390",true,2013/03/16,-0.13900000000001,49.184,,52,-121,401.6739358,"50",49.184,49.184,"2",-0.139,-0.139,"7","0","3",488,"125","188","3","54",argos-doppler-shift,Limosa limosa,"123434",Amalia,Continental black-tailed godwits (data from Senner et al. 2015)
"623000391",true,2013/03/16,-0.127999999999986,49.18,,52,-122,401.6739353,"0",49.18,49.18,B,-0.128,-0.128,"2","0","3",61,"125","188","2","54",argos-doppler-shift,Limosa limosa,"123434",Amalia,Continental black-tailed godwits (data from Senner et al. 2015)
"623000392",true,2013/03/16,-0.127999999999986,49.18,,52,-122,401.6739348,"0",49.18,49.18,B,-0.128,-0.128,"2","0","3",61,"125","188","2","54",argos-doppler-shift,Limosa limosa,"123434",Amalia,Continental black-tailed godwits (data from Senner et al. 2015)
"623000393",true,2013/03/16,-0.127999999999986,49.184,,52,-140,401.6739364,"8",49.184,49.184,B,-0.128,-0.128,"1","0","3",0,"129","180","3","10",argos-doppler-shift,Limosa limosa,"123434",Amalia,Continental black-tailed godwits (data from Senner et al. 2015)
"623000394",true,2013/03/16,-0.130999999999972,49.181,,52,-140,401.6739345,"8",49.181,49.181,B,-0.131,-0.131,"1","0","3",0,"129","180","3","10",argos-doppler-shift,Limosa limosa,"123434",Amalia,Continental black-tailed godwits (data from Senner et al. 2015)
"623000395",true,2013/03/16,-0.149999999999977,49.186,,52,-121,401.6739357,"50",49.186,49.186,"1",-0.15,-0.15,"4","0","3",177,"131","180","2","13",argos-doppler-shift,Limosa limosa,"123434",Amalia,Continental black-tailed godwits (data from Senner et al. 2015)
"623000396",true,2013/03/16,-0.15100000000001,49.186,,52,-121,401.6739356,"50",49.186,49.186,"1",-0.151,-0.151,"4","0","3",177,"131","180","2","13",argos-doppler-shift,Limosa limosa,"123434",Amalia,Continental black-tailed godwits (data from Senner et al. 2015)
"623000397",true,2013/03/16,-0.139999999999986,49.184,,52,-118,401.6739317,"68",49.184,49.184,"3",-0.14,-0.14,"4","2","3",179,"139","180","2","24",argos-doppler-shift,Limosa limosa,"123434",Amalia,Continental black-tailed godwits (data from Senner et al. 2015)
"623000398",true,2013/03/16,-0.137,49.184,,52,-134,401.6739336,"8",49.184,49.184,B,-0.137,-0.137,"1","0","3",0,"132","176","3","34",argos-doppler-shift,Limosa limosa,"123434",Amalia,Continental black-tailed godwits (data from Senner et al. 2015)
"623000399",true,2013/03/16,-0.137999999999977,49.183,,52,-134,401.673933,"8",49.183,49.183,B,-0.138,-0.138,"1","0","3",0,"132","176","3","34",argos-doppler-shift,Limosa limosa,"123434",Amalia,Continental black-tailed godwits (data from Senner et al. 2015)
"623000400",true,2013/03/16,-0.14100000000002,49.189,,53,-126,401.6739376,"58",49.189,49.189,"3",-0.141,-0.141,"6","0","3",293,"6","17","0","1",argos-doppler-shift,Limosa limosa,"123434",Amalia,Continental black-tailed godwits (data from Senner et al. 2015)
"623000401",true,2013/03/16,-0.0600000000000023,49.271,,176,-121,401.6739664,"46",49.271,49.271,"0",-0.06,-0.06,"6","0","3",629,"112","168","1","46",argos-doppler-shift,Limosa limosa,"123434",Amalia,Continental black-tailed godwits (data from Senner et al. 2015)
"623000402",true,2013/03/16,-0.119000000000028,49.246,,51,-125,401.6739326,"48",49.246,49.246,"1",-0.119,-0.119,"4","0","3",408,"125","164","2","12",argos-doppler-shift,Limosa limosa,"123434",Amalia,Continental black-tailed godwits (data from Senner et al. 2015)
"623000403",true,2013/03/16,-0.130999999999972,49.256,,50,-131,401.6739362,"40",49.256,49.256,"0",-0.131,-0.131,"4","0","3",293,"8","17","0","1",argos-doppler-shift,Limosa limosa,"123434",Amalia,Continental black-tailed godwits (data from Senner et al. 2015)
"623000404",true,2013/03/16,0.084,49.232,,191,-117,401.673957,"7",49.232,49.232,A,0.084,0.084,"3","1","3",553,"128","164","0","32",argos-doppler-shift,Limosa limosa,"123434",Amalia,Continental black-tailed godwits (data from Senner et al. 2015)
"623000405",true,2013/03/16,-0.127999999999986,49.241,,51,-126,401.6739326,"58",49.241,49.241,"3",-0.128,-0.128,"4","0","3",297,"130","164","2","42",argos-doppler-shift,Limosa limosa,"123434",Amalia,Continental black-tailed godwits (data from Senner et al. 2015)
"623000406",false,2013/03/18,,,true,0,-134,401.65,"0",,,Z,,,"1","0",,,"134","184","3","18",argos-doppler-shift,Limosa limosa,"123434",Amalia,Continental black-tailed godwits (data from Senner et al. 2015)
"623000407",true,2013/03/18,5.642,53.114,,43,-121,401.6739326,"40",53.114,55.062,A,5.642,16.018,"3","0","3",241,"143","184","2","22",argos-doppler-shift,Limosa limosa,"123434",Amalia,Continental black-tailed godwits (data from Senner et al. 2015)
"623000408",true,2013/03/18,5.641,53.115,,43,-129,401.6739387,"0",53.115,55.17,B,5.641,15.886,"1","0","3",0,"117","188","3","24",argos-doppler-shift,Limosa limosa,"123434",Amalia,Continental black-tailed godwits (data from Senner et al. 2015)
"623000409",true,2013/03/18,5.674,53.117,,43,-128,401.673934,"51",53.117,53.117,"1",5.674,5.674,"6","0","3",355,"2","18","0","1",argos-doppler-shift,Limosa limosa,"123434",Amalia,Continental black-tailed godwits (data from Senner et al. 2015)
"623000410",true,2013/03/18,5.674,53.113,,43,-127,401.6739309,"8",53.113,53.113,B,5.674,5.674,"1","0","3",0,"3","18","0","1",argos-doppler-shift,Limosa limosa,"123434",Amalia,Continental black-tailed godwits (data from Senner et al. 2015)
"623000411",true,2013/03/18,5.662,53.118,,43,-129,401.6739242,"58",53.118,53.118,"3",5.662,5.662,"6","0","3",435,"5","18","0","1",argos-doppler-shift,Limosa limosa,"123434",Amalia,Continental black-tailed godwits (data from Senner et al. 2015)
"623000412",true,2013/03/18,5.663,53.12,,43,-118,401.6739249,"50",53.12,53.12,"1",5.663,5.663,"6","1","3",431,"5","18","0","1",argos-doppler-shift,Limosa limosa,"123434",Amalia,Continental black-tailed godwits (data from Senner et al. 2015)
"623000413",true,2013/03/18,5.662,53.124,,43,-125,401.6739268,"8",53.124,53.124,A,5.662,5.662,"3","0","3",242,"145","173","1","0",argos-doppler-shift,Limosa limosa,"123434",Amalia,Continental black-tailed godwits (data from Senner et al. 2015)
"623000414",true,2013/03/18,5.658,53.138,,43,-133,401.6739198,"8",53.138,53.138,A,5.658,5.658,"3","0","3",181,"142","168","1","18",argos-doppler-shift,Limosa limosa,"123434",Amalia,Continental black-tailed godwits (data from Senner et al. 2015)
"623000415",true,2013/03/18,5.656,53.14,,43,-125,401.6739258,"0",53.14,53.14,B,5.656,5.656,"1","0","3",0,"139","168","3","24",argos-doppler-shift,Limosa limosa,"123434",Amalia,Continental black-tailed godwits (data from Senner et al. 2015)
"623000416",true,2013/03/18,5.653,53.142,,43,-131,401.6739287,"8",53.142,53.142,B,5.653,5.653,"1","0","3",0,"125","164","2","28",argos-doppler-shift,Limosa limosa,"123434",Amalia,Continental black-tailed godwits (data from Senner et al. 2015)
"623000417",true,2013/03/18,5.662,53.127,,43,-134,401.6739303,"8",53.127,53.127,A,5.662,5.662,"3","0","3",297,"130","160","1","40",argos-doppler-shift,Limosa limosa,"123434",Amalia,Continental black-tailed godwits (data from Senner et al. 2015)
"623000418",true,2013/03/18,5.658,53.12,,43,-121,401.673935,"50",53.12,53.12,"3",5.658,5.658,"6","0","3",352,"123","160","1","40",argos-doppler-shift,Limosa limosa,"123434",Amalia,Continental black-tailed godwits (data from Senner et al. 2015)
"623000419",true,2013/03/18,5.658,53.12,,43,-121,401.6739351,"50",53.12,53.12,"3",5.658,5.658,"5","0","3",352,"123","160","1","40",argos-doppler-shift,Limosa limosa,"123434",Amalia,Continental black-tailed godwits (data from Senner et al. 2015)
"623000420",true,2013/03/18,5.667,53.122,,43,-115,401.6739314,"58",53.122,53.122,"3",5.667,5.667,"9","2","3",566,"10","18","0","1",argos-doppler-shift,Limosa limosa,"123434",Amalia,Continental black-tailed godwits (data from Senner et al. 2015)
"623000421",false,2013/03/21,,,true,0,-121,401.65,"0",,,Z,,,"1","0",,,"133","156","2","36",argos-doppler-shift,Limosa limosa,"123434",Amalia,Continental black-tailed godwits (data from Senner et al. 2015)
"623000422",false,2013/03/23,,,true,0,-127,401.65,"0",,,Z,,,"1","0",,,"1","20","0","1",argos-doppler-shift,Limosa limosa,"123434",Amalia,Continental black-tailed godwits (data from Senner et al. 2015)
"623000423",true,2013/03/23,5.68,53.114,,43,-128,401.6739405,"50",53.114,53.114,"2",5.68,5.68,"6","0","3",301,"118","192","1","48",argos-doppler-shift,Limosa limosa,"123434",Amalia,Continental black-tailed godwits (data from Senner et al. 2015)
"623000424",false,2013/03/23,4.503,53.034,true,0,-124,401.6738479,"40",53.034,51.322,"0",4.503,13.426,"6","0","2",419,"3","20","0","1",argos-doppler-shift,Limosa limosa,"123434",Amalia,Continental black-tailed godwits (data from Senner et al. 2015)
"623000425",true,2013/03/23,5.613,53.115,,43,-117,401.673925,"40",53.115,53.115,"0",5.613,5.613,"5","1","3",241,"117","192","2","0",argos-doppler-shift,Limosa limosa,"123434",Amalia,Continental black-tailed godwits (data from Senner et al. 2015)
"623000426",true,2013/03/23,5.69,53.121,,43,-129,401.6739375,"58",53.121,53.121,"2",5.69,5.69,"5","0","3",309,"5","20","0","1",argos-doppler-shift,Limosa limosa,"123434",Amalia,Continental black-tailed godwits (data from Senner et al. 2015)
"623000427",true,2013/03/23,5.689,53.12,,43,-116,401.6739383,"50",53.12,53.12,"3",5.689,5.689,"9","2","3",488,"5","20","0","1",argos-doppler-shift,Limosa limosa,"123434",Amalia,Continental black-tailed godwits (data from Senner et al. 2015)
"623000428",true,2013/03/23,5.68,53.122,,43,-127,401.6739345,"0",53.122,53.122,A,5.68,5.68,"3","0","3",121,"121","200","3","37",argos-doppler-shift,Limosa limosa,"123434",Amalia,Continental black-tailed godwits (data from Senner et al. 2015)
"623000429",true,2013/03/23,5.696,53.122,,43,-130,401.6739376,"8",53.122,53.122,B,5.696,5.696,"1","0","3",0,"127","200","3","2",argos-doppler-shift,Limosa limosa,"123434",Amalia,Continental black-tailed godwits (data from Senner et al. 2015)
"623000430",true,2013/03/23,5.682,53.122,,43,-121,401.6739367,"48",53.122,53.122,"1",5.682,5.682,"8","0","3",619,"118","200","3","11",argos-doppler-shift,Limosa limosa,"123434",Amalia,Continental black-tailed godwits (data from Senner et al. 2015)
"623000431",true,2013/03/23,5.685,53.122,,43,-125,401.6739364,"0",53.122,53.122,A,5.685,5.685,"3","0","3",247,"118","200","3","11",argos-doppler-shift,Limosa limosa,"123434",Amalia,Continental black-tailed godwits (data from Senner et al. 2015)
"623000432",true,2013/03/23,5.684,53.121,,43,-122,401.6739363,"58",53.121,53.121,"3",5.684,5.684,"7","0","3",370,"9","20","0","1",argos-doppler-shift,Limosa limosa,"123434",Amalia,Continental black-tailed godwits (data from Senner et al. 2015)
"623000433",true,2013/03/23,5.681,53.123,,43,-135,401.6739358,"50",53.123,53.123,"2",5.681,5.681,"5","0","3",309,"123","204","3","54",argos-doppler-shift,Limosa limosa,"123434",Amalia,Continental black-tailed godwits (data from Senner et al. 2015)
"623000434",true,2013/03/23,5.685,53.12,,43,-118,401.6739388,"58",53.12,53.12,"3",5.685,5.685,"5","1","3",422,"9","20","0","1",argos-doppler-shift,Limosa limosa,"123434",Amalia,Continental black-tailed godwits (data from Senner et al. 2015)
"623000435",true,2013/03/23,5.687,53.122,,43,-130,401.6739393,"8",53.122,53.122,B,5.687,5.687,"2","0","3",120,"118","200","3","24",argos-doppler-shift,Limosa limosa,"123434",Amalia,Continental black-tailed godwits (data from Senner et al. 2015)
"623000436",true,2013/03/25,5.677,53.118,,43,-122,401.6739346,"50",53.118,53.118,"3",5.677,5.677,"9","0","3",528,"1","21","0","1",argos-doppler-shift,Limosa limosa,"123434",Amalia,Continental black-tailed godwits (data from Senner et al. 2015)
"623000437",true,2013/03/25,5.667,53.117,,43,-124,401.6739337,"58",53.117,53.117,"2",5.667,5.667,"5","0","3",349,"127","223","3","63",argos-doppler-shift,Limosa limosa,"123434",Amalia,Continental black-tailed godwits (data from Senner et al. 2015)
"623000438",true,2013/03/25,5.662,53.112,,43,-134,401.6739377,"58",53.112,53.112,"1",5.662,5.662,"5","0","3",232,"2","21","0","1",argos-doppler-shift,Limosa limosa,"123434",Amalia,Continental black-tailed godwits (data from Senner et al. 2015)
"623000439",true,2013/03/25,5.653,53.115,,43,-125,401.6739317,"58",53.115,53.115,"2",5.653,5.653,"6","0","3",436,"142","188","2","12",argos-doppler-shift,Limosa limosa,"123434",Amalia,Continental black-tailed godwits (data from Senner et al. 2015)
"623000440",false,2013/03/28,,,true,0,-126,401.65,"0",,,Z,,,"1","0",,,"122","196","2","28",argos-doppler-shift,Limosa limosa,"123434",Amalia,Continental black-tailed godwits (data from Senner et al. 2015)
"623000441",true,2013/03/28,5.674,53.116,,43,-134,401.6739336,"50",53.116,53.116,"1",5.674,5.674,"4","0","3",246,"3","22","0","1",argos-doppler-shift,Limosa limosa,"123434",Amalia,Continental black-tailed godwits (data from Senner et al. 2015)
"623000442",true,2013/03/28,5.675,53.119,,43,-124,401.6739355,"50",53.119,53.119,"2",5.675,5.675,"7","0","3",368,"125","184","2","34",argos-doppler-shift,Limosa limosa,"123434",Amalia,Continental black-tailed godwits (data from Senner et al. 2015)
"623000443",true,2013/03/28,5.66,53.12,,43,-121,401.6739274,"58",53.12,53.12,"1",5.66,5.66,"6","0","3",318,"4","22","0","1",argos-doppler-shift,Limosa limosa,"123434",Amalia,Continental black-tailed godwits (data from Senner et al. 2015)
"623000444",true,2013/03/28,5.685,53.113,,43,-136,401.6739278,"0",53.113,53.113,A,5.685,5.685,"3","0","3",127,"4","22","0","1",argos-doppler-shift,Limosa limosa,"123434",Amalia,Continental black-tailed godwits (data from Senner et al. 2015)
"623000445",true,2013/03/28,5.685,53.113,,43,-126,401.6739276,"0",53.113,53.113,B,5.685,5.685,"1","0","3",0,"5","22","0","1",argos-doppler-shift,Limosa limosa,"123434",Amalia,Continental black-tailed godwits (data from Senner et al. 2015)
"623000446",true,2013/03/28,5.671,53.119,,43,-124,401.6739329,"58",53.119,53.119,"2",5.671,5.671,"6","0","3",295,"6","22","0","1",argos-doppler-shift,Limosa limosa,"123434",Amalia,Continental black-tailed godwits (data from Senner et al. 2015)
"623000447",true,2013/03/28,5.669,53.118,,43,-130,401.6739321,"8",53.118,53.118,B,5.669,5.669,"1","0","3",0,"108","168","3","60",argos-doppler-shift,Limosa limosa,"123434",Amalia,Continental black-tailed godwits (data from Senner et al. 2015)
"623000448",true,2013/03/28,5.677,53.116,,43,-130,401.6739232,"0",53.116,53.116,B,5.677,5.677,"1","0","3",0,"7","22","0","1",argos-doppler-shift,Limosa limosa,"123434",Amalia,Continental black-tailed godwits (data from Senner et al. 2015)
"623000449",true,2013/03/28,5.663,53.114,,43,-134,401.6739242,"8",53.114,53.114,B,5.663,5.663,"2","0","3",120,"136","168","1","12",argos-doppler-shift,Limosa limosa,"123434",Amalia,Continental black-tailed godwits (data from Senner et al. 2015)
"623000450",true,2013/03/28,5.667,53.129,,43,-117,401.6739318,"57",53.129,53.129,"3",5.667,5.667,"5","5","3",240,"8","22","0","1",argos-doppler-shift,Limosa limosa,"123434",Amalia,Continental black-tailed godwits (data from Senner et al. 2015)
"623000451",true,2013/03/28,5.668,53.127,,43,-122,401.6739311,"58",53.127,53.127,"2",5.668,5.668,"7","0","3",596,"9","22","0","1",argos-doppler-shift,Limosa limosa,"123434",Amalia,Continental black-tailed godwits (data from Senner et al. 2015)
"623000452",true,2013/03/28,5.681,53.121,,43,-118,401.6739323,"58",53.121,53.121,"3",5.681,5.681,"7","1","3",356,"10","22","0","1",argos-doppler-shift,Limosa limosa,"123434",Amalia,Continental black-tailed godwits (data from Senner et al. 2015)
"623000453",false,2013/03/30,,,true,0,-132,401.65,"0",,,Z,,,"1","0",,,"148","200","3","8",argos-doppler-shift,Limosa limosa,"123434",Amalia,Continental black-tailed godwits (data from Senner et al. 2015)
"623000454",true,2013/03/30,5.653,53.113,,43,-121,401.6739398,"40",53.113,53.113,"1",5.653,5.653,"9","0","3",513,"2","23","0","1",argos-doppler-shift,Limosa limosa,"123434",Amalia,Continental black-tailed godwits (data from Senner et al. 2015)
"623000455",true,2013/03/30,5.672,53.125,,43,-122,401.6739342,"40",53.125,53.125,"1",5.672,5.672,"6","0","3",399,"120","200","3","31",argos-doppler-shift,Limosa limosa,"123434",Amalia,Continental black-tailed godwits (data from Senner et al. 2015)
"623000456",false,2013/03/30,6.028,53.189,true,40,-121,401.6739107,"8",53.189,53.189,A,6.028,6.028,"3","0","3",236,"5","23","0","1",argos-doppler-shift,Limosa limosa,"123434",Amalia,Continental black-tailed godwits (data from Senner et al. 2015)
"623000457",true,2013/03/30,5.678,53.12,,43,-122,401.6739321,"8",53.12,53.12,B,5.678,5.678,"2","0","3",117,"131","192","3","16",argos-doppler-shift,Limosa limosa,"123434",Amalia,Continental black-tailed godwits (data from Senner et al. 2015)
"623000458",true,2013/03/30,5.681,53.121,,43,-134,401.6739338,"8",53.121,53.121,B,5.681,5.681,"1","0","3",0,"7","23","0","1",argos-doppler-shift,Limosa limosa,"123434",Amalia,Continental black-tailed godwits (data from Senner et al. 2015)
"623000459",true,2013/03/30,5.68,53.123,,43,-124,401.6739343,"8",53.123,53.123,B,5.68,5.68,"1","0","3",0,"121","180","1","38",argos-doppler-shift,Limosa limosa,"123434",Amalia,Continental black-tailed godwits (data from Senner et al. 2015)
"623000460",true,2013/03/30,5.679,53.122,,43,-123,401.6739363,"0",53.122,53.122,B,5.679,5.679,"1","0","3",0,"120","180","3","42",argos-doppler-shift,Limosa limosa,"123434",Amalia,Continental black-tailed godwits (data from Senner et al. 2015)
"623000461",true,2013/03/30,5.678,53.119,,43,-122,401.6739358,"58",53.119,53.119,"1",5.678,5.678,"5","0","3",307,"8","23","0","1",argos-doppler-shift,Limosa limosa,"123434",Amalia,Continental black-tailed godwits (data from Senner et al. 2015)
"623000462",true,2013/03/30,5.682,53.119,,43,-116,401.6739322,"8",53.119,53.119,B,5.682,5.682,"2","1","3",63,"9","23","0","1",argos-doppler-shift,Limosa limosa,"123434",Amalia,Continental black-tailed godwits (data from Senner et al. 2015)
"623000463",false,2013/04/02,,,true,0,-134,401.65,"0",,,Z,,,"1","0",,,"129","160","1","17",argos-doppler-shift,Limosa limosa,"123434",Amalia,Continental black-tailed godwits (data from Senner et al. 2015)
"623000464",true,2013/04/02,5.694,53.12,,43,-136,401.6739332,"0",53.12,53.12,B,5.694,5.694,"2","0","3",117,"10","24","1","1",argos-doppler-shift,Limosa limosa,"123434",Amalia,Continental black-tailed godwits (data from Senner et al. 2015)
"623000465",true,2013/04/04,5.668,53.12,,43,-131,401.6739331,"50",53.12,53.12,"2",5.668,5.668,"4","0","3",519,"125","196","3","22",argos-doppler-shift,Limosa limosa,"123434",Amalia,Continental black-tailed godwits (data from Senner et al. 2015)
"623000466",true,2013/04/04,5.68,53.119,,43,-124,401.6739304,"58",53.119,53.119,"3",5.68,5.68,"8","0","3",474,"2","25","0","1",argos-doppler-shift,Limosa limosa,"123434",Amalia,Continental black-tailed godwits (data from Senner et al. 2015)
"623000467",true,2013/04/04,5.68,53.119,,43,-126,401.6739311,"0",53.119,53.119,B,5.68,5.68,"1","0","3",0,"129","192","2","29",argos-doppler-shift,Limosa limosa,"123434",Amalia,Continental black-tailed godwits (data from Senner et al. 2015)
"623000468",true,2013/04/04,5.678,53.121,,43,-122,401.6739331,"60",53.121,53.121,"3",5.678,5.678,"4","0","3",234,"128","192","1","31",argos-doppler-shift,Limosa limosa,"123434",Amalia,Continental black-tailed godwits (data from Senner et al. 2015)
"623000469",true,2013/04/04,5.646,53.129,,43,-138,401.6739291,"8",53.129,53.129,B,5.646,5.646,"2","0","3",183,"3","25","0","1",argos-doppler-shift,Limosa limosa,"123434",Amalia,Continental black-tailed godwits (data from Senner et al. 2015)
"623000470",true,2013/04/04,5.677,53.119,,43,-121,401.673928,"50",53.119,53.119,"3",5.677,5.677,"7","0","3",363,"139","200","1","62",argos-doppler-shift,Limosa limosa,"123434",Amalia,Continental black-tailed godwits (data from Senner et al. 2015)
"623000471",true,2013/04/04,5.681,53.119,,43,-114,401.6739291,"50",53.119,53.119,"1",5.681,5.681,"5","2","3",422,"4","25","3","1",argos-doppler-shift,Limosa limosa,"123434",Amalia,Continental black-tailed godwits (data from Senner et al. 2015)
"623000472",true,2013/04/04,5.68,53.118,,43,-130,401.673933,"58",53.118,53.118,"2",5.68,5.68,"8","0","3",579,"5","25","0","1",argos-doppler-shift,Limosa limosa,"123434",Amalia,Continental black-tailed godwits (data from Senner et al. 2015)
"623000473",true,2013/04/04,5.683,53.119,,43,-121,401.6739338,"50",53.119,53.119,"3",5.683,5.683,"9","0","3",521,"5","25","0","1",argos-doppler-shift,Limosa limosa,"123434",Amalia,Continental black-tailed godwits (data from Senner et al. 2015)
"623000474",true,2013/04/04,5.682,53.12,,43,-127,401.6739173,"58",53.12,53.12,"1",5.682,5.682,"6","0","3",325,"178","204","1","32",argos-doppler-shift,Limosa limosa,"123434",Amalia,Continental black-tailed godwits (data from Senner et al. 2015)
"623000475",true,2013/04/04,5.678,53.115,,43,-131,401.6739271,"8",53.115,53.115,B,5.678,5.678,"2","0","3",122,"145","204","2","36",argos-doppler-shift,Limosa limosa,"123434",Amalia,Continental black-tailed godwits (data from Senner et al. 2015)
"623000476",true,2013/04/04,5.677,53.115,,43,-136,401.6739271,"8",53.115,53.115,B,5.677,5.677,"1","0","3",0,"7","25","3","1",argos-doppler-shift,Limosa limosa,"123434",Amalia,Continental black-tailed godwits (data from Senner et al. 2015)
"623000477",true,2013/04/04,5.702,53.125,,43,-118,401.6739232,"50",53.125,53.125,"1",5.702,5.702,"6","2","3",312,"154","204","2","40",argos-doppler-shift,Limosa limosa,"123434",Amalia,Continental black-tailed godwits (data from Senner et al. 2015)
"623000478",true,2013/04/04,5.663,53.132,,43,-132,401.673917,"50",53.132,53.132,"2",5.663,5.663,"4","0","3",375,"166","200","2","40",argos-doppler-shift,Limosa limosa,"123434",Amalia,Continental black-tailed godwits (data from Senner et al. 2015)
"623000479",true,2013/04/04,5.656,53.121,,43,-118,401.6739358,"57",53.121,53.121,"2",5.656,5.656,"7","3","3",400,"9","25","0","1",argos-doppler-shift,Limosa limosa,"123434",Amalia,Continental black-tailed godwits (data from Senner et al. 2015)
"623000480",true,2013/04/04,5.664,53.12,,43,-130,401.6739362,"50",53.12,53.12,"2",5.664,5.664,"4","0","3",232,"9","25","0","1",argos-doppler-shift,Limosa limosa,"123434",Amalia,Continental black-tailed godwits (data from Senner et al. 2015)
"623000481",true,2013/04/04,5.668,53.119,,43,-126,401.673932,"0",53.119,53.119,B,5.668,5.668,"1","0","3",0,"121","196","2","4",argos-doppler-shift,Limosa limosa,"123434",Amalia,Continental black-tailed godwits (data from Senner et al. 2015)
"623000482",true,2013/04/06,5.668,53.123,,43,-120,401.6739294,"50",53.123,53.123,"3",5.668,5.668,"8","0","3",436,"1","26","0","1",argos-doppler-shift,Limosa limosa,"123434",Amalia,Continental black-tailed godwits (data from Senner et al. 2015)
"623000483",true,2013/04/06,5.669,53.123,,43,-120,401.6739294,"50",53.123,53.123,"3",5.669,5.669,"8","0","3",436,"1","26","0","1",argos-doppler-shift,Limosa limosa,"123434",Amalia,Continental black-tailed godwits (data from Senner et al. 2015)
"623000484",true,2013/04/06,5.664,53.124,,43,-133,401.6739346,"8",53.124,53.124,B,5.664,5.664,"1","0","3",0,"122","188","2","30",argos-doppler-shift,Limosa limosa,"123434",Amalia,Continental black-tailed godwits (data from Senner et al. 2015)
"623000485",true,2013/04/06,5.664,53.125,,43,-133,401.6739346,"8",53.125,53.125,B,5.664,5.664,"1","0","3",0,"122","188","2","30",argos-doppler-shift,Limosa limosa,"123434",Amalia,Continental black-tailed godwits (data from Senner et al. 2015)
"623000486",true,2013/04/06,5.665,53.118,,43,-133,401.6739292,"8",53.118,53.118,B,5.665,5.665,"1","0","3",0,"147","188","1","38",argos-doppler-shift,Limosa limosa,"123434",Amalia,Continental black-tailed godwits (data from Senner et al. 2015)
"623000487",false,2013/04/06,,,true,0,-133,401.65,"0",,,Z,,,"1","0",,,"147","188","1","38",argos-doppler-shift,Limosa limosa,"123434",Amalia,Continental black-tailed godwits (data from Senner et al. 2015)
"623000488",true,2013/04/06,5.675,53.121,,43,-121,401.673925,"58",53.121,53.121,"2",5.675,5.675,"5","0","3",248,"160","184","1","39",argos-doppler-shift,Limosa limosa,"123434",Amalia,Continental black-tailed godwits (data from Senner et al. 2015)
"623000489",true,2013/04/06,5.656,53.121,,43,-121,401.6739325,"50",53.121,53.121,"3",5.656,5.656,"8","0","3",412,"128","180","3","45",argos-doppler-shift,Limosa limosa,"123434",Amalia,Continental black-tailed godwits (data from Senner et al. 2015)
"623000490",true,2013/04/06,5.657,53.121,,43,-121,401.6739324,"50",53.121,53.121,"3",5.657,5.657,"8","0","3",412,"128","180","3","45",argos-doppler-shift,Limosa limosa,"123434",Amalia,Continental black-tailed godwits (data from Senner et al. 2015)
"623000491",true,2013/04/06,5.65,53.12,,43,-122,401.6739319,"58",53.12,53.12,"1",5.65,5.65,"4","0","3",247,"129","176","2","52",argos-doppler-shift,Limosa limosa,"123434",Amalia,Continental black-tailed godwits (data from Senner et al. 2015)
"623000492",true,2013/04/06,5.673,53.105,,43,-124,401.6739417,"0",53.105,53.105,B,5.673,5.673,"2","0","3",62,"131","176","2","53",argos-doppler-shift,Limosa limosa,"123434",Amalia,Continental black-tailed godwits (data from Senner et al. 2015)
"623000493",true,2013/04/06,5.672,53.104,,43,-124,401.6739419,"0",53.104,53.104,B,5.672,5.672,"2","0","3",62,"131","176","2","53",argos-doppler-shift,Limosa limosa,"123434",Amalia,Continental black-tailed godwits (data from Senner et al. 2015)
"623000494",true,2013/04/06,5.652,53.108,,43,-130,401.6739388,"8",53.108,53.108,B,5.652,5.652,"2","0","3",119,"132","168","1","10",argos-doppler-shift,Limosa limosa,"123434",Amalia,Continental black-tailed godwits (data from Senner et al. 2015)
"623000495",true,2013/04/06,5.651,53.107,,43,-130,401.6739392,"8",53.107,53.107,B,5.651,5.651,"2","0","3",119,"132","168","1","10",argos-doppler-shift,Limosa limosa,"123434",Amalia,Continental black-tailed godwits (data from Senner et al. 2015)
"623000496",true,2013/04/07,5.677,53.122,,43,-125,401.6739216,"58",53.122,53.122,"2",5.677,5.677,"7","0","3",498,"10","26","0","1",argos-doppler-shift,Limosa limosa,"123434",Amalia,Continental black-tailed godwits (data from Senner et al. 2015)
"623000497",true,2013/04/07,5.677,53.122,,43,-125,401.6739217,"58",53.122,53.122,"2",5.677,5.677,"7","0","3",498,"10","26","0","1",argos-doppler-shift,Limosa limosa,"123434",Amalia,Continental black-tailed godwits (data from Senner et al. 2015)
"623000498",true,2013/04/09,5.663,53.123,,43,-123,401.6739252,"50",53.123,53.123,"3",5.663,5.663,"6","0","3",365,"150","192","3","36",argos-doppler-shift,Limosa limosa,"123434",Amalia,Continental black-tailed godwits (data from Senner et al. 2015)
"623000499",true,2013/04/09,5.663,53.124,,43,-123,401.6739252,"50",53.124,53.124,"3",5.663,5.663,"6","0","3",365,"150","192","3","36",argos-doppler-shift,Limosa limosa,"123434",Amalia,Continental black-tailed godwits (data from Senner et al. 2015)
"623000500",true,2013/04/09,5.662,53.122,,43,-129,401.673925,"50",53.122,53.122,"3",5.662,5.662,"8","0","3",547,"2","27","0","1",argos-doppler-shift,Limosa limosa,"123434",Amalia,Continental black-tailed godwits (data from Senner et al. 2015)
"623000501",true,2013/04/09,5.656,53.12,,43,-139,401.6739316,"8",53.12,53.12,B,5.656,5.656,"1","0","3",0,"127","180","3","40",argos-doppler-shift,Limosa limosa,"123434",Amalia,Continental black-tailed godwits (data from Senner et al. 2015)
"623000502",true,2013/04/09,5.655,53.12,,43,-139,401.6739314,"8",53.12,53.12,B,5.655,5.655,"1","0","3",0,"127","180","3","40",argos-doppler-shift,Limosa limosa,"123434",Amalia,Continental black-tailed godwits (data from Senner et al. 2015)
"623000503",true,2013/04/09,5.647,53.123,,43,-125,401.6739313,"8",53.123,53.123,B,5.647,5.647,"2","0","3",59,"104","176","3","44",argos-doppler-shift,Limosa limosa,"123434",Amalia,Continental black-tailed godwits (data from Senner et al. 2015)
"623000504",true,2013/04/09,5.647,53.123,,43,-125,401.673931,"8",53.123,53.123,B,5.647,5.647,"2","0","3",59,"104","176","3","44",argos-doppler-shift,Limosa limosa,"123434",Amalia,Continental black-tailed godwits (data from Senner et al. 2015)
"623000505",true,2013/04/09,5.659,53.119,,43,-136,401.6739295,"8",53.119,53.119,B,5.659,5.659,"2","0","3",185,"5","27","0","1",argos-doppler-shift,Limosa limosa,"123434",Amalia,Continental black-tailed godwits (data from Senner et al. 2015)
"623000506",true,2013/04/09,5.658,53.119,,43,-136,401.6739292,"8",53.119,53.119,B,5.658,5.658,"2","0","3",185,"5","27","0","1",argos-doppler-shift,Limosa limosa,"123434",Amalia,Continental black-tailed godwits (data from Senner et al. 2015)
"623000507",true,2013/04/09,5.692,53.125,,43,-126,401.6739368,"60",53.125,53.125,"2",5.692,5.692,"4","0","3",186,"134","176","1","53",argos-doppler-shift,Limosa limosa,"123434",Amalia,Continental black-tailed godwits (data from Senner et al. 2015)
"623000508",true,2013/04/09,5.678,53.122,,43,-119,401.6739314,"58",53.122,53.122,"3",5.678,5.678,"8","1","3",595,"6","27","0","1",argos-doppler-shift,Limosa limosa,"123434",Amalia,Continental black-tailed godwits (data from Senner et al. 2015)
"623000509",true,2013/04/09,5.679,53.122,,43,-119,401.6739314,"58",53.122,53.122,"3",5.679,5.679,"8","1","3",595,"6","27","0","1",argos-doppler-shift,Limosa limosa,"123434",Amalia,Continental black-tailed godwits (data from Senner et al. 2015)
"623000510",true,2013/04/09,5.682,53.123,,43,-123,401.6739307,"8",53.123,53.123,B,5.682,5.682,"2","0","3",120,"6","27","0","1",argos-doppler-shift,Limosa limosa,"123434",Amalia,Continental black-tailed godwits (data from Senner et al. 2015)
"623000511",true,2013/04/09,5.674,53.125,,43,-123,401.6739329,"8",53.125,53.125,B,5.674,5.674,"2","0","3",120,"6","27","0","1",argos-doppler-shift,Limosa limosa,"123434",Amalia,Continental black-tailed godwits (data from Senner et al. 2015)
"623000512",true,2013/04/09,5.675,53.124,,43,-118,401.6739303,"58",53.124,53.124,"2",5.675,5.675,"7","1","3",422,"7","27","0","1",argos-doppler-shift,Limosa limosa,"123434",Amalia,Continental black-tailed godwits (data from Senner et al. 2015)
"623000513",true,2013/04/09,5.664,53.121,,43,-130,401.6739307,"50",53.121,53.121,"2",5.664,5.664,"4","0","3",368,"128","168","2","30",argos-doppler-shift,Limosa limosa,"123434",Amalia,Continental black-tailed godwits (data from Senner et al. 2015)
"623000514",true,2013/04/09,5.664,53.12,,43,-130,401.6739309,"50",53.12,53.12,"2",5.664,5.664,"4","0","3",368,"128","168","2","30",argos-doppler-shift,Limosa limosa,"123434",Amalia,Continental black-tailed godwits (data from Senner et al. 2015)
"623000515",true,2013/04/09,5.683,53.118,,43,-115,401.6739248,"58",53.118,53.118,"2",5.683,5.683,"6","4","3",388,"8","27","0","1",argos-doppler-shift,Limosa limosa,"123434",Amalia,Continental black-tailed godwits (data from Senner et al. 2015)
"623000516",true,2013/04/09,5.683,53.118,,43,-115,401.6739248,"58",53.118,53.118,"2",5.683,5.683,"6","4","3",388,"8","27","0","1",argos-doppler-shift,Limosa limosa,"123434",Amalia,Continental black-tailed godwits (data from Senner et al. 2015)
"623000517",true,2013/04/09,5.671,53.122,,43,-122,401.6739219,"58",53.122,53.122,"3",5.671,5.671,"5","0","3",307,"10","27","0","1",argos-doppler-shift,Limosa limosa,"123434",Amalia,Continental black-tailed godwits (data from Senner et al. 2015)
"623000518",true,2013/04/09,5.671,53.122,,43,-122,401.6739219,"58",53.122,53.122,"3",5.671,5.671,"5","0","3",307,"10","27","0","1",argos-doppler-shift,Limosa limosa,"123434",Amalia,Continental black-tailed godwits (data from Senner et al. 2015)
"623000519",true,2013/04/09,5.673,53.117,,43,-122,401.6739214,"50",53.117,53.117,"1",5.673,5.673,"4","0","3",184,"150","168","2","50",argos-doppler-shift,Limosa limosa,"123434",Amalia,Continental black-tailed godwits (data from Senner et al. 2015)
"623000520",true,2013/04/09,5.673,53.117,,43,-122,401.6739213,"50",53.117,53.117,"1",5.673,5.673,"4","0","3",184,"150","168","2","50",argos-doppler-shift,Limosa limosa,"123434",Amalia,Continental black-tailed godwits (data from Senner et al. 2015)
"623000521",true,2013/04/11,5.681,53.118,,43,-129,401.6739265,"0",53.118,53.118,A,5.681,5.681,"3","0","3",121,"147","188","3","60",argos-doppler-shift,Limosa limosa,"123434",Amalia,Continental black-tailed godwits (data from Senner et al. 2015)
"623000522",true,2013/04/11,5.683,53.117,,43,-119,401.6739271,"50",53.117,53.117,"3",5.683,5.683,"8","1","3",424,"1","28","0","1",argos-doppler-shift,Limosa limosa,"123434",Amalia,Continental black-tailed godwits (data from Senner et al. 2015)
"623000523",true,2013/04/11,5.699,53.117,,43,-121,401.6739301,"48",53.117,53.117,"0",5.699,5.699,"8","0","3",598,"129","180","1","9",argos-doppler-shift,Limosa limosa,"123434",Amalia,Continental black-tailed godwits (data from Senner et al. 2015)
"623000524",true,2013/04/11,5.6,53.174,,43,-137,401.6739289,"0",53.174,53.174,B,5.6,5.6,"2","0","3",231,"129","180","1","9",argos-doppler-shift,Limosa limosa,"123434",Amalia,Continental black-tailed godwits (data from Senner et al. 2015)
"623000525",true,2013/04/11,5.689,53.121,,43,-120,401.6739281,"58",53.121,53.121,"3",5.689,5.689,"7","0","3",423,"4","28","0","1",argos-doppler-shift,Limosa limosa,"123434",Amalia,Continental black-tailed godwits (data from Senner et al. 2015)
"623000526",true,2013/04/11,5.676,53.115,,43,-134,401.6739338,"50",53.115,53.115,"2",5.676,5.676,"5","0","3",300,"4","28","0","1",argos-doppler-shift,Limosa limosa,"123434",Amalia,Continental black-tailed godwits (data from Senner et al. 2015)
"623000527",true,2013/04/11,5.696,53.102,,43,-130,401.673941,"8",53.102,53.102,B,5.696,5.696,"1","0","3",0,"134","168","1","56",argos-doppler-shift,Limosa limosa,"123434",Amalia,Continental black-tailed godwits (data from Senner et al. 2015)
"623000528",true,2013/04/11,5.674,53.123,,43,-121,401.6739327,"8",53.123,53.123,B,5.674,5.674,"2","0","3",242,"7","28","0","1",argos-doppler-shift,Limosa limosa,"123434",Amalia,Continental black-tailed godwits (data from Senner et al. 2015)
"623000529",true,2013/04/11,5.692,53.115,,43,-123,401.6739328,"8",53.115,53.115,B,5.692,5.692,"1","0","3",0,"132","160","1","24",argos-doppler-shift,Limosa limosa,"123434",Amalia,Continental black-tailed godwits (data from Senner et al. 2015)
"623000530",true,2013/04/14,5.664,53.123,,43,-120,401.6739291,"50",53.123,53.123,"3",5.664,5.664,"6","0","3",423,"143","172","3","11",argos-doppler-shift,Limosa limosa,"123434",Amalia,Continental black-tailed godwits (data from Senner et al. 2015)
"623000531",true,2013/04/14,5.668,53.121,,43,-120,401.6739304,"58",53.121,53.121,"3",5.668,5.668,"11","0","3",657,"7","29","0","1",argos-doppler-shift,Limosa limosa,"123434",Amalia,Continental black-tailed godwits (data from Senner et al. 2015)
"623000532",true,2013/04/14,5.656,53.121,,43,-137,401.6739289,"0",53.121,53.121,A,5.656,5.656,"3","0","3",357,"132","168","1","38",argos-doppler-shift,Limosa limosa,"123434",Amalia,Continental black-tailed godwits (data from Senner et al. 2015)
"623000533",true,2013/04/14,5.669,53.121,,43,-126,401.6739289,"8",53.121,53.121,A,5.669,5.669,"3","0","3",121,"8","29","0","1",argos-doppler-shift,Limosa limosa,"123434",Amalia,Continental black-tailed godwits (data from Senner et al. 2015)
"623000534",true,2013/04/14,5.655,53.124,,43,-133,401.6739277,"8",53.124,53.124,A,5.655,5.655,"3","0","3",364,"8","29","0","1",argos-doppler-shift,Limosa limosa,"123434",Amalia,Continental black-tailed godwits (data from Senner et al. 2015)
"623000535",true,2013/04/14,5.662,53.122,,43,-122,401.6739298,"8",53.122,53.122,A,5.662,5.662,"3","0","3",301,"137","160","1","8",argos-doppler-shift,Limosa limosa,"123434",Amalia,Continental black-tailed godwits (data from Senner et al. 2015)
"623000536",true,2013/04/16,5.676,53.119,,43,-116,401.6739171,"50",53.119,53.119,"3",5.676,5.676,"6","4","3",375,"164","192","3","42",argos-doppler-shift,Limosa limosa,"123434",Amalia,Continental black-tailed godwits (data from Senner et al. 2015)
"623000537",true,2013/04/16,5.678,53.12,,43,-121,401.6739175,"50",53.12,53.12,"2",5.678,5.678,"7","0","3",437,"164","192","1","42",argos-doppler-shift,Limosa limosa,"123434",Amalia,Continental black-tailed godwits (data from Senner et al. 2015)
"623000538",true,2013/04/16,5.675,53.12,,43,-138,401.6739207,"8",53.12,53.12,B,5.675,5.675,"1","0","3",0,"155","192","3","54",argos-doppler-shift,Limosa limosa,"123434",Amalia,Continental black-tailed godwits (data from Senner et al. 2015)
"623000539",true,2013/04/16,5.682,53.122,,43,-129,401.67392,"8",53.122,53.122,A,5.682,5.682,"3","0","3",308,"159","192","1","1",argos-doppler-shift,Limosa limosa,"123434",Amalia,Continental black-tailed godwits (data from Senner et al. 2015)
"623000540",true,2013/04/16,5.672,53.118,,43,-120,401.6739182,"40",53.118,53.118,"1",5.672,5.672,"5","0","3",432,"3","30","0","1",argos-doppler-shift,Limosa limosa,"123434",Amalia,Continental black-tailed godwits (data from Senner et al. 2015)
"623000541",true,2013/04/16,5.681,53.118,,43,-122,401.6739217,"58",53.118,53.118,"3",5.681,5.681,"8","0","3",525,"155","192","2","12",argos-doppler-shift,Limosa limosa,"123434",Amalia,Continental black-tailed godwits (data from Senner et al. 2015)
"623000542",true,2013/04/16,5.666,53.108,,43,-127,401.6739193,"8",53.108,53.108,A,5.666,5.666,"3","0","3",182,"148","192","2","14",argos-doppler-shift,Limosa limosa,"123434",Amalia,Continental black-tailed godwits (data from Senner et al. 2015)
"623000543",true,2013/04/16,5.675,53.12,,43,-125,401.673925,"58",53.12,53.12,"3",5.675,5.675,"8","0","3",485,"8","30","0","1",argos-doppler-shift,Limosa limosa,"123434",Amalia,Continental black-tailed godwits (data from Senner et al. 2015)
"623000544",true,2013/04/16,5.684,53.12,,43,-118,401.6739264,"50",53.12,53.12,"2",5.684,5.684,"10","1","3",605,"8","30","0","1",argos-doppler-shift,Limosa limosa,"123434",Amalia,Continental black-tailed godwits (data from Senner et al. 2015)
"623000545",true,2013/04/16,5.672,53.124,,43,-128,401.6739299,"58",53.124,53.124,"2",5.672,5.672,"6","0","3",354,"10","30","0","1",argos-doppler-shift,Limosa limosa,"123434",Amalia,Continental black-tailed godwits (data from Senner et al. 2015)
"623000546",true,2013/04/18,5.633,53.097,,43,-131,401.6739289,"0",53.097,53.097,B,5.633,5.633,"2","0","3",59,"1","27","0","1",argos-doppler-shift,Limosa limosa,"123434",Amalia,Continental black-tailed godwits (data from Senner et al. 2015)
"623000547",true,2013/04/18,5.664,53.116,,43,-117,401.6739326,"58",53.116,53.116,"2",5.664,5.664,"8","2","3",470,"130","185","2","48",argos-doppler-shift,Limosa limosa,"123434",Amalia,Continental black-tailed godwits (data from Senner et al. 2015)
"623000548",true,2013/04/18,5.665,53.123,,43,-121,401.6739328,"0",53.123,53.123,A,5.665,5.665,"3","0","3",118,"3","31","0","1",argos-doppler-shift,Limosa limosa,"123434",Amalia,Continental black-tailed godwits (data from Senner et al. 2015)
"623000549",true,2013/04/18,5.675,53.116,,43,-121,401.6739355,"58",53.116,53.116,"1",5.675,5.675,"8","0","3",532,"4","31","0","1",argos-doppler-shift,Limosa limosa,"123434",Amalia,Continental black-tailed godwits (data from Senner et al. 2015)
"623000550",true,2013/04/19,5.663,53.123,,43,-126,401.673932,"68",53.123,53.123,"3",5.663,5.663,"4","0","3",502,"8","31","0","1",argos-doppler-shift,Limosa limosa,"123434",Amalia,Continental black-tailed godwits (data from Senner et al. 2015)
"623000551",true,2013/04/19,5.661,53.122,,43,-125,401.6739311,"58",53.122,53.122,"3",5.661,5.661,"6","0","3",359,"10","31","0","1",argos-doppler-shift,Limosa limosa,"123434",Amalia,Continental black-tailed godwits (data from Senner et al. 2015)
"623000552",true,2013/04/19,5.66,53.122,,43,-125,401.6739311,"58",53.122,53.122,"3",5.66,5.66,"6","0","3",359,"10","31","0","1",argos-doppler-shift,Limosa limosa,"123434",Amalia,Continental black-tailed godwits (data from Senner et al. 2015)
"623000553",true,2013/04/19,5.669,53.12,,43,-124,401.6739323,"50",53.12,53.12,"3",5.669,5.669,"7","0","3",535,"10","31","0","1",argos-doppler-shift,Limosa limosa,"123434",Amalia,Continental black-tailed godwits (data from Senner et al. 2015)
"623000554",true,2013/04/21,5.662,53.124,,43,-120,401.6739296,"50",53.124,53.124,"3",5.662,5.662,"8","0","3",415,"1","32","0","1",argos-doppler-shift,Limosa limosa,"123434",Amalia,Continental black-tailed godwits (data from Senner et al. 2015)
"623000555",true,2013/04/21,5.662,53.123,,43,-140,401.6739321,"0",53.123,53.123,B,5.662,5.662,"1","0","3",0,"136","192","3","50",argos-doppler-shift,Limosa limosa,"123434",Amalia,Continental black-tailed godwits (data from Senner et al. 2015)
"623000556",true,2013/04/21,5.659,53.123,,43,-118,401.6739322,"58",53.123,53.123,"2",5.659,5.659,"9","2","3",587,"2","32","0","1",argos-doppler-shift,Limosa limosa,"123434",Amalia,Continental black-tailed godwits (data from Senner et al. 2015)
"623000557",true,2013/04/21,5.659,53.124,,43,-118,401.6739324,"58",53.124,53.124,"2",5.659,5.659,"8","2","3",412,"2","32","0","1",argos-doppler-shift,Limosa limosa,"123434",Amalia,Continental black-tailed godwits (data from Senner et al. 2015)
"623000558",true,2013/04/21,5.695,53.128,,43,-128,401.6739352,"58",53.128,53.128,"2",5.695,5.695,"4","0","3",427,"128","184","3","22",argos-doppler-shift,Limosa limosa,"123434",Amalia,Continental black-tailed godwits (data from Senner et al. 2015)
"623000559",true,2013/04/21,5.684,53.124,,43,-125,401.6739309,"0",53.124,53.124,A,5.684,5.684,"3","0","3",188,"131","184","3","26",argos-doppler-shift,Limosa limosa,"123434",Amalia,Continental black-tailed godwits (data from Senner et al. 2015)
"623000560",true,2013/04/21,5.674,53.146,,43,-123,401.6739299,"48",53.146,53.146,"0",5.674,5.674,"6","0","3",615,"5","32","0","1",argos-doppler-shift,Limosa limosa,"123434",Amalia,Continental black-tailed godwits (data from Senner et al. 2015)
"623000561",true,2013/04/21,5.675,53.122,,43,-126,401.6739172,"8",53.122,53.122,A,5.675,5.675,"3","0","3",303,"186","180","1","28",argos-doppler-shift,Limosa limosa,"123434",Amalia,Continental black-tailed godwits (data from Senner et al. 2015)
"623000562",true,2013/04/21,5.686,53.118,,43,-121,401.6739172,"48",53.118,53.118,"1",5.686,5.686,"8","0","3",536,"157","176","1","28",argos-doppler-shift,Limosa limosa,"123434",Amalia,Continental black-tailed godwits (data from Senner et al. 2015)
"623000563",true,2013/04/21,5.678,53.125,,43,-117,401.6739164,"58",53.125,53.125,"3",5.678,5.678,"4","2","3",251,"183","146","1","34",argos-doppler-shift,Limosa limosa,"123434",Amalia,Continental black-tailed godwits (data from Senner et al. 2015)
"623000564",true,2013/04/21,5.679,53.123,,43,-126,401.6739161,"0",53.123,53.123,B,5.679,5.679,"1","0","3",0,"160","176","3","36",argos-doppler-shift,Limosa limosa,"123434",Amalia,Continental black-tailed godwits (data from Senner et al. 2015)
"623000565",true,2013/04/21,5.676,53.124,,43,-130,401.6739171,"8",53.124,53.124,B,5.676,5.676,"2","0","3",63,"163","182","2","50",argos-doppler-shift,Limosa limosa,"123434",Amalia,Continental black-tailed godwits (data from Senner et al. 2015)
"623000566",true,2013/04/21,5.674,53.121,,43,-130,401.6739145,"0",53.121,53.121,B,5.674,5.674,"2","0","3",316,"9","32","0","1",argos-doppler-shift,Limosa limosa,"123434",Amalia,Continental black-tailed godwits (data from Senner et al. 2015)
"623000567",true,2013/04/21,5.682,53.121,,43,-120,401.6739196,"50",53.121,53.121,"2",5.682,5.682,"8","0","3",571,"168","176","3","50",argos-doppler-shift,Limosa limosa,"123434",Amalia,Continental black-tailed godwits (data from Senner et al. 2015)
"623000568",true,2013/04/21,5.684,53.12,,43,-131,401.6739272,"8",53.12,53.12,B,5.684,5.684,"1","0","3",0,"144","176","1","0",argos-doppler-shift,Limosa limosa,"123434",Amalia,Continental black-tailed godwits (data from Senner et al. 2015)
"623000569",true,2013/04/23,5.685,53.123,,43,-121,401.6739162,"50",53.123,53.123,"2",5.685,5.685,"5","0","3",248,"164","200","1","5",argos-doppler-shift,Limosa limosa,"123434",Amalia,Continental black-tailed godwits (data from Senner et al. 2015)
"623000570",true,2013/04/23,5.68,53.121,,43,-134,401.6739149,"50",53.121,53.121,"3",5.68,5.68,"6","0","3",446,"174","200","2","9",argos-doppler-shift,Limosa limosa,"123434",Amalia,Continental black-tailed godwits (data from Senner et al. 2015)
"623000571",true,2013/04/23,5.671,53.118,,43,-125,401.6739219,"50",53.118,53.118,"1",5.671,5.671,"5","0","3",304,"1","33","0","1",argos-doppler-shift,Limosa limosa,"123434",Amalia,Continental black-tailed godwits (data from Senner et al. 2015)
"623000572",true,2013/04/23,5.689,53.117,,43,-129,401.6739192,"58",53.117,53.117,"2",5.689,5.689,"4","0","3",189,"164","192","1","35",argos-doppler-shift,Limosa limosa,"123434",Amalia,Continental black-tailed godwits (data from Senner et al. 2015)
"623000573",true,2013/04/23,5.68,53.12,,43,-117,401.673918,"58",53.12,53.12,"3",5.68,5.68,"6","1","3",624,"3","33","0","1",argos-doppler-shift,Limosa limosa,"123434",Amalia,Continental black-tailed godwits (data from Senner et al. 2015)
"623000574",true,2013/04/23,5.675,53.127,,43,-132,401.6739217,"8",53.127,53.127,B,5.675,5.675,"2","0","3",61,"147","180","3","60",argos-doppler-shift,Limosa limosa,"123434",Amalia,Continental black-tailed godwits (data from Senner et al. 2015)
"623000575",true,2013/04/23,5.662,53.124,,43,-126,401.6739177,"58",53.124,53.124,"3",5.662,5.662,"8","0","3",439,"8","33","0","1",argos-doppler-shift,Limosa limosa,"123434",Amalia,Continental black-tailed godwits (data from Senner et al. 2015)
"623000576",true,2013/04/23,5.665,53.122,,43,-121,401.6739202,"58",53.122,53.122,"3",5.665,5.665,"7","0","3",435,"8","33","0","1",argos-doppler-shift,Limosa limosa,"123434",Amalia,Continental black-tailed godwits (data from Senner et al. 2015)
"623000577",true,2013/04/26,5.681,53.122,,43,-123,401.6739247,"40",53.122,53.122,"1",5.681,5.681,"7","0","3",670,"152","184","1","4",argos-doppler-shift,Limosa limosa,"123434",Amalia,Continental black-tailed godwits (data from Senner et al. 2015)
"623000578",true,2013/04/26,5.681,53.118,,43,-130,401.6739279,"8",53.118,53.118,B,5.681,5.681,"1","0","3",0,"133","176","2","18",argos-doppler-shift,Limosa limosa,"123434",Amalia,Continental black-tailed godwits (data from Senner et al. 2015)
"623000579",true,2013/04/26,5.66,53.123,,43,-122,401.6739298,"58",53.123,53.123,"2",5.66,5.66,"8","0","3",650,"4","34","0","1",argos-doppler-shift,Limosa limosa,"123434",Amalia,Continental black-tailed godwits (data from Senner et al. 2015)
"623000580",true,2013/04/26,5.668,53.126,,43,-127,401.6739311,"50",53.126,53.126,"2",5.668,5.668,"5","0","3",239,"4","34","0","1",argos-doppler-shift,Limosa limosa,"123434",Amalia,Continental black-tailed godwits (data from Senner et al. 2015)
"623000581",true,2013/04/26,5.653,53.125,,43,-121,401.6739288,"58",53.125,53.125,"2",5.653,5.653,"7","0","3",600,"134","172","1","28",argos-doppler-shift,Limosa limosa,"123434",Amalia,Continental black-tailed godwits (data from Senner et al. 2015)
"623000582",true,2013/04/26,5.653,53.125,,43,-121,401.6739295,"58",53.125,53.125,"2",5.653,5.653,"5","0","3",300,"140","172","1","28",argos-doppler-shift,Limosa limosa,"123434",Amalia,Continental black-tailed godwits (data from Senner et al. 2015)
"623000583",true,2013/04/26,5.654,53.122,,43,-129,401.6739266,"68",53.122,53.122,"3",5.654,5.654,"5","0","3",300,"134","172","1","28",argos-doppler-shift,Limosa limosa,"123434",Amalia,Continental black-tailed godwits (data from Senner et al. 2015)
"623000584",true,2013/04/26,5.653,53.122,,43,-139,401.6739286,"0",53.122,53.122,B,5.653,5.653,"1","0","3",0,"136","172","1","62",argos-doppler-shift,Limosa limosa,"123434",Amalia,Continental black-tailed godwits (data from Senner et al. 2015)
"623000585",true,2013/04/26,5.665,53.123,,43,-129,401.6739291,"8",53.123,53.123,A,5.665,5.665,"3","0","3",363,"7","34","0","1",argos-doppler-shift,Limosa limosa,"123434",Amalia,Continental black-tailed godwits (data from Senner et al. 2015)
"623000586",true,2013/04/28,5.665,53.121,,43,-124,401.6739265,"0",53.121,53.121,A,5.665,5.665,"3","0","3",124,"202","200","2","18",argos-doppler-shift,Limosa limosa,"123434",Amalia,Continental black-tailed godwits (data from Senner et al. 2015)
"623000587",true,2013/04/28,5.659,53.163,,43,-129,401.6739288,"58",53.163,53.163,"0",5.659,5.659,"4","0","3",177,"187","200","1","22",argos-doppler-shift,Limosa limosa,"123434",Amalia,Continental black-tailed godwits (data from Senner et al. 2015)
"623000588",true,2013/04/28,5.685,53.135,,43,-128,401.673913,"8",53.135,53.135,B,5.685,5.685,"1","0","3",0,"155","208","1","26",argos-doppler-shift,Limosa limosa,"123434",Amalia,Continental black-tailed godwits (data from Senner et al. 2015)
"623000589",true,2013/04/28,5.661,53.121,,43,-128,401.6739134,"8",53.121,53.121,A,5.661,5.661,"3","0","3",120,"168","200","3","35",argos-doppler-shift,Limosa limosa,"123434",Amalia,Continental black-tailed godwits (data from Senner et al. 2015)
"623000590",true,2013/04/28,5.693,53.124,,43,-121,401.6739159,"40",53.124,53.124,"1",5.693,5.693,"5","0","3",595,"3","35","0","1",argos-doppler-shift,Limosa limosa,"123434",Amalia,Continental black-tailed godwits (data from Senner et al. 2015)
"623000591",true,2013/04/28,5.692,53.126,,43,-122,401.6739209,"58",53.126,53.126,"1",5.692,5.692,"7","0","3",435,"5","35","0","1",argos-doppler-shift,Limosa limosa,"123434",Amalia,Continental black-tailed godwits (data from Senner et al. 2015)
"623000592",true,2013/04/28,5.692,53.12,,43,-140,401.6739204,"0",53.12,53.12,B,5.692,5.692,"1","0","3",0,"150","192","2","62",argos-doppler-shift,Limosa limosa,"123434",Amalia,Continental black-tailed godwits (data from Senner et al. 2015)
"623000593",true,2013/04/28,5.676,53.121,,43,-126,401.6739168,"48",53.121,53.121,"0",5.676,5.676,"6","0","3",357,"6","35","0","1",argos-doppler-shift,Limosa limosa,"123434",Amalia,Continental black-tailed godwits (data from Senner et al. 2015)
"623000594",true,2013/04/28,5.67,53.12,,43,-134,401.673918,"8",53.12,53.12,B,5.67,5.67,"1","0","3",0,"143","192","2","9",argos-doppler-shift,Limosa limosa,"123434",Amalia,Continental black-tailed godwits (data from Senner et al. 2015)
"623000595",true,2013/04/28,5.626,53.119,,43,-122,401.6739187,"8",53.119,53.119,B,5.626,5.626,"1","0","3",0,"142","172","2","16",argos-doppler-shift,Limosa limosa,"123434",Amalia,Continental black-tailed godwits (data from Senner et al. 2015)
"623000596",true,2013/04/30,5.658,53.121,,43,-124,401.673928,"50",53.121,53.121,"3",5.658,5.658,"4","0","3",357,"140","196","3","16",argos-doppler-shift,Limosa limosa,"123434",Amalia,Continental black-tailed godwits (data from Senner et al. 2015)
"623000597",true,2013/04/30,5.658,53.126,,43,-121,401.6739241,"8",53.126,53.126,B,5.658,5.658,"2","0","3",60,"1","36","0","17",argos-doppler-shift,Limosa limosa,"123434",Amalia,Continental black-tailed godwits (data from Senner et al. 2015)
"623000598",true,2013/05/01,5.659,53.126,,43,-127,401.6739311,"8",53.126,53.126,A,5.659,5.659,"3","0","3",477,"134","172","3","16",argos-doppler-shift,Limosa limosa,"123434",Amalia,Continental black-tailed godwits (data from Senner et al. 2015)
"623000599",true,2013/05/01,5.667,53.118,,43,-128,401.6739298,"8",53.118,53.118,A,5.667,5.667,"3","0","3",177,"128","164","2","27",argos-doppler-shift,Limosa limosa,"123434",Amalia,Continental black-tailed godwits (data from Senner et al. 2015)
"623000600",true,2013/05/01,5.659,53.126,,43,-127,401.6739297,"50",53.126,53.126,"3",5.659,5.659,"10","0","3",603,"7","36","0","1",argos-doppler-shift,Limosa limosa,"123434",Amalia,Continental black-tailed godwits (data from Senner et al. 2015)
"623000601",true,2013/05/01,5.661,53.126,,43,-137,401.6739245,"0",53.126,53.126,B,5.661,5.661,"1","0","3",0,"8","36","0","1",argos-doppler-shift,Limosa limosa,"123434",Amalia,Continental black-tailed godwits (data from Senner et al. 2015)
"623000602",true,2013/05/01,5.664,53.123,,43,-126,401.6739273,"58",53.123,53.123,"3",5.664,5.664,"4","0","3",426,"9","36","0","1",argos-doppler-shift,Limosa limosa,"123434",Amalia,Continental black-tailed godwits (data from Senner et al. 2015)
"623000603",true,2013/05/01,5.663,53.122,,43,-135,401.6739319,"0",53.122,53.122,B,5.663,5.663,"1","0","3",0,"126","224","2","32",argos-doppler-shift,Limosa limosa,"123434",Amalia,Continental black-tailed godwits (data from Senner et al. 2015)
"623000604",true,2013/05/01,5.652,53.13,,43,-123,401.673924,"0",53.13,53.13,B,5.652,5.652,"2","0","3",57,"9","100","0","1",argos-doppler-shift,Limosa limosa,"123434",Amalia,Continental black-tailed godwits (data from Senner et al. 2015)
"623000605",true,2013/05/01,5.662,53.124,,43,-121,401.6739357,"50",53.124,53.124,"2",5.662,5.662,"6","0","3",404,"116","160","2","38",argos-doppler-shift,Limosa limosa,"123434",Amalia,Continental black-tailed godwits (data from Senner et al. 2015)
"623000606",true,2013/05/03,5.659,53.123,,43,-129,401.6739216,"0",53.123,53.123,A,5.659,5.659,"3","0","3",122,"154","200","3","4",argos-doppler-shift,Limosa limosa,"123434",Amalia,Continental black-tailed godwits (data from Senner et al. 2015)
"623000607",true,2013/05/03,5.676,53.124,,43,-118,401.6739254,"40",53.124,53.124,"1",5.676,5.676,"7","1","3",486,"147","200","3","4",argos-doppler-shift,Limosa limosa,"123434",Amalia,Continental black-tailed godwits (data from Senner et al. 2015)
"623000608",true,2013/05/03,5.695,53.117,,43,-134,401.6739234,"8",53.117,53.117,A,5.695,5.695,"3","0","3",369,"157","188","3","26",argos-doppler-shift,Limosa limosa,"123434",Amalia,Continental black-tailed godwits (data from Senner et al. 2015)
"623000609",true,2013/05/03,5.66,53.122,,43,-128,401.6739207,"8",53.122,53.122,B,5.66,5.66,"1","0","3",0,"156","192","1","29",argos-doppler-shift,Limosa limosa,"123434",Amalia,Continental black-tailed godwits (data from Senner et al. 2015)
"623000610",true,2013/05/03,5.697,53.114,,43,-124,401.6739209,"0",53.114,53.114,B,5.697,5.697,"2","0","3",490,"156","192","1","29",argos-doppler-shift,Limosa limosa,"123434",Amalia,Continental black-tailed godwits (data from Senner et al. 2015)
"623000611",true,2013/05/03,5.675,53.12,,43,-123,401.6739148,"8",53.12,53.12,A,5.675,5.675,"3","0","3",382,"191","188","2","56",argos-doppler-shift,Limosa limosa,"123434",Amalia,Continental black-tailed godwits (data from Senner et al. 2015)
"623000612",true,2013/05/03,5.656,53.124,,43,-123,401.6739114,"68",53.124,53.124,"3",5.656,5.656,"5","0","3",234,"4","37","0","1",argos-doppler-shift,Limosa limosa,"123434",Amalia,Continental black-tailed godwits (data from Senner et al. 2015)
"623000613",true,2013/05/03,5.656,53.124,,43,-133,401.6739092,"0",53.124,53.124,B,5.656,5.656,"1","0","3",0,"182","184","1","12",argos-doppler-shift,Limosa limosa,"123434",Amalia,Continental black-tailed godwits (data from Senner et al. 2015)
"623000614",true,2013/05/03,5.707,53.113,,43,-114,401.6739197,"57",53.113,53.113,"3",5.707,5.707,"6","3","3",389,"198","192","3","22",argos-doppler-shift,Limosa limosa,"123434",Amalia,Continental black-tailed godwits (data from Senner et al. 2015)
"623000615",true,2013/05/03,5.652,53.112,,43,-129,401.673917,"0",53.112,53.112,A,5.652,5.652,"3","0","3",320,"191","188","3","28",argos-doppler-shift,Limosa limosa,"123434",Amalia,Continental black-tailed godwits (data from Senner et al. 2015)
"623000616",true,2013/05/03,5.662,53.118,,43,-128,401.673911,"50",53.118,53.118,"3",5.662,5.662,"6","0","3",408,"178","184","1","34",argos-doppler-shift,Limosa limosa,"123434",Amalia,Continental black-tailed godwits (data from Senner et al. 2015)
"623000617",true,2013/05/03,5.662,53.119,,43,-133,401.6739101,"0",53.119,53.119,B,5.662,5.662,"1","0","3",0,"6","37","0","1",argos-doppler-shift,Limosa limosa,"123434",Amalia,Continental black-tailed godwits (data from Senner et al. 2015)
"623000618",true,2013/05/03,5.671,53.115,,43,-133,401.6739093,"8",53.115,53.115,B,5.671,5.671,"2","0","3",124,"7","37","2","9",argos-doppler-shift,Limosa limosa,"123434",Amalia,Continental black-tailed godwits (data from Senner et al. 2015)
"623000619",true,2013/05/03,5.642,53.117,,43,-123,401.6739259,"50",53.117,53.117,"1",5.642,5.642,"4","0","3",264,"7","37","0","1",argos-doppler-shift,Limosa limosa,"123434",Amalia,Continental black-tailed godwits (data from Senner et al. 2015)
"623000620",true,2013/05/03,5.676,53.118,,43,-120,401.6739065,"8",53.118,53.118,B,5.676,5.676,"1","0","3",0,"167","192","2","58",argos-doppler-shift,Limosa limosa,"123434",Amalia,Continental black-tailed godwits (data from Senner et al. 2015)
"623000621",true,2013/05/03,5.662,53.119,,43,-122,401.6739196,"58",53.119,53.119,"1",5.662,5.662,"4","0","3",186,"154","188","2","0",argos-doppler-shift,Limosa limosa,"123434",Amalia,Continental black-tailed godwits (data from Senner et al. 2015)
"623000622",true,2013/05/03,5.662,53.119,,43,-129,401.6739198,"0",53.119,53.119,B,5.662,5.662,"1","0","3",0,"154","188","2","0",argos-doppler-shift,Limosa limosa,"123434",Amalia,Continental black-tailed godwits (data from Senner et al. 2015)
"623000623",true,2013/05/03,5.652,53.12,,43,-120,401.673915,"58",53.12,53.12,"2",5.652,5.652,"4","0","3",252,"166","184","1","28",argos-doppler-shift,Limosa limosa,"123434",Amalia,Continental black-tailed godwits (data from Senner et al. 2015)
"623000624",true,2013/05/03,5.674,53.121,,43,-122,401.6739169,"0",53.121,53.121,A,5.674,5.674,"3","0","3",187,"10","37","0","1",argos-doppler-shift,Limosa limosa,"123434",Amalia,Continental black-tailed godwits (data from Senner et al. 2015)
"623000625",true,2013/05/05,5.663,53.123,,43,-125,401.6739136,"50",53.123,53.123,"2",5.663,5.663,"4","0","3",295,"1","38","0","1",argos-doppler-shift,Limosa limosa,"123434",Amalia,Continental black-tailed godwits (data from Senner et al. 2015)
"623000626",true,2013/05/05,5.662,53.124,,43,-128,401.6739195,"8",53.124,53.124,A,5.662,5.662,"3","0","3",123,"3","38","0","1",argos-doppler-shift,Limosa limosa,"123434",Amalia,Continental black-tailed godwits (data from Senner et al. 2015)
"623000627",true,2013/05/05,5.661,53.126,,43,-130,401.6739268,"58",53.126,53.126,"3",5.661,5.661,"5","0","3",303,"144","180","2","48",argos-doppler-shift,Limosa limosa,"123434",Amalia,Continental black-tailed godwits (data from Senner et al. 2015)
"623000628",true,2013/05/05,5.664,53.124,,43,-130,401.673925,"8",53.124,53.124,B,5.664,5.664,"1","0","3",0,"145","176","3","48",argos-doppler-shift,Limosa limosa,"123434",Amalia,Continental black-tailed godwits (data from Senner et al. 2015)
"623000629",true,2013/05/05,5.667,53.123,,43,-128,401.6739238,"8",53.123,53.123,B,5.667,5.667,"2","0","3",61,"147","176","2","48",argos-doppler-shift,Limosa limosa,"123434",Amalia,Continental black-tailed godwits (data from Senner et al. 2015)
"623000630",true,2013/05/05,5.662,53.123,,43,-121,401.6739247,"8",53.123,53.123,A,5.662,5.662,"3","0","3",243,"6","34","0","1",argos-doppler-shift,Limosa limosa,"123434",Amalia,Continental black-tailed godwits (data from Senner et al. 2015)
"623000631",true,2013/05/08,5.664,53.122,,43,-132,401.6739192,"50",53.122,53.122,"2",5.664,5.664,"4","0","3",184,"156","192","3","50",argos-doppler-shift,Limosa limosa,"123434",Amalia,Continental black-tailed godwits (data from Senner et al. 2015)
"623000632",false,2013/05/08,,,true,0,,401.65,"0",,,Z,,,"2",,,62,"2","39","0","1",argos-doppler-shift,Limosa limosa,"123434",Amalia,Continental black-tailed godwits (data from Senner et al. 2015)
"623000633",true,2013/05/08,5.663,53.123,,43,-121,401.6739181,"58",53.123,53.123,"3",5.663,5.663,"7","0","3",433,"157","184","1","50",argos-doppler-shift,Limosa limosa,"123434",Amalia,Continental black-tailed godwits (data from Senner et al. 2015)
"623000634",true,2013/05/08,5.663,53.123,,43,-138,401.6739182,"0",53.123,53.123,B,5.663,5.663,"1","0","3",0,"156","184","1","54",argos-doppler-shift,Limosa limosa,"123434",Amalia,Continental black-tailed godwits (data from Senner et al. 2015)
"623000635",true,2013/05/08,5.664,53.122,,43,-118,401.673916,"50",53.122,53.122,"3",5.664,5.664,"8","2","3",437,"3","39","0","1",argos-doppler-shift,Limosa limosa,"123434",Amalia,Continental black-tailed godwits (data from Senner et al. 2015)
"623000636",false,2013/05/08,,,true,0,,401.65,"0",,,Z,,,"2",,,59,"160","180","2","6",argos-doppler-shift,Limosa limosa,"123434",Amalia,Continental black-tailed godwits (data from Senner et al. 2015)
"623000637",true,2013/05/08,5.662,53.121,,43,-136,401.6739186,"8",53.121,53.121,B,5.662,5.662,"2","0","3",292,"152","176","2","11",argos-doppler-shift,Limosa limosa,"123434",Amalia,Continental black-tailed godwits (data from Senner et al. 2015)
